2026-05-11 08:47:06,376 - INFO - [scraper.google_maps_scraper] - Starting scrape: 'accountants in manhattan' (max: 3)
2026-05-11 08:48:01,006 - ERROR - [scraper.google_maps_scraper] - Critical scraping error: Timeout 30000ms exceeded.
2026-05-11 08:48:01,083 - INFO - [scraper.google_maps_scraper] - Scrape completed. Total records: 0
2026-05-11 08:53:23,480 - INFO - [scraper.google_maps_scraper] - Starting scrape: 'accountants in manhattan' (max: 3)
2026-05-11 08:54:08,635 - ERROR - [scraper.google_maps_scraper] - Critical scraping error: Timeout 30000ms exceeded.
2026-05-11 08:54:08,708 - INFO - [scraper.google_maps_scraper] - Scrape completed. Total records: 0
2026-05-11 09:02:44,285 - INFO - [scraper.google_maps_scraper] - Starting scrape: 'accountants in manhattan' (max: 3)
2026-05-11 09:03:27,996 - ERROR - [scraper.google_maps_scraper] - Critical scraping error: Timeout 30000ms exceeded.
2026-05-11 09:03:28,075 - INFO - [scraper.google_maps_scraper] - Scrape completed. Total records: 0
2026-05-11 22:06:42,822 - INFO - [scraper.google_maps_scraper] - Starting scrape: 'accountants in manhattan' (max: 3)
2026-05-11 22:07:49,937 - ERROR - [scraper.google_maps_scraper] - Critical scraping error: Timeout 30000ms exceeded.
2026-05-11 22:07:50,136 - INFO - [scraper.google_maps_scraper] - Scrape completed. Total records: 0
2026-05-11 22:19:00,215 - INFO - [scraper.google_maps_scraper] - Starting scrape: 'accountants in manhattan' (max: 3)
2026-05-11 22:20:37,998 - ERROR - [scraper.google_maps_scraper] - Critical scraping error: Timeout 30000ms exceeded.
2026-05-11 22:20:38,951 - INFO - [scraper.google_maps_scraper] - Scrape completed. Total records: 0
2026-05-11 22:31:33,185 - INFO - [scraper.google_maps_scraper] - Starting scrape: 'accountants in manhattan' (max: 3)
2026-05-11 22:32:18,039 - ERROR - [scraper.google_maps_scraper] - Critical scraping error: Timeout 30000ms exceeded.
2026-05-11 22:32:18,534 - INFO - [scraper.google_maps_scraper] - Scrape completed. Total records: 0
2026-05-15 20:50:00,314 - INFO - [scraper.google_maps_scraper] - Starting scrape: 'accountants in manhattan' (max: 3)
2026-05-15 20:51:46,283 - ERROR - [scraper.google_maps_scraper] - Critical scraping error: Timeout 30000ms exceeded.
2026-05-15 20:51:47,245 - INFO - [scraper.google_maps_scraper] - Scrape completed. Total records: 0
2026-05-15 20:52:11,734 - INFO - [scraper.google_maps_scraper] - Starting scrape: 'plumbers in London' (max: 2)
2026-05-15 20:52:59,874 - ERROR - [scraper.google_maps_scraper] - Critical scraping error: Timeout 30000ms exceeded.
2026-05-15 20:52:59,956 - INFO - [scraper.google_maps_scraper] - Scrape completed. Total records: 0
2026-05-15 20:53:17,672 - INFO - [scraper.google_maps_scraper] - Starting scrape: 'plumbers in London' (max: 2)
2026-05-15 20:53:40,458 - ERROR - [scraper.google_maps_scraper] - Critical scraping error: Timeout 10000ms exceeded.
2026-05-15 20:53:40,546 - INFO - [scraper.google_maps_scraper] - Scrape completed. Total records: 0
2026-05-15 20:54:13,362 - INFO - [scraper.google_maps_scraper] - Starting scrape: 'plumbers in London' (max: 2)
2026-05-15 20:54:58,520 - ERROR - [scraper.google_maps_scraper] - Failed to find or fill search input: Timeout 30000ms exceeded.
2026-05-15 20:55:30,953 - INFO - [scraper.google_maps_scraper] - Starting scrape: 'plumbers in London' (max: 2)
2026-05-15 20:55:46,200 - INFO - [scraper.google_maps_scraper] - Search query 'plumbers in London' submitted.
2026-05-15 20:55:58,569 - INFO - [scraper.google_maps_scraper] - Extracted (1/2): Pimlico Plumbers
2026-05-15 20:56:00,801 - INFO - [scraper.google_maps_scraper] - Extracted (2/2): Aza & Sons Services Domestic & Commercial Plumber, Gas Engineer & Ac Engineer In London Ltd
2026-05-15 20:56:04,508 - INFO - [scraper.google_maps_scraper] - Saved 2 records to CSV: data/raw/gmaps_plumbers_in_London_1778878530.csv
2026-05-15 20:56:04,508 - INFO - [scraper.google_maps_scraper] - Scrape completed. Total records: 2
2026-05-15 23:35:17,368 - INFO - [scraper.google_maps_scraper] - Starting scrape: 'accountants in manhattan' (max: 3)
2026-05-15 23:36:21,991 - INFO - [scraper.google_maps_scraper] - Search query 'accountants in manhattan' submitted.
2026-05-15 23:36:34,535 - INFO - [scraper.google_maps_scraper] - Extracted (1/3): George Dimov CPA
2026-05-15 23:36:36,781 - INFO - [scraper.google_maps_scraper] - Extracted (2/3): Miller & Company LLP: CPA of NYC
2026-05-15 23:36:39,066 - INFO - [scraper.google_maps_scraper] - Extracted (3/3): CHAN & COMPANY LLC
2026-05-15 23:36:44,385 - INFO - [scraper.google_maps_scraper] - Saved 3 records to CSV: data/raw/gmaps_accountants_in_manhattan_1778888117.csv
2026-05-15 23:36:44,386 - INFO - [scraper.google_maps_scraper] - Scrape completed. Total records: 3
2026-05-15 23:37:05,605 - INFO - [scraper.google_maps_scraper] - Starting scrape: 'accountants in manhattan' (max: 3)
2026-05-15 23:37:24,443 - INFO - [scraper.google_maps_scraper] - Search query 'accountants in manhattan' submitted.
2026-05-15 23:37:36,809 - INFO - [scraper.google_maps_scraper] - Extracted (1/3): George Dimov CPA
2026-05-15 23:37:39,097 - INFO - [scraper.google_maps_scraper] - Extracted (2/3): Miller & Company LLP: CPA of NYC
2026-05-15 23:37:41,392 - INFO - [scraper.google_maps_scraper] - Extracted (3/3): CHAN & COMPANY LLC
2026-05-15 23:37:46,365 - INFO - [scraper.google_maps_scraper] - Saved 3 records to CSV: data/raw/gmaps_accountants_in_manhattan_1778888225.csv
2026-05-15 23:37:46,366 - INFO - [scraper.google_maps_scraper] - Scrape completed. Total records: 3
2026-05-15 23:41:06,082 - INFO - [scraper.google_maps_scraper] - Starting scrape: 'Bakery in Trivandrum' (max: 3)
2026-05-15 23:41:21,419 - INFO - [scraper.google_maps_scraper] - Search query 'Bakery in Trivandrum' submitted.
2026-05-15 23:41:33,699 - INFO - [scraper.google_maps_scraper] - Extracted (1/3): Supreme Bakers
2026-05-15 23:41:35,984 - INFO - [scraper.google_maps_scraper] - Extracted (2/3): Ambrosia ( a classic bakehouse)
2026-05-15 23:41:38,237 - INFO - [scraper.google_maps_scraper] - Extracted (3/3): The Muffin House
2026-05-15 23:41:43,181 - INFO - [scraper.google_maps_scraper] - Saved 3 records to CSV: data/raw/gmaps_Bakery_in_Trivandrum_1778888466.csv
2026-05-15 23:41:43,181 - INFO - [scraper.google_maps_scraper] - Scrape completed. Total records: 3
2026-05-16 00:09:27,629 - INFO - [scraper.google_maps_scraper] - Starting scrape: 'gyms in Thiruvananthapuram, Kerala, India' (max: 5)
2026-05-16 00:10:32,153 - INFO - [scraper.google_maps_scraper] - Search query 'gyms in Thiruvananthapuram, Kerala, India' submitted.
2026-05-16 00:10:44,506 - INFO - [scraper.google_maps_scraper] - Extracted (1/5): Jones Gym Trivandrum
2026-05-16 00:10:47,597 - INFO - [scraper.google_maps_scraper] - Extracted (2/5): Lifetime Unisex Gym
2026-05-16 00:10:50,022 - INFO - [scraper.google_maps_scraper] - Extracted (3/5): Spartan fitness
2026-05-16 00:10:52,459 - INFO - [scraper.google_maps_scraper] - Extracted (4/5): Lion Gym Vazhuthacaud
2026-05-16 00:10:54,891 - INFO - [scraper.google_maps_scraper] - Extracted (5/5): Liger Gym
2026-05-16 00:10:54,916 - INFO - [scraper.google_maps_scraper] - Saved 5 records to CSV: data/raw/gmaps_gyms_in_Thiruvananthapuram,_Kerala,_India_1778890167.csv
2026-05-16 00:10:59,922 - INFO - [scraper.google_maps_scraper] - Saved 5 records to CSV: data/raw/gmaps_gyms_in_Thiruvananthapuram,_Kerala,_India_1778890167.csv
2026-05-16 00:10:59,923 - INFO - [scraper.google_maps_scraper] - Scrape completed. Total records: 5
2026-05-16 01:02:01,041 - INFO - [scraper.connectors.public_web.google_maps] - Starting scrape: 'Gyms in Trivandrum' (max: 1)
2026-05-16 01:03:07,511 - INFO - [scraper.connectors.public_web.google_maps] - Search query 'Gyms in Trivandrum' submitted.
2026-05-16 01:03:20,653 - INFO - [scraper.connectors.public_web.google_maps] - Extracted (1/1): Jones Gym Trivandrum
2026-05-16 01:03:25,126 - INFO - [scraper.connectors.public_web.google_maps] - Saved 1 records to CSV: data/raw/gmaps_Gyms_in_Trivandrum_1778893321.csv
2026-05-16 01:03:25,127 - INFO - [scraper.connectors.public_web.google_maps] - Scrape completed. Total records: 1
2026-05-16 01:08:24,512 - INFO - [scraper.connectors.public_web.google_maps] - Starting scrape: 'all in Thiruvananthapuram, Kerala, India' (max: 5)
2026-05-16 01:08:39,892 - INFO - [scraper.connectors.public_web.google_maps] - Search query 'all in Thiruvananthapuram, Kerala, India' submitted.
2026-05-16 01:08:44,102 - ERROR - [scraper.connectors.public_web.google_maps] - Critical scraping error: Target page, context or browser has been closed
2026-05-16 01:08:48,027 - INFO - [scraper.connectors.public_web.google_maps] - Scrape completed. Total records: 0
2026-05-16 01:08:56,997 - INFO - [scraper.connectors.public_web.google_maps] - Starting scrape: 'businesses in Thiruvananthapuram, Kerala, India' (max: 5)
2026-05-16 01:09:11,848 - INFO - [scraper.connectors.public_web.google_maps] - Search query 'businesses in Thiruvananthapuram, Kerala, India' submitted.
2026-05-16 01:09:25,081 - INFO - [scraper.connectors.public_web.google_maps] - Extracted (1/5): MACS Edge | Company Registration in Thiruvananthapuram | Startup Registration | GST Registration | Trademark | Accounting
2026-05-16 01:09:27,552 - INFO - [scraper.connectors.public_web.google_maps] - Extracted (2/5): Kerala Business Group
2026-05-16 01:09:29,848 - INFO - [scraper.connectors.public_web.google_maps] - Extracted (3/5): BIZPOLE TRIVANDRUM
2026-05-16 01:09:32,087 - INFO - [scraper.connectors.public_web.google_maps] - Extracted (4/5): ECS Business Solutions PVT LTD
2026-05-16 01:09:34,352 - INFO - [scraper.connectors.public_web.google_maps] - Extracted (5/5): Btalks Innovations Private Limited
2026-05-16 01:09:34,353 - INFO - [scraper.connectors.public_web.google_maps] - Saved 5 records to CSV: data/raw/gmaps_businesses_in_Thiruvananthapuram,_Kerala,_India_1778893736.csv
2026-05-16 01:09:38,598 - INFO - [scraper.connectors.public_web.google_maps] - Saved 5 records to CSV: data/raw/gmaps_businesses_in_Thiruvananthapuram,_Kerala,_India_1778893736.csv
2026-05-16 01:09:38,599 - INFO - [scraper.connectors.public_web.google_maps] - Scrape completed. Total records: 5
2026-05-16 01:19:09,472 - INFO - [scraper.connectors.public_web.google_maps] - Starting scrape: 'businesses in Thiruvananthapuram, Kerala, India' (max: 5)
2026-05-16 01:19:27,677 - INFO - [scraper.connectors.public_web.google_maps] - Search query 'businesses in Thiruvananthapuram, Kerala, India' submitted.
2026-05-16 01:19:40,389 - INFO - [scraper.connectors.public_web.google_maps] - Extracted (1/5): MACS Edge | Company Registration in Thiruvananthapuram | Startup Registration | GST Registration | Trademark | Accounting
2026-05-16 01:19:42,656 - INFO - [scraper.connectors.public_web.google_maps] - Extracted (2/5): Kerala Business Group
2026-05-16 01:19:44,892 - INFO - [scraper.connectors.public_web.google_maps] - Extracted (3/5): BIZPOLE TRIVANDRUM
2026-05-16 01:19:47,112 - INFO - [scraper.connectors.public_web.google_maps] - Extracted (4/5): ECS Business Solutions PVT LTD
2026-05-16 01:19:50,148 - INFO - [scraper.connectors.public_web.google_maps] - Extracted (5/5): BRAND PROFILE
2026-05-16 01:19:50,148 - INFO - [scraper.connectors.public_web.google_maps] - Saved 5 records to CSV: data/raw/gmaps_businesses_in_Thiruvananthapuram,_Kerala,_India_1778894349.csv
2026-05-16 01:19:54,323 - INFO - [scraper.connectors.public_web.google_maps] - Saved 5 records to CSV: data/raw/gmaps_businesses_in_Thiruvananthapuram,_Kerala,_India_1778894349.csv
2026-05-16 01:19:54,324 - INFO - [scraper.connectors.public_web.google_maps] - Scrape completed. Total records: 5
2026-05-16 01:20:37,655 - INFO - [scraper.connectors.public_web.google_maps] - Starting scrape: 'businesses in Thiruvananthapuram, Kerala, India' (max: 5)
2026-05-16 01:20:53,052 - INFO - [scraper.connectors.public_web.google_maps] - Search query 'businesses in Thiruvananthapuram, Kerala, India' submitted.
2026-05-16 01:21:06,030 - INFO - [scraper.connectors.public_web.google_maps] - Extracted (1/5): MACS Edge | Company Registration in Thiruvananthapuram | Startup Registration | GST Registration | Trademark | Accounting
2026-05-16 01:21:08,320 - INFO - [scraper.connectors.public_web.google_maps] - Extracted (2/5): Kerala Business Group
2026-05-16 01:21:10,577 - INFO - [scraper.connectors.public_web.google_maps] - Extracted (3/5): BIZPOLE TRIVANDRUM
2026-05-16 01:21:12,799 - INFO - [scraper.connectors.public_web.google_maps] - Extracted (4/5): ECS Business Solutions PVT LTD
2026-05-16 01:21:15,039 - INFO - [scraper.connectors.public_web.google_maps] - Extracted (5/5): BRAND PROFILE
2026-05-16 01:21:15,040 - INFO - [scraper.connectors.public_web.google_maps] - Saved 5 records to CSV: data/raw/gmaps_businesses_in_Thiruvananthapuram,_Kerala,_India_1778894437.csv
2026-05-16 01:21:19,178 - INFO - [scraper.connectors.public_web.google_maps] - Saved 5 records to CSV: data/raw/gmaps_businesses_in_Thiruvananthapuram,_Kerala,_India_1778894437.csv
2026-05-16 01:21:19,178 - INFO - [scraper.connectors.public_web.google_maps] - Scrape completed. Total records: 5
2026-05-16 02:03:43,509 - INFO - [scraper.connectors.public_web.google_maps] - Starting scrape: 'companies in Thiruvananthapuram, kerala, India' (max: 100)
2026-05-16 02:03:47,985 - INFO - [scraper.connectors.public_web.google_maps] - Starting scrape: 'companies in Thiruvananthapuram, kerala, India' (max: 100)
2026-05-16 02:04:17,696 - INFO - [scraper.connectors.public_web.google_maps] - Starting scrape: 'companies in Thiruvananthapuram, kerala, India' (max: 3)
2026-05-16 02:04:41,331 - INFO - [scraper.connectors.public_web.google_maps] - Starting scrape: 'shops in Thiruvananthapuram, kerala, India' (max: 3)
2026-05-16 02:04:41,331 - INFO - [scraper.connectors.public_web.google_maps] - Starting scrape: 'shops in Thiruvananthapuram, kerala, India' (max: 100)
2026-05-16 02:04:41,331 - INFO - [scraper.connectors.public_web.google_maps] - Starting scrape: 'shops in Thiruvananthapuram, kerala, India' (max: 100)
2026-05-16 02:04:46,869 - INFO - [scraper.connectors.public_web.google_maps] - Starting scrape: 'companies in Thiruvananthapuram, kerala, India' (max: 3)
2026-05-16 02:05:08,603 - INFO - [scraper.connectors.public_web.google_maps] - Starting scrape: 'hospitals in Thiruvananthapuram, kerala, India' (max: 100)
2026-05-16 02:05:15,868 - ERROR - [scraper.connectors.public_web.google_maps] - Critical scraping error: Target page, context or browser has been closed
2026-05-16 02:05:21,716 - ERROR - [scraper.connectors.public_web.google_maps] - Failed to find or fill search input: Target page, context or browser has been closed
2026-05-16 02:05:21,718 - ERROR - [scraper.connectors.public_web.google_maps] - Critical scraping error: Target page, context or browser has been closed
2026-05-16 02:05:26,167 - ERROR - [scraper.connectors.public_web.google_maps] - Critical scraping error: Target page, context or browser has been closed
2026-05-16 02:05:29,285 - ERROR - [scraper.connectors.public_web.google_maps] - Failed to find or fill search input: Target page, context or browser has been closed
2026-05-16 02:05:29,287 - ERROR - [scraper.connectors.public_web.google_maps] - Critical scraping error: Target page, context or browser has been closed
2026-05-16 02:05:31,325 - INFO - [scraper.connectors.public_web.google_maps] - Scrape completed. Total records: 0
2026-05-16 02:05:31,325 - INFO - [scraper.connectors.public_web.google_maps] - Starting scrape: 'hospitals in Thiruvananthapuram, kerala, India' (max: 100)
2026-05-16 02:05:31,479 - INFO - [scraper.connectors.public_web.google_maps] - Scrape completed. Total records: 0
2026-05-16 02:05:31,479 - INFO - [scraper.connectors.public_web.google_maps] - Starting scrape: 'hospitals in Thiruvananthapuram, kerala, India' (max: 3)
2026-05-16 02:05:35,337 - INFO - [scraper.connectors.public_web.google_maps] - Scrape completed. Total records: 0
2026-05-16 02:05:35,338 - INFO - [scraper.connectors.public_web.google_maps] - Starting scrape: 'shops in Thiruvananthapuram, kerala, India' (max: 3)
2026-05-16 02:05:35,419 - INFO - [scraper.connectors.public_web.google_maps] - Scrape completed. Total records: 0
2026-05-16 02:05:35,420 - INFO - [scraper.connectors.public_web.google_maps] - Starting scrape: 'clinics in Thiruvananthapuram, kerala, India' (max: 100)
2026-05-16 02:06:00,086 - INFO - [scraper.connectors.public_web.google_maps] - Search query 'hospitals in Thiruvananthapuram, kerala, India' submitted.
2026-05-16 02:06:07,673 - INFO - [scraper.connectors.public_web.google_maps] - Search query 'hospitals in Thiruvananthapuram, kerala, India' submitted.
2026-05-16 02:06:13,270 - INFO - [scraper.connectors.public_web.google_maps] - Search query 'clinics in Thiruvananthapuram, kerala, India' submitted.
2026-05-16 02:06:13,405 - INFO - [scraper.connectors.public_web.google_maps] - Search query 'shops in Thiruvananthapuram, kerala, India' submitted.
2026-05-16 02:06:14,171 - INFO - [scraper.connectors.public_web.google_maps] - Extracted (1/3): SP Medifort Hospital
2026-05-16 02:06:16,768 - INFO - [scraper.connectors.public_web.google_maps] - Extracted (2/3): Sree Uthradom Thirunal (SUT) Hospital
2026-05-16 02:06:19,237 - INFO - [scraper.connectors.public_web.google_maps] - Extracted (3/3): GG Hospital
2026-05-16 02:06:20,181 - INFO - [scraper.connectors.public_web.google_maps] - Extracted (1/100): SP Medifort Hospital
2026-05-16 02:06:22,571 - INFO - [scraper.connectors.public_web.google_maps] - Extracted (2/100): Sree Uthradom Thirunal (SUT) Hospital
2026-05-16 02:06:23,290 - WARNING - [scraper.connectors.public_web.google_maps] - Scrolling issue: Target page, context or browser has been closed
2026-05-16 02:06:23,295 - ERROR - [scraper.connectors.public_web.google_maps] - Critical scraping error: Target page, context or browser has been closed
2026-05-16 02:06:23,764 - INFO - [scraper.connectors.public_web.google_maps] - Saved 3 records to CSV: data/raw/gmaps_hospitals_in_Thiruvananthapuram,_kerala,_India_1778897131.csv
2026-05-16 02:06:23,764 - INFO - [scraper.connectors.public_web.google_maps] - Scrape completed. Total records: 3
2026-05-16 02:06:23,929 - INFO - [scraper.connectors.public_web.google_maps] - Saved 2 records to CSV: data/raw/gmaps_hospitals_in_Thiruvananthapuram,_kerala,_India_1778897131.csv
2026-05-16 02:06:23,930 - INFO - [scraper.connectors.public_web.google_maps] - Scrape completed. Total records: 2
2026-05-16 02:06:25,221 - INFO - [scraper.connectors.public_web.google_maps] - Starting scrape: 'clinics in Thiruvananthapuram, kerala, India' (max: 100)
2026-05-16 02:06:25,337 - INFO - [scraper.connectors.public_web.google_maps] - Starting scrape: 'clinics in Thiruvananthapuram, kerala, India' (max: 3)
2026-05-16 02:06:25,688 - ERROR - [scraper.connectors.public_web.google_maps] - Critical scraping error: Target page, context or browser has been closed
2026-05-16 02:06:25,763 - INFO - [scraper.connectors.public_web.google_maps] - No new listings found in view. Scroll attempt 1/5...
2026-05-16 02:06:25,769 - WARNING - [scraper.connectors.public_web.google_maps] - Scrolling issue: Target page, context or browser has been closed
2026-05-16 02:06:25,773 - ERROR - [scraper.connectors.public_web.google_maps] - Critical scraping error: Target page, context or browser has been closed
2026-05-16 02:06:27,403 - INFO - [scraper.connectors.public_web.google_maps] - Scrape completed. Total records: 0
2026-05-16 02:06:27,404 - INFO - [scraper.connectors.public_web.google_maps] - Starting scrape: 'hospitals in Thiruvananthapuram, kerala, India' (max: 3)
2026-05-16 02:06:27,680 - INFO - [scraper.connectors.public_web.google_maps] - Scrape completed. Total records: 0
2026-05-16 02:06:27,680 - INFO - [scraper.connectors.public_web.google_maps] - Starting scrape: 'restaurants in Thiruvananthapuram, kerala, India' (max: 100)
2026-05-16 02:07:02,789 - INFO - [scraper.connectors.public_web.google_maps] - Search query 'clinics in Thiruvananthapuram, kerala, India' submitted.
2026-05-16 02:07:12,238 - INFO - [scraper.connectors.public_web.google_maps] - Search query 'hospitals in Thiruvananthapuram, kerala, India' submitted.
2026-05-16 02:07:13,176 - INFO - [scraper.connectors.public_web.google_maps] - Search query 'clinics in Thiruvananthapuram, kerala, India' submitted.
2026-05-16 02:07:13,196 - INFO - [scraper.connectors.public_web.google_maps] - Search query 'restaurants in Thiruvananthapuram, kerala, India' submitted.
2026-05-16 02:07:18,427 - INFO - [scraper.connectors.public_web.google_maps] - Extracted (1/100): Dr Anugra Baburaj Cosmetologist | Skin Care Clinic Trivandrum
2026-05-16 02:07:20,649 - INFO - [scraper.connectors.public_web.google_maps] - Extracted (2/100): Alpha Heal MG Road Trivandrum
2026-05-16 02:07:22,859 - INFO - [scraper.connectors.public_web.google_maps] - Extracted (3/100): Dr. Yogiraj Centre for Dermatology & Cosmetology Hair transplantation
2026-05-16 02:07:26,228 - INFO - [scraper.connectors.public_web.google_maps] - Extracted (4/100): Dr.Nathanis Diagnostic Clinic
2026-05-16 02:07:27,950 - INFO - [scraper.connectors.public_web.google_maps] - Extracted (1/3): Sree Uthradom Thirunal (SUT) Hospital
2026-05-16 02:07:29,218 - INFO - [scraper.connectors.public_web.google_maps] - Extracted (5/100): Dr Sai Ganesh Medical Centre - Trivandrum
2026-05-16 02:07:29,219 - INFO - [scraper.connectors.public_web.google_maps] - Saved 5 records to CSV: data/raw/gmaps_clinics_in_Thiruvananthapuram,_kerala,_India_1778897185.csv
2026-05-16 02:07:29,381 - INFO - [scraper.connectors.public_web.google_maps] - Extracted (1/100): Villa Maya
2026-05-16 02:07:33,017 - INFO - [scraper.connectors.public_web.google_maps] - Extracted (1/3): Alpha Heal MG Road Trivandrum
2026-05-16 02:07:36,889 - INFO - [scraper.connectors.public_web.google_maps] - Extracted (2/100): Aryaas Park Veg Restaurant
2026-05-16 02:07:39,103 - INFO - [scraper.connectors.public_web.google_maps] - Extracted (2/3): India Hospital
2026-05-16 02:07:39,769 - INFO - [scraper.connectors.public_web.google_maps] - Extracted (2/3): Chaithanya Eye Hospital & Research Institute
2026-05-16 02:07:40,494 - INFO - [scraper.connectors.public_web.google_maps] - Extracted (6/100): Therefore I'm Trivandrum - Best Skin, Body & Hair Clinic in Trivandrum
2026-05-16 02:07:43,281 - INFO - [scraper.connectors.public_web.google_maps] - Extracted (3/3): Ananthapuri Hospitals and Research Institute (AHRI)
2026-05-16 02:07:44,286 - INFO - [scraper.connectors.public_web.google_maps] - Extracted (3/100): Restaurant Chef Pillai Trivandrum
2026-05-16 02:07:47,782 - INFO - [scraper.connectors.public_web.google_maps] - Extracted (3/3): Therefore I'm Trivandrum - Best Skin, Body & Hair Clinic in Trivandrum
2026-05-16 02:07:50,911 - INFO - [scraper.connectors.public_web.google_maps] - Extracted (7/100): UpHeal.Clinic
2026-05-16 02:07:51,275 - INFO - [scraper.connectors.public_web.google_maps] - Saved 3 records to CSV: data/raw/gmaps_hospitals_in_Thiruvananthapuram,_kerala,_India_1778897187.csv
2026-05-16 02:07:51,275 - INFO - [scraper.connectors.public_web.google_maps] - Scrape completed. Total records: 3
2026-05-16 02:07:52,058 - INFO - [scraper.connectors.public_web.google_maps] - Starting scrape: 'clinics in Thiruvananthapuram, kerala, India' (max: 3)
2026-05-16 02:07:54,405 - INFO - [scraper.connectors.public_web.google_maps] - Saved 3 records to CSV: data/raw/gmaps_clinics_in_Thiruvananthapuram,_kerala,_India_1778897185.csv
2026-05-16 02:07:54,409 - INFO - [scraper.connectors.public_web.google_maps] - Scrape completed. Total records: 3
2026-05-16 02:07:54,886 - INFO - [scraper.connectors.public_web.google_maps] - Extracted (4/100): Cafe Jade - All Day Dining (24X7)
2026-05-16 02:07:56,810 - INFO - [scraper.connectors.public_web.google_maps] - Starting scrape: 'restaurants in Thiruvananthapuram, kerala, India' (max: 3)
2026-05-16 02:08:11,506 - INFO - [scraper.connectors.public_web.google_maps] - Extracted (8/100): VSSC Poly Clinic
2026-05-16 02:08:15,830 - INFO - [scraper.connectors.public_web.google_maps] - Search query 'restaurants in Thiruvananthapuram, kerala, India' submitted.
2026-05-16 02:08:18,754 - INFO - [scraper.connectors.public_web.google_maps] - Extracted (9/100): SP Medifort Hospital
2026-05-16 02:08:27,097 - INFO - [scraper.connectors.public_web.google_maps] - Extracted (5/100): Imperial Kitchen Venpalavattom
2026-05-16 02:08:27,097 - INFO - [scraper.connectors.public_web.google_maps] - Saved 5 records to CSV: data/raw/gmaps_restaurants_in_Thiruvananthapuram,_kerala,_India_1778897187.csv
2026-05-16 02:08:32,805 - INFO - [scraper.connectors.public_web.google_maps] - Extracted (6/100): The Olive Restaurant
2026-05-16 02:08:39,356 - INFO - [scraper.connectors.public_web.google_maps] - Search query 'clinics in Thiruvananthapuram, kerala, India' submitted.
2026-05-16 02:08:42,823 - INFO - [scraper.connectors.public_web.google_maps] - Extracted (10/100): Clinic
2026-05-16 02:08:42,851 - INFO - [scraper.connectors.public_web.google_maps] - Saved 10 records to CSV: data/raw/gmaps_clinics_in_Thiruvananthapuram,_kerala,_India_1778897185.csv
2026-05-16 02:08:48,676 - INFO - [scraper.connectors.public_web.google_maps] - Extracted (11/100): WowFactor MediCosmetic Skin & Laser Centre
2026-05-16 02:08:58,037 - INFO - [scraper.connectors.public_web.google_maps] - Extracted (1/3): Aryaas Park Veg Restaurant
2026-05-16 02:09:02,589 - INFO - [scraper.connectors.public_web.google_maps] - Extracted (1/3): Dr. Yogiraj Centre for Dermatology & Cosmetology Hair transplantation
2026-05-16 02:09:04,144 - INFO - [scraper.connectors.public_web.google_maps] - Extracted (2/3): Restaurant Chef Pillai Trivandrum
2026-05-16 02:09:05,021 - INFO - [scraper.connectors.public_web.google_maps] - Extracted (2/3): Dr.Nathanis Diagnostic Clinic
2026-05-16 02:09:07,289 - INFO - [scraper.connectors.public_web.google_maps] - Extracted (3/3): Therefore I'm Trivandrum - Best Skin, Body & Hair Clinic in Trivandrum
2026-05-16 02:09:16,464 - INFO - [scraper.connectors.public_web.google_maps] - Extracted (7/100): Zam Zam Restaurant
2026-05-16 02:09:19,800 - INFO - [scraper.connectors.public_web.google_maps] - Extracted (3/3): Cafe Jade - All Day Dining (24X7)
2026-05-16 02:09:21,526 - INFO - [scraper.connectors.public_web.google_maps] - Extracted (8/100): Azad Restaurant at Over Bridge
2026-05-16 02:09:23,238 - INFO - [scraper.connectors.public_web.google_maps] - Extracted (12/100): Chaithanya Eye Hospital & Research Institute
2026-05-16 02:09:26,101 - INFO - [scraper.connectors.public_web.google_maps] - Saved 3 records to CSV: data/raw/gmaps_clinics_in_Thiruvananthapuram,_kerala,_India_1778897272.csv
2026-05-16 02:09:26,101 - INFO - [scraper.connectors.public_web.google_maps] - Scrape completed. Total records: 3
2026-05-16 02:09:26,915 - INFO - [scraper.connectors.public_web.google_maps] - Saved 3 records to CSV: data/raw/gmaps_restaurants_in_Thiruvananthapuram,_kerala,_India_1778897276.csv
2026-05-16 02:09:26,916 - INFO - [scraper.connectors.public_web.google_maps] - Scrape completed. Total records: 3
2026-05-16 02:09:31,212 - INFO - [scraper.connectors.public_web.google_maps] - Extracted (9/100): Pankayam
2026-05-16 02:09:32,683 - INFO - [scraper.connectors.public_web.google_maps] - Starting scrape: 'restaurants in Thiruvananthapuram, kerala, India' (max: 3)
2026-05-16 02:09:33,261 - INFO - [scraper.connectors.public_web.google_maps] - Starting scrape: 'retail stores in Thiruvananthapuram, kerala, India' (max: 3)
2026-05-16 02:09:33,781 - INFO - [scraper.connectors.public_web.google_maps] - Extracted (10/100): Longtime
2026-05-16 02:09:33,782 - INFO - [scraper.connectors.public_web.google_maps] - Saved 10 records to CSV: data/raw/gmaps_restaurants_in_Thiruvananthapuram,_kerala,_India_1778897187.csv
2026-05-16 02:09:39,541 - INFO - [scraper.connectors.public_web.google_maps] - Extracted (13/100): SPOTLESS SKIN & HAIR CLINIC
2026-05-16 02:09:41,341 - INFO - [scraper.connectors.public_web.google_maps] - Extracted (11/100): Imperial Kitchen Kowdiar
2026-05-16 02:09:42,121 - INFO - [scraper.connectors.public_web.google_maps] - Extracted (14/100): Ageless Skin Clinic
2026-05-16 02:10:02,715 - INFO - [scraper.connectors.public_web.google_maps] - Extracted (15/100): Aeka Holistic Skin Clinic
2026-05-16 02:10:02,716 - INFO - [scraper.connectors.public_web.google_maps] - Saved 15 records to CSV: data/raw/gmaps_clinics_in_Thiruvananthapuram,_kerala,_India_1778897185.csv
2026-05-16 02:10:05,040 - INFO - [scraper.connectors.public_web.google_maps] - Extracted (16/100): Wellness Clinic
2026-05-16 02:10:07,390 - INFO - [scraper.connectors.public_web.google_maps] - Extracted (17/100): V Care Skin Clinic& Piles Centre
2026-05-16 02:10:13,309 - ERROR - [scraper.connectors.public_web.google_maps] - Critical scraping error: Timeout 30000ms exceeded.
2026-05-16 02:10:25,760 - INFO - [scraper.connectors.public_web.google_maps] - Search query 'restaurants in Thiruvananthapuram, kerala, India' submitted.
2026-05-16 02:10:26,622 - INFO - [scraper.connectors.public_web.google_maps] - Scrape completed. Total records: 0
2026-05-16 02:10:26,622 - INFO - [scraper.connectors.public_web.google_maps] - Starting scrape: 'agencies in Thiruvananthapuram, kerala, India' (max: 3)
2026-05-16 02:10:45,207 - INFO - [scraper.connectors.public_web.google_maps] - Extracted (1/3): Villa Maya
2026-05-16 02:10:47,504 - INFO - [scraper.connectors.public_web.google_maps] - Extracted (2/3): Paragon Restaurant
2026-05-16 02:10:52,025 - INFO - [scraper.connectors.public_web.google_maps] - Extracted (3/3): Aryaas Park Veg Restaurant
2026-05-16 02:10:57,924 - INFO - [scraper.connectors.public_web.google_maps] - Extracted (18/100): Cosmopolitan Hospital Pvt.Ltd
2026-05-16 02:11:00,272 - INFO - [scraper.connectors.public_web.google_maps] - Extracted (19/100): Clear Clinic - Best ENT Clinic in Trivandrum
2026-05-16 02:11:12,123 - INFO - [scraper.connectors.public_web.google_maps] - Extracted (12/100): Nadan Restaurant
2026-05-16 02:11:18,355 - INFO - [scraper.connectors.public_web.google_maps] - Search query 'agencies in Thiruvananthapuram, kerala, India' submitted.
2026-05-16 02:11:27,835 - INFO - [scraper.connectors.public_web.google_maps] - Saved 3 records to CSV: data/raw/gmaps_restaurants_in_Thiruvananthapuram,_kerala,_India_1778897372.csv
2026-05-16 02:11:27,836 - INFO - [scraper.connectors.public_web.google_maps] - Scrape completed. Total records: 3
2026-05-16 02:11:29,675 - INFO - [scraper.connectors.public_web.google_maps] - Extracted (13/100): Deyvee Restaurant
2026-05-16 02:11:29,782 - INFO - [scraper.connectors.public_web.google_maps] - Starting scrape: 'retail stores in Thiruvananthapuram, kerala, India' (max: 3)
2026-05-16 02:11:29,978 - INFO - [scraper.connectors.public_web.google_maps] - Extracted (20/100): SP Fort Hospital
2026-05-16 02:11:29,979 - INFO - [scraper.connectors.public_web.google_maps] - Saved 20 records to CSV: data/raw/gmaps_clinics_in_Thiruvananthapuram,_kerala,_India_1778897185.csv
2026-05-16 02:11:32,879 - INFO - [scraper.connectors.public_web.google_maps] - Extracted (21/100): Rainbow Speciality Clinics
2026-05-16 02:11:35,721 - INFO - [scraper.connectors.public_web.google_maps] - Extracted (1/3): Worldstar Enterprises, Trivandrum jobs
2026-05-16 02:11:38,532 - INFO - [scraper.connectors.public_web.google_maps] - Extracted (2/3): RCD HR SOLUTIONS
2026-05-16 02:11:53,808 - INFO - [scraper.connectors.public_web.google_maps] - Extracted (22/100): Serene Derma
2026-05-16 02:11:53,841 - INFO - [scraper.connectors.public_web.google_maps] - Extracted (3/3): Connecting2Work HR Solutions
2026-05-16 02:12:11,646 - INFO - [scraper.connectors.public_web.google_maps] - Extracted (14/100): Paragon Restaurant
2026-05-16 02:12:14,532 - INFO - [scraper.connectors.public_web.google_maps] - Saved 3 records to CSV: data/raw/gmaps_agencies_in_Thiruvananthapuram,_kerala,_India_1778897426.csv
2026-05-16 02:12:14,532 - INFO - [scraper.connectors.public_web.google_maps] - Scrape completed. Total records: 3
2026-05-16 02:12:17,962 - INFO - [scraper.connectors.public_web.google_maps] - Starting scrape: 'services in Thiruvananthapuram, kerala, India' (max: 3)
2026-05-16 02:12:17,989 - INFO - [scraper.connectors.public_web.google_maps] - Extracted (15/100): O Café
2026-05-16 02:12:17,990 - INFO - [scraper.connectors.public_web.google_maps] - Saved 15 records to CSV: data/raw/gmaps_restaurants_in_Thiruvananthapuram,_kerala,_India_1778897187.csv
2026-05-16 02:12:18,862 - INFO - [scraper.connectors.public_web.google_maps] - Search query 'retail stores in Thiruvananthapuram, kerala, India' submitted.
2026-05-16 02:12:33,571 - INFO - [scraper.connectors.public_web.google_maps] - Search query 'services in Thiruvananthapuram, kerala, India' submitted.
2026-05-16 02:12:51,720 - INFO - [scraper.connectors.public_web.google_maps] - Extracted (23/100): GG Hospital
2026-05-16 02:12:54,513 - ERROR - [scraper.connectors.public_web.google_maps] - Critical scraping error: Timeout 30000ms exceeded.
2026-05-16 02:13:04,074 - INFO - [scraper.connectors.public_web.google_maps] - Extracted (16/100): The Yellow Chilli
2026-05-16 02:13:06,893 - INFO - [scraper.connectors.public_web.google_maps] - Extracted (17/100): Plated Trivandrum
2026-05-16 02:13:07,244 - INFO - [scraper.connectors.public_web.google_maps] - Scrape completed. Total records: 0
2026-05-16 02:13:07,245 - INFO - [scraper.connectors.public_web.google_maps] - Starting scrape: 'agencies in Thiruvananthapuram, kerala, India' (max: 3)
2026-05-16 02:13:17,269 - INFO - [scraper.connectors.public_web.google_maps] - Extracted (1/3): AM Customer Service Point
2026-05-16 02:13:18,143 - INFO - [scraper.connectors.public_web.google_maps] - Extracted (18/100): Amrutam Vegetarian Restaurant
2026-05-16 02:13:22,717 - INFO - [scraper.connectors.public_web.google_maps] - Extracted (19/100): Lantern Grove Restaurant
2026-05-16 02:13:30,275 - INFO - [scraper.connectors.public_web.google_maps] - Extracted (2/3): My Secretary Services
2026-05-16 02:13:32,592 - INFO - [scraper.connectors.public_web.google_maps] - Extracted (3/3): Trinity Solutions- Sony Authorized Service Center, Trivandrum
2026-05-16 02:13:41,559 - INFO - [scraper.connectors.public_web.google_maps] - Extracted (24/100): Ananthapuri Hospitals and Research Institute (AHRI)
2026-05-16 02:13:43,970 - INFO - [scraper.connectors.public_web.google_maps] - Extracted (25/100): Karthika Clinic
2026-05-16 02:13:43,971 - INFO - [scraper.connectors.public_web.google_maps] - Saved 25 records to CSV: data/raw/gmaps_clinics_in_Thiruvananthapuram,_kerala,_India_1778897185.csv
2026-05-16 02:13:49,003 - INFO - [scraper.connectors.public_web.google_maps] - Search query 'agencies in Thiruvananthapuram, kerala, India' submitted.
2026-05-16 02:13:50,497 - INFO - [scraper.connectors.public_web.google_maps] - Extracted (26/100): Diabetes Care Centre
2026-05-16 02:13:50,660 - INFO - [scraper.connectors.public_web.google_maps] - Extracted (20/100): Alibaba & 41 Dishes - Trivandrum
2026-05-16 02:13:50,661 - INFO - [scraper.connectors.public_web.google_maps] - Saved 20 records to CSV: data/raw/gmaps_restaurants_in_Thiruvananthapuram,_kerala,_India_1778897187.csv
2026-05-16 02:14:09,130 - INFO - [scraper.connectors.public_web.google_maps] - Saved 3 records to CSV: data/raw/gmaps_services_in_Thiruvananthapuram,_kerala,_India_1778897537.csv
2026-05-16 02:14:09,131 - INFO - [scraper.connectors.public_web.google_maps] - Scrape completed. Total records: 3
2026-05-16 02:14:11,364 - INFO - [scraper.connectors.public_web.google_maps] - Starting scrape: 'factories in Thiruvananthapuram, kerala, India' (max: 3)
2026-05-16 02:14:11,403 - INFO - [scraper.connectors.public_web.google_maps] - Extracted (27/100): PRS Hospital
2026-05-16 02:14:17,584 - INFO - [scraper.connectors.public_web.google_maps] - Extracted (1/3): Worldstar Enterprises, Trivandrum jobs
2026-05-16 02:14:20,524 - INFO - [scraper.connectors.public_web.google_maps] - Extracted (2/3): RCD HR SOLUTIONS
2026-05-16 02:14:37,818 - INFO - [scraper.connectors.public_web.google_maps] - Extracted (3/3): Connecting2Work HR Solutions
2026-05-16 02:14:59,120 - INFO - [scraper.connectors.public_web.google_maps] - Saved 3 records to CSV: data/raw/gmaps_agencies_in_Thiruvananthapuram,_kerala,_India_1778897587.csv
2026-05-16 02:14:59,121 - INFO - [scraper.connectors.public_web.google_maps] - Scrape completed. Total records: 3
2026-05-16 02:15:01,613 - INFO - [scraper.connectors.public_web.google_maps] - Starting scrape: 'services in Thiruvananthapuram, kerala, India' (max: 3)
2026-05-16 02:15:04,708 - INFO - [scraper.connectors.public_web.google_maps] - Extracted (21/100): Bab Arabia
2026-05-16 02:15:06,844 - INFO - [scraper.connectors.public_web.google_maps] - Search query 'factories in Thiruvananthapuram, kerala, India' submitted.
2026-05-16 02:15:32,531 - INFO - [scraper.connectors.public_web.google_maps] - Extracted (1/3): MAHASREEVARI FOOD INDUSTRIES PRIVATE LIMITED
2026-05-16 02:15:34,864 - INFO - [scraper.connectors.public_web.google_maps] - Extracted (2/3): Dr. FOOD NUTRI INDUSTRIES
2026-05-16 02:15:37,067 - INFO - [scraper.connectors.public_web.google_maps] - Extracted (3/3): The India Cements Ltd
2026-05-16 02:15:52,022 - INFO - [scraper.connectors.public_web.google_maps] - Extracted (22/100): The Kanchipuram Cafe
2026-05-16 02:15:54,572 - INFO - [scraper.connectors.public_web.google_maps] - Extracted (23/100): Sree Arul Jyothi
2026-05-16 02:16:00,321 - INFO - [scraper.connectors.public_web.google_maps] - Extracted (24/100): Trivanz Food Court – Seafood Restaurant in Trivandrum
2026-05-16 02:16:07,006 - INFO - [scraper.connectors.public_web.google_maps] - Extracted (28/100): Dr Suchithra's Skin and Hair care
2026-05-16 02:16:12,121 - INFO - [scraper.connectors.public_web.google_maps] - Search query 'services in Thiruvananthapuram, kerala, India' submitted.
2026-05-16 02:16:20,644 - INFO - [scraper.connectors.public_web.google_maps] - Extracted (25/100): Café Mojo
2026-05-16 02:16:20,645 - INFO - [scraper.connectors.public_web.google_maps] - Saved 25 records to CSV: data/raw/gmaps_restaurants_in_Thiruvananthapuram,_kerala,_India_1778897187.csv
2026-05-16 02:16:24,984 - INFO - [scraper.connectors.public_web.google_maps] - Extracted (29/100): Trivandrum Medical Centre
2026-05-16 02:16:25,191 - INFO - [scraper.connectors.public_web.google_maps] - Extracted (26/100): Steampot Restaurant
2026-05-16 02:16:27,550 - INFO - [scraper.connectors.public_web.google_maps] - Extracted (27/100): Zam Zam Restaurants YMR
2026-05-16 02:16:27,579 - INFO - [scraper.connectors.public_web.google_maps] - Extracted (30/100): Saatwika Ayurveda Treatment Centre and Hospital Trivandrum
2026-05-16 02:16:27,580 - INFO - [scraper.connectors.public_web.google_maps] - Saved 30 records to CSV: data/raw/gmaps_clinics_in_Thiruvananthapuram,_kerala,_India_1778897185.csv
2026-05-16 02:16:28,154 - INFO - [scraper.connectors.public_web.google_maps] - Extracted (1/3): Capital house keeping service
2026-05-16 02:16:31,224 - INFO - [scraper.connectors.public_web.google_maps] - Extracted (31/100): Credence Hospital - Multi-speciality Family Hospital and IVF Center
2026-05-16 02:16:31,449 - INFO - [scraper.connectors.public_web.google_maps] - Extracted (2/3): AM Customer Service Point
2026-05-16 02:16:33,779 - INFO - [scraper.connectors.public_web.google_maps] - Extracted (3/3): KERALA UNIVERSITY TRANSCRIPT/ATTESTATION SERVICES/ABS TRANSCRIPT/ABSEDUCATIONSERVICE
2026-05-16 02:16:41,722 - INFO - [scraper.connectors.public_web.google_maps] - Saved 3 records to CSV: data/raw/gmaps_factories_in_Thiruvananthapuram,_kerala,_India_1778897651.csv
2026-05-16 02:16:41,722 - INFO - [scraper.connectors.public_web.google_maps] - Scrape completed. Total records: 3
2026-05-16 02:16:44,859 - INFO - [scraper.connectors.public_web.google_maps] - Extracted (32/100): Sree Uthradom Thirunal (SUT) Hospital
2026-05-16 02:16:47,261 - INFO - [scraper.connectors.public_web.google_maps] - Extracted (33/100): Jubilee Memorial Hospital
2026-05-16 02:16:51,618 - INFO - [scraper.connectors.public_web.google_maps] - Extracted (34/100): Aeka Skin Care Clinic - Lulu Mall Trivandrum
2026-05-16 02:16:53,946 - INFO - [scraper.connectors.public_web.google_maps] - Extracted (35/100): Dr. Mohan's Diabetes Specialities Centre - Trivandrum | Best Diabetes Clinic | Best Diabetologist
2026-05-16 02:16:53,948 - INFO - [scraper.connectors.public_web.google_maps] - Saved 35 records to CSV: data/raw/gmaps_clinics_in_Thiruvananthapuram,_kerala,_India_1778897185.csv
2026-05-16 02:16:56,510 - INFO - [scraper.connectors.public_web.google_maps] - Extracted (36/100): Skin Essential Clinic
2026-05-16 02:16:58,804 - INFO - [scraper.connectors.public_web.google_maps] - Extracted (37/100): SkinCare Speciality Centre
2026-05-16 02:17:05,863 - INFO - [scraper.connectors.public_web.google_maps] - Saved 3 records to CSV: data/raw/gmaps_services_in_Thiruvananthapuram,_kerala,_India_1778897701.csv
2026-05-16 02:17:05,865 - INFO - [scraper.connectors.public_web.google_maps] - Scrape completed. Total records: 3
2026-05-16 02:17:07,019 - INFO - [scraper.connectors.public_web.google_maps] - Starting scrape: 'factories in Thiruvananthapuram, kerala, India' (max: 3)
2026-05-16 02:17:16,492 - INFO - [scraper.connectors.public_web.google_maps] - Extracted (28/100): Mothers Veg Plaza
2026-05-16 02:17:51,536 - INFO - [scraper.connectors.public_web.google_maps] - Extracted (38/100): Sasikala Poly Clinic
2026-05-16 02:17:53,270 - INFO - [scraper.connectors.public_web.google_maps] - Extracted (29/100): Garden Grille & Bar
2026-05-16 02:18:13,854 - ERROR - [scraper.connectors.public_web.google_maps] - Critical scraping error: Timeout 30000ms exceeded.
2026-05-16 02:18:22,091 - INFO - [scraper.connectors.public_web.google_maps] - Scrape completed. Total records: 0
2026-05-16 02:18:30,747 - INFO - [scraper.connectors.public_web.google_maps] - Extracted (30/100): BLND Restobar
2026-05-16 02:18:30,748 - INFO - [scraper.connectors.public_web.google_maps] - Saved 30 records to CSV: data/raw/gmaps_restaurants_in_Thiruvananthapuram,_kerala,_India_1778897187.csv
2026-05-16 02:18:54,318 - INFO - [scraper.connectors.public_web.google_maps] - Extracted (31/100): Khana Peena
2026-05-16 02:19:12,987 - INFO - [scraper.connectors.public_web.google_maps] - Extracted (32/100): Varnam Seafood Restaurant
2026-05-16 02:19:35,374 - INFO - [scraper.connectors.public_web.google_maps] - Extracted (39/100): Skinn Health By Dr.Shruthi
2026-05-16 02:19:38,021 - INFO - [scraper.connectors.public_web.google_maps] - Extracted (40/100): SKINFINITY- Skin Hair Lasers and Anti-aging Clinic
2026-05-16 02:19:38,023 - INFO - [scraper.connectors.public_web.google_maps] - Saved 40 records to CSV: data/raw/gmaps_clinics_in_Thiruvananthapuram,_kerala,_India_1778897185.csv
2026-05-16 02:19:40,821 - INFO - [scraper.connectors.public_web.google_maps] - Extracted (41/100): AJ Hospital
2026-05-16 02:19:42,296 - INFO - [scraper.connectors.public_web.google_maps] - Extracted (33/100): Ruchi Veg Restaurant
2026-05-16 02:19:51,806 - INFO - [scraper.connectors.public_web.google_maps] - Extracted (42/100): Hormone India ENDOCRINOLOGY & UROLOGY
2026-05-16 02:19:54,157 - INFO - [scraper.connectors.public_web.google_maps] - Extracted (43/100): The Royal Medical Centre
2026-05-16 02:19:56,679 - INFO - [scraper.connectors.public_web.google_maps] - Extracted (44/100): Dr M Vipin Das Dermatologist
2026-05-16 02:20:02,350 - INFO - [scraper.connectors.public_web.google_maps] - Extracted (45/100): Cutis International Cosmetic Clinics | Best Hair Transplant & Skin Care Clinic in Trivandrum
2026-05-16 02:20:02,351 - INFO - [scraper.connectors.public_web.google_maps] - Saved 45 records to CSV: data/raw/gmaps_clinics_in_Thiruvananthapuram,_kerala,_India_1778897185.csv
2026-05-16 02:20:17,176 - INFO - [scraper.connectors.public_web.google_maps] - Extracted (34/100): Diners' Summit - Restaurant, North Indian, Naden food, buffet, vegetarian restaurant
2026-05-16 02:21:24,923 - INFO - [scraper.connectors.public_web.google_maps] - Extracted (35/100): PLAV
2026-05-16 02:21:24,924 - INFO - [scraper.connectors.public_web.google_maps] - Saved 35 records to CSV: data/raw/gmaps_restaurants_in_Thiruvananthapuram,_kerala,_India_1778897187.csv
2026-05-16 02:21:26,782 - INFO - [scraper.connectors.public_web.google_maps] - Extracted (46/100): KIMSHEALTH Hospital Trivandrum
2026-05-16 02:21:37,862 - INFO - [scraper.connectors.public_web.google_maps] - Extracted (36/100): Vayalil Restaurant, The Finedine, eanchakkal
2026-05-16 02:21:51,456 - INFO - [scraper.connectors.public_web.google_maps] - Extracted (37/100): Ariya Nivaas Restaurant
2026-05-16 02:21:56,468 - INFO - [scraper.connectors.public_web.google_maps] - Extracted (47/100): Dr. Derma Skin, Hair & Cosmetic Center
2026-05-16 02:22:10,992 - INFO - [scraper.connectors.public_web.google_maps] - Extracted (38/100): Supreme Upper Crust
2026-05-16 02:22:13,629 - INFO - [scraper.connectors.public_web.google_maps] - Extracted (48/100): DermaVue Skin & Plastic Surgery, Lasers & Hair Transplant | Dermatologist Thiruvananthapuram
2026-05-16 02:22:16,078 - INFO - [scraper.connectors.public_web.google_maps] - Extracted (39/100): Mani Mess
2026-05-16 02:22:37,905 - INFO - [scraper.connectors.public_web.google_maps] - Extracted (49/100): The Skin Clinic
2026-05-16 02:23:11,899 - INFO - [scraper.connectors.public_web.google_maps] - Extracted (50/100): Dr. Zeen Aesthetics Clinic Pvt Ltd (poly clinic)
2026-05-16 02:23:11,901 - INFO - [scraper.connectors.public_web.google_maps] - Saved 50 records to CSV: data/raw/gmaps_clinics_in_Thiruvananthapuram,_kerala,_India_1778897185.csv
2026-05-16 02:23:14,946 - INFO - [scraper.connectors.public_web.google_maps] - Extracted (51/100): Gitanjali Eye and ENT Hospital
2026-05-16 02:23:19,664 - INFO - [scraper.connectors.public_web.google_maps] - Extracted (52/100): La Densitae Hair Transplant Clinic in Trivandrum
2026-05-16 02:23:25,547 - INFO - [scraper.connectors.public_web.google_maps] - Extracted (53/100): Yana IVF - Yana Women's Hospital and Fertility Centre - Thiruvananthapuram
2026-05-16 02:23:28,201 - INFO - [scraper.connectors.public_web.google_maps] - Extracted (54/100): ARYA NAVEEN / Physiotherapist /Thiruvananthapuram/ Remambika Pain Clinic and Physiotherapy Centre
2026-05-16 02:23:32,498 - INFO - [scraper.connectors.public_web.google_maps] - Extracted (55/100): Dr.RK's Laser Skin Care Center
2026-05-16 02:23:32,500 - INFO - [scraper.connectors.public_web.google_maps] - Saved 55 records to CSV: data/raw/gmaps_clinics_in_Thiruvananthapuram,_kerala,_India_1778897185.csv
2026-05-16 02:23:40,288 - INFO - [scraper.connectors.public_web.google_maps] - Extracted (56/100): Pran Hospital
2026-05-16 02:24:53,117 - INFO - [scraper.connectors.public_web.google_maps] - Extracted (40/100): Aryaas Vegetarian Restaurant
2026-05-16 02:24:53,119 - INFO - [scraper.connectors.public_web.google_maps] - Saved 40 records to CSV: data/raw/gmaps_restaurants_in_Thiruvananthapuram,_kerala,_India_1778897187.csv
2026-05-16 02:25:04,362 - INFO - [scraper.connectors.public_web.google_maps] - Extracted (41/100): Salkkaram Edavazhi
2026-05-16 02:25:24,454 - INFO - [scraper.connectors.public_web.google_maps] - Extracted (42/100): Taste of Kerala
2026-05-16 02:25:31,899 - INFO - [scraper.connectors.public_web.google_maps] - Extracted (43/100): Burj Al Mandi Restaurant
2026-05-16 02:25:44,944 - INFO - [scraper.connectors.public_web.google_maps] - Extracted (44/100): Neerali Restaurant
2026-05-16 02:25:56,867 - INFO - [scraper.connectors.public_web.google_maps] - Extracted (45/100): The Chef's Studio
2026-05-16 02:25:56,868 - INFO - [scraper.connectors.public_web.google_maps] - Saved 45 records to CSV: data/raw/gmaps_restaurants_in_Thiruvananthapuram,_kerala,_India_1778897187.csv
2026-05-16 02:25:59,513 - INFO - [scraper.connectors.public_web.google_maps] - Extracted (46/100): Azad Star at Vazhuthacaud
2026-05-16 02:26:12,477 - INFO - [scraper.connectors.public_web.google_maps] - Extracted (47/100): Pai's kitchen
2026-05-16 02:26:41,718 - INFO - [scraper.connectors.public_web.google_maps] - Extracted (57/100): CLINIC
2026-05-16 02:26:52,980 - INFO - [scraper.connectors.public_web.google_maps] - Extracted (58/100): Chitra MultiSpeciality Dental Clinic
2026-05-16 02:27:19,277 - INFO - [scraper.connectors.public_web.google_maps] - Extracted (59/100): WE CARE CLINIC
2026-05-16 02:27:35,878 - INFO - [scraper.connectors.public_web.google_maps] - Extracted (60/100): Sree Avittam Thirunal Hospital(SAT)
2026-05-16 02:27:35,880 - INFO - [scraper.connectors.public_web.google_maps] - Saved 60 records to CSV: data/raw/gmaps_clinics_in_Thiruvananthapuram,_kerala,_India_1778897185.csv
2026-05-16 02:27:40,749 - INFO - [scraper.connectors.public_web.google_maps] - Extracted (61/100): Santhwana Hospital
2026-05-16 02:27:45,605 - INFO - [scraper.connectors.public_web.google_maps] - Extracted (62/100): Dr Kashi's Super Speciality Dental Centre
2026-05-16 02:27:57,237 - INFO - [scraper.connectors.public_web.google_maps] - Extracted (63/100): Dr.Jose Mammen Clinic
2026-05-16 02:27:59,796 - INFO - [scraper.connectors.public_web.google_maps] - Extracted (64/100): Keyhole Clinic
2026-05-16 02:29:09,435 - INFO - [scraper.connectors.public_web.google_maps] - Extracted (48/100): Huddles Cafe
2026-05-16 02:29:30,731 - INFO - [scraper.connectors.public_web.google_maps] - Extracted (49/100): Kerala Hotel
2026-05-16 02:29:40,488 - INFO - [scraper.connectors.public_web.google_maps] - Extracted (50/100): Open House Restaurant
2026-05-16 02:29:40,489 - INFO - [scraper.connectors.public_web.google_maps] - Saved 50 records to CSV: data/raw/gmaps_restaurants_in_Thiruvananthapuram,_kerala,_India_1778897187.csv
2026-05-16 02:30:06,488 - INFO - [scraper.connectors.public_web.google_maps] - Extracted (51/100): Sri Aiswariya Vegetarian Restaurant
2026-05-16 02:30:21,653 - INFO - [scraper.connectors.public_web.google_maps] - Extracted (52/100): RASOI by RUCHI
2026-05-16 02:31:03,719 - INFO - [scraper.connectors.public_web.google_maps] - Extracted (65/100): Facelit Skin Hair Wellness
2026-05-16 02:31:03,721 - INFO - [scraper.connectors.public_web.google_maps] - Saved 65 records to CSV: data/raw/gmaps_clinics_in_Thiruvananthapuram,_kerala,_India_1778897185.csv
2026-05-16 02:31:40,897 - INFO - [scraper.connectors.public_web.google_maps] - Extracted (66/100): Elixir Ayurveda Hospital & Wellness Center
2026-05-16 02:32:16,617 - INFO - [scraper.connectors.public_web.google_maps] - Extracted (67/100): TSC Hospital
2026-05-16 02:32:30,921 - INFO - [scraper.connectors.public_web.google_maps] - Extracted (68/100): Precise Speciality Eye Care Thiruvananthapuram
2026-05-16 02:32:42,755 - INFO - [scraper.connectors.public_web.google_maps] - Extracted (69/100): Mittayi clinic
2026-05-16 02:32:46,326 - INFO - [scraper.connectors.public_web.google_maps] - Extracted (70/100): Nirmala Hospital
2026-05-16 02:32:46,329 - INFO - [scraper.connectors.public_web.google_maps] - Saved 70 records to CSV: data/raw/gmaps_clinics_in_Thiruvananthapuram,_kerala,_India_1778897185.csv
2026-05-16 02:33:13,980 - INFO - [scraper.connectors.public_web.google_maps] - Extracted (71/100): Chitra Multispeciality Dental Centre
2026-05-16 02:33:58,180 - INFO - [scraper.connectors.public_web.google_maps] - Extracted (53/100): Malabar Cafe
2026-05-16 02:34:32,685 - INFO - [scraper.connectors.public_web.google_maps] - Extracted (54/100): Cafe Hive
2026-05-16 02:34:51,754 - INFO - [scraper.connectors.public_web.google_maps] - Extracted (55/100): Dindigul Thalappakatti Restaurant
2026-05-16 02:34:53,519 - INFO - [scraper.connectors.public_web.google_maps] - Saved 55 records to CSV: data/raw/gmaps_restaurants_in_Thiruvananthapuram,_kerala,_India_1778897187.csv
2026-05-16 02:35:27,937 - INFO - [scraper.connectors.public_web.google_maps] - Extracted (56/100): The Tides
2026-05-16 02:37:28,486 - INFO - [scraper.connectors.public_web.google_maps] - Extracted (72/100): Palazhi Multispeciality Ayush Clinic - Thirumala
2026-05-16 02:37:34,011 - INFO - [scraper.connectors.public_web.google_maps] - Extracted (57/100): PARAGON RESTAURANT LULU TRIVANDRUM
2026-05-16 02:37:43,377 - INFO - [scraper.connectors.public_web.google_maps] - Extracted (73/100): Dr Akhil Krishna - AKNA Diabetes and Endocrine Centre
2026-05-16 02:38:02,134 - INFO - [scraper.connectors.public_web.google_maps] - Extracted (74/100): Longevity Diet Clinic
2026-05-16 02:38:05,408 - INFO - [scraper.connectors.public_web.google_maps] - Extracted (75/100): Hindlabs Diagnostic Centre and Specialty Clinic
2026-05-16 02:38:05,411 - INFO - [scraper.connectors.public_web.google_maps] - Saved 75 records to CSV: data/raw/gmaps_clinics_in_Thiruvananthapuram,_kerala,_India_1778897185.csv
2026-05-16 02:38:14,078 - INFO - [scraper.connectors.public_web.google_maps] - Extracted (76/100): Vedic Wellness Center
2026-05-16 02:38:29,106 - INFO - [scraper.connectors.public_web.google_maps] - Extracted (77/100): Kaigo Home Healthcare
2026-05-16 02:40:24,807 - INFO - [scraper.connectors.public_web.google_maps] - Extracted (58/100): Le Lumiere Restaurant
2026-05-16 02:40:36,961 - INFO - [scraper.connectors.public_web.google_maps] - Extracted (59/100): Poorna Family Restaurant
2026-05-16 02:40:56,322 - INFO - [scraper.connectors.public_web.google_maps] - Extracted (60/100): Poomaram Ram's Kitchen
2026-05-16 02:40:56,324 - INFO - [scraper.connectors.public_web.google_maps] - Saved 60 records to CSV: data/raw/gmaps_restaurants_in_Thiruvananthapuram,_kerala,_India_1778897187.csv
2026-05-16 02:41:05,919 - INFO - [scraper.connectors.public_web.google_maps] - Extracted (61/100): Narayana Bhavan NB
2026-05-16 02:41:17,490 - INFO - [scraper.connectors.public_web.google_maps] - Extracted (62/100): Nikunjam Restaurant
2026-05-16 02:41:46,825 - INFO - [scraper.connectors.public_web.google_maps] - Extracted (63/100): SK Restaurant
2026-05-16 02:43:09,572 - INFO - [scraper.connectors.public_web.google_maps] - Extracted (78/100): REVIV Trivandrum
2026-05-16 02:44:34,562 - INFO - [scraper.connectors.public_web.google_maps] - Extracted (79/100): Amicus Plastic Surgery Clinic
2026-05-16 02:44:54,613 - INFO - [scraper.connectors.public_web.google_maps] - Extracted (80/100): Royal Ortho Care
2026-05-16 02:44:54,614 - INFO - [scraper.connectors.public_web.google_maps] - Saved 80 records to CSV: data/raw/gmaps_clinics_in_Thiruvananthapuram,_kerala,_India_1778897185.csv
2026-05-16 02:45:14,133 - INFO - [scraper.connectors.public_web.google_maps] - Extracted (81/100): Allergy And Chest Clinic
2026-05-16 02:45:20,851 - INFO - [scraper.connectors.public_web.google_maps] - Extracted (64/100): Good Morning Hotel
2026-05-16 02:45:27,259 - INFO - [scraper.connectors.public_web.google_maps] - Extracted (82/100): Dr Jacob's Omega Dental Clinic & Implant Centre
2026-05-16 02:45:42,709 - INFO - [scraper.connectors.public_web.google_maps] - Extracted (83/100): DDRC Agilus Diagnostics - Ulloor, Trivandrum
2026-05-16 02:45:52,842 - INFO - [scraper.connectors.public_web.google_maps] - Extracted (84/100): Royal Health care
2026-05-16 02:45:57,999 - INFO - [scraper.connectors.public_web.google_maps] - Extracted (85/100): Metro Scans and Laboratory,Trivandrum
2026-05-16 02:45:58,003 - INFO - [scraper.connectors.public_web.google_maps] - Saved 85 records to CSV: data/raw/gmaps_clinics_in_Thiruvananthapuram,_kerala,_India_1778897185.csv
2026-05-16 02:46:03,671 - INFO - [scraper.connectors.public_web.google_maps] - Extracted (86/100): Ayurchakra Ayurveda Wellness Center
2026-05-16 02:46:06,890 - INFO - [scraper.connectors.public_web.google_maps] - Extracted (87/100): Santhigiri Ayurveda & Siddha Hospital Pattom
2026-05-16 02:46:13,629 - INFO - [scraper.connectors.public_web.google_maps] - Extracted (88/100): Thejaswini Ayurveda Clinic & Panchakarma Center
2026-05-16 02:46:44,922 - INFO - [scraper.connectors.public_web.google_maps] - Extracted (65/100): Malabar BitEs Restaurant
2026-05-16 02:46:44,923 - INFO - [scraper.connectors.public_web.google_maps] - Saved 65 records to CSV: data/raw/gmaps_restaurants_in_Thiruvananthapuram,_kerala,_India_1778897187.csv
2026-05-16 02:47:20,035 - INFO - [scraper.connectors.public_web.google_maps] - Extracted (66/100): Hotel Aruna (Pure veg)
2026-05-16 02:48:54,597 - INFO - [scraper.connectors.public_web.google_maps] - Extracted (67/100): Oriental Spice
2026-05-16 02:49:19,954 - INFO - [scraper.connectors.public_web.google_maps] - Extracted (68/100): MANDI MANZIL
2026-05-16 02:49:42,111 - INFO - [scraper.connectors.public_web.google_maps] - Extracted (69/100): Hotel Dimora Thiruvananthapuram
2026-05-16 02:52:16,281 - INFO - [scraper.connectors.public_web.google_maps] - Extracted (89/100): VAYALIL MAXILLOFACIAL CENTRE & SPECIALIST DENTAL CARE
2026-05-16 02:52:20,869 - INFO - [scraper.connectors.public_web.google_maps] - Extracted (90/100): Spring Garden Health Care
2026-05-16 02:52:27,379 - INFO - [scraper.connectors.public_web.google_maps] - Saved 90 records to CSV: data/raw/gmaps_clinics_in_Thiruvananthapuram,_kerala,_India_1778897185.csv
2026-05-16 02:52:33,281 - INFO - [scraper.connectors.public_web.google_maps] - Extracted (91/100): Regional Cancer Centre, Thiruvananthapuram
2026-05-16 02:52:42,854 - INFO - [scraper.connectors.public_web.google_maps] - Extracted (92/100): Impulse Evening Clinic
2026-05-16 02:53:08,191 - INFO - [scraper.connectors.public_web.google_maps] - Extracted (93/100): Sree Agasthya Clinical Laboratory And Research Centre
2026-05-16 02:53:22,607 - INFO - [scraper.connectors.public_web.google_maps] - Extracted (94/100): ENT CLINIC
2026-05-16 02:53:50,929 - INFO - [scraper.connectors.public_web.google_maps] - Extracted (95/100): Your Center Diagnostic Services
2026-05-16 02:53:50,932 - INFO - [scraper.connectors.public_web.google_maps] - Saved 95 records to CSV: data/raw/gmaps_clinics_in_Thiruvananthapuram,_kerala,_India_1778897185.csv
2026-05-16 02:54:14,477 - INFO - [scraper.connectors.public_web.google_maps] - Extracted (96/100): Royal Medical Center
2026-05-16 02:54:40,310 - WARNING - [scraper.connectors.public_web.google_maps] - Scrolling issue: Error: strict mode violation: locator("span:has-text(\"You've reached the end of the list.\")") resolved to 2 elements:
    1) <span>…</span> aka locator("span").filter(has_text="You've reached the end of the").first
    2) <span class="HlvSq">You've reached the end of the list.</span> aka get_by_text("You've reached the end of the")

2026-05-16 02:57:13,120 - INFO - [scraper.connectors.public_web.google_maps] - Extracted (70/100): O by Tamara Trivandrum
2026-05-16 02:57:14,897 - INFO - [scraper.connectors.public_web.google_maps] - Saved 70 records to CSV: data/raw/gmaps_restaurants_in_Thiruvananthapuram,_kerala,_India_1778897187.csv
2026-05-16 02:57:19,838 - INFO - [scraper.connectors.public_web.google_maps] - Extracted (71/100): Paradise Family Restaurant
2026-05-16 02:57:31,095 - INFO - [scraper.connectors.public_web.google_maps] - Extracted (72/100): Ummees Seafood Restaurant
2026-05-16 02:57:48,955 - INFO - [scraper.connectors.public_web.google_maps] - Extracted (73/100): Irani kuzhimandi restaurant
2026-05-16 02:58:10,807 - INFO - [scraper.connectors.public_web.google_maps] - Extracted (74/100): The Central Residency
2026-05-16 02:58:39,112 - INFO - [scraper.connectors.public_web.google_maps] - Extracted (75/100): Porotta Hut
2026-05-16 02:58:39,115 - INFO - [scraper.connectors.public_web.google_maps] - Saved 75 records to CSV: data/raw/gmaps_restaurants_in_Thiruvananthapuram,_kerala,_India_1778897187.csv
2026-05-16 02:59:20,259 - INFO - [scraper.connectors.public_web.google_maps] - Extracted (76/100): Azad Restaurant at Medical College
2026-05-16 03:01:20,982 - INFO - [scraper.connectors.public_web.google_maps] - Extracted (97/100): TrueSelf Aesthetic Makeovers*
2026-05-16 03:03:34,232 - INFO - [scraper.connectors.public_web.google_maps] - Extracted (98/100): S S POLYCLINIC & SURGICAL CENTRE
2026-05-16 03:05:32,942 - INFO - [scraper.connectors.public_web.google_maps] - Extracted (99/100): DDNMRC PVT LTD
2026-05-16 03:05:40,635 - WARNING - [scraper.connectors.public_web.google_maps] - Scrolling issue: Error: strict mode violation: locator("span:has-text(\"You've reached the end of the list.\")") resolved to 2 elements:
    1) <span>…</span> aka locator("span").filter(has_text="You've reached the end of the").first
    2) <span class="HlvSq">You've reached the end of the list.</span> aka get_by_text("You've reached the end of the")

2026-05-16 03:06:00,972 - INFO - [scraper.connectors.public_web.google_maps] - Extracted (77/100): Jasmine Bay Restaurant
2026-05-16 03:06:43,629 - INFO - [scraper.connectors.public_web.google_maps] - Extracted (78/100): Ariya Jyothi Vegetarian Restaurant
2026-05-16 03:06:50,569 - INFO - [scraper.connectors.public_web.google_maps] - Extracted (79/100): Palace Restaurant
2026-05-16 03:07:34,224 - INFO - [scraper.connectors.public_web.google_maps] - Extracted (80/100): Mynt
2026-05-16 03:07:34,226 - INFO - [scraper.connectors.public_web.google_maps] - Saved 80 records to CSV: data/raw/gmaps_restaurants_in_Thiruvananthapuram,_kerala,_India_1778897187.csv
2026-05-16 03:07:59,936 - INFO - [scraper.connectors.public_web.google_maps] - Extracted (81/100): Ambadi Kannan Restaurant
2026-05-16 03:08:04,830 - INFO - [scraper.connectors.public_web.google_maps] - Extracted (82/100): Park Rajadhani
2026-05-16 03:08:15,577 - INFO - [scraper.connectors.public_web.google_maps] - Extracted (83/100): Kuttanadan Puncha Family Restaurant
2026-05-16 03:08:41,280 - INFO - [scraper.connectors.public_web.google_maps] - Extracted (84/100): Ambalapatt Restaurant
2026-05-16 03:13:17,468 - INFO - [scraper.connectors.public_web.google_maps] - Extracted (100/100): Dr Lawrence Healthcare & Diagnostic centre
2026-05-16 03:13:17,484 - INFO - [scraper.connectors.public_web.google_maps] - Saved 100 records to CSV: data/raw/gmaps_clinics_in_Thiruvananthapuram,_kerala,_India_1778897185.csv
2026-05-16 03:13:23,648 - WARNING - [scraper.connectors.public_web.google_maps] - Scrolling issue: Error: strict mode violation: locator("span:has-text(\"You've reached the end of the list.\")") resolved to 2 elements:
    1) <span>…</span> aka locator("span").filter(has_text="You've reached the end of the").first
    2) <span class="HlvSq">You've reached the end of the list.</span> aka get_by_text("You've reached the end of the")

2026-05-16 03:13:40,325 - INFO - [scraper.connectors.public_web.google_maps] - Saved 100 records to CSV: data/raw/gmaps_clinics_in_Thiruvananthapuram,_kerala,_India_1778897185.csv
2026-05-16 03:13:40,352 - INFO - [scraper.connectors.public_web.google_maps] - Scrape completed. Total records: 100
2026-05-16 03:14:18,278 - INFO - [scraper.connectors.public_web.google_maps] - Starting scrape: 'restaurants in Thiruvananthapuram, kerala, India' (max: 100)
2026-05-16 03:14:50,346 - INFO - [scraper.connectors.public_web.google_maps] - Extracted (85/100): Al Taza - Trivandrum
2026-05-16 03:14:50,348 - INFO - [scraper.connectors.public_web.google_maps] - Saved 85 records to CSV: data/raw/gmaps_restaurants_in_Thiruvananthapuram,_kerala,_India_1778897187.csv
2026-05-16 03:14:57,940 - INFO - [scraper.connectors.public_web.google_maps] - Extracted (86/100): Sri Ananthapuri Vegetarian Restaurant
2026-05-16 03:15:22,006 - INFO - [scraper.connectors.public_web.google_maps] - Search query 'restaurants in Thiruvananthapuram, kerala, India' submitted.
2026-05-16 03:15:35,351 - INFO - [scraper.connectors.public_web.google_maps] - Extracted (1/100): Cafe Jade - All Day Dining (24X7)
2026-05-16 03:15:38,612 - INFO - [scraper.connectors.public_web.google_maps] - Extracted (2/100): Villa Maya
2026-05-16 03:15:40,968 - INFO - [scraper.connectors.public_web.google_maps] - Extracted (3/100): Paragon Restaurant
2026-05-16 03:16:04,829 - INFO - [scraper.connectors.public_web.google_maps] - Extracted (4/100): Aryaas Park Veg Restaurant
2026-05-16 03:16:08,387 - INFO - [scraper.connectors.public_web.google_maps] - Extracted (5/100): O Café
2026-05-16 03:16:08,565 - INFO - [scraper.connectors.public_web.google_maps] - Saved 5 records to CSV: data/raw/gmaps_restaurants_in_Thiruvananthapuram,_kerala,_India_1778901258.csv
2026-05-16 03:16:11,107 - INFO - [scraper.connectors.public_web.google_maps] - Extracted (6/100): Restaurant Chef Pillai Trivandrum
2026-05-16 03:16:23,009 - INFO - [scraper.connectors.public_web.google_maps] - Extracted (7/100): Mothers Veg Plaza
2026-05-16 03:16:25,510 - INFO - [scraper.connectors.public_web.google_maps] - Extracted (8/100): Imperial Kitchen Venpalavattom
2026-05-16 03:16:28,176 - INFO - [scraper.connectors.public_web.google_maps] - Extracted (9/100): PLAV
2026-05-16 03:16:58,618 - INFO - [scraper.connectors.public_web.google_maps] - Extracted (10/100): Ruchi Veg Restaurant
2026-05-16 03:16:58,620 - INFO - [scraper.connectors.public_web.google_maps] - Saved 10 records to CSV: data/raw/gmaps_restaurants_in_Thiruvananthapuram,_kerala,_India_1778901258.csv
2026-05-16 03:17:03,742 - INFO - [scraper.connectors.public_web.google_maps] - Extracted (11/100): Zam Zam Restaurant
2026-05-16 03:17:08,807 - INFO - [scraper.connectors.public_web.google_maps] - Extracted (12/100): Café Mojo
2026-05-16 03:17:18,173 - INFO - [scraper.connectors.public_web.google_maps] - Extracted (13/100): The Olive Restaurant
2026-05-16 03:17:20,958 - INFO - [scraper.connectors.public_web.google_maps] - Extracted (14/100): Bab Arabia
2026-05-16 03:17:23,575 - INFO - [scraper.connectors.public_web.google_maps] - Extracted (15/100): Pankayam
2026-05-16 03:17:23,576 - INFO - [scraper.connectors.public_web.google_maps] - Saved 15 records to CSV: data/raw/gmaps_restaurants_in_Thiruvananthapuram,_kerala,_India_1778901258.csv
2026-05-16 03:17:26,347 - INFO - [scraper.connectors.public_web.google_maps] - Extracted (16/100): Longtime
2026-05-16 03:17:28,991 - INFO - [scraper.connectors.public_web.google_maps] - Extracted (17/100): Diners' Summit - Restaurant, North Indian, Naden food, buffet, vegetarian restaurant
2026-05-16 03:17:31,548 - INFO - [scraper.connectors.public_web.google_maps] - Extracted (18/100): Garden Grille & Bar
2026-05-16 03:18:30,181 - INFO - [scraper.connectors.public_web.google_maps] - Extracted (19/100): Azad Restaurant at Over Bridge
2026-05-16 03:19:01,326 - INFO - [scraper.connectors.public_web.google_maps] - Extracted (20/100): Plated Trivandrum
2026-05-16 03:19:01,327 - INFO - [scraper.connectors.public_web.google_maps] - Saved 20 records to CSV: data/raw/gmaps_restaurants_in_Thiruvananthapuram,_kerala,_India_1778901258.csv
2026-05-16 03:19:04,169 - INFO - [scraper.connectors.public_web.google_maps] - Extracted (21/100): Taste of Kerala
2026-05-16 03:19:11,697 - INFO - [scraper.connectors.public_web.google_maps] - Extracted (22/100): Amrutam Vegetarian Restaurant
2026-05-16 03:19:50,561 - INFO - [scraper.connectors.public_web.google_maps] - Extracted (87/100): Le Capital Seafood & Grills
2026-05-16 03:20:35,929 - INFO - [scraper.connectors.public_web.google_maps] - Extracted (23/100): Imperial Kitchen Kowdiar
2026-05-16 03:20:45,293 - INFO - [scraper.connectors.public_web.google_maps] - Extracted (24/100): Nadan Restaurant
2026-05-16 03:20:52,065 - INFO - [scraper.connectors.public_web.google_maps] - Extracted (88/100): Meenamma's Kitchen
2026-05-16 03:20:56,011 - INFO - [scraper.connectors.public_web.google_maps] - Extracted (25/100): Deyvee Restaurant
2026-05-16 03:20:56,014 - INFO - [scraper.connectors.public_web.google_maps] - Saved 25 records to CSV: data/raw/gmaps_restaurants_in_Thiruvananthapuram,_kerala,_India_1778901258.csv
2026-05-16 03:21:10,178 - INFO - [scraper.connectors.public_web.google_maps] - Extracted (26/100): The Kanchipuram Cafe
2026-05-16 03:21:19,928 - INFO - [scraper.connectors.public_web.google_maps] - Extracted (27/100): BLND Restobar
2026-05-16 03:21:20,092 - INFO - [scraper.connectors.public_web.google_maps] - Extracted (89/100): Konkan Café Vivanta Thiruvananthapuram
2026-05-16 03:21:22,717 - INFO - [scraper.connectors.public_web.google_maps] - Extracted (28/100): Trivanz Food Court – Seafood Restaurant in Trivandrum
2026-05-16 03:21:25,554 - INFO - [scraper.connectors.public_web.google_maps] - Extracted (90/100): Park Malabar Restaurant Trivandrum
2026-05-16 03:21:25,556 - INFO - [scraper.connectors.public_web.google_maps] - Saved 90 records to CSV: data/raw/gmaps_restaurants_in_Thiruvananthapuram,_kerala,_India_1778897187.csv
2026-05-16 03:22:00,447 - INFO - [scraper.connectors.public_web.google_maps] - Extracted (91/100): T & Company (T & Co)
2026-05-16 03:22:34,537 - INFO - [scraper.connectors.public_web.google_maps] - Extracted (92/100): Krishna Hotel
2026-05-16 03:22:53,030 - INFO - [scraper.connectors.public_web.google_maps] - Extracted (29/100): The Yellow Chilli
2026-05-16 03:23:10,196 - INFO - [scraper.connectors.public_web.google_maps] - Extracted (30/100): PARAGON RESTAURANT LULU TRIVANDRUM
2026-05-16 03:23:10,198 - INFO - [scraper.connectors.public_web.google_maps] - Saved 30 records to CSV: data/raw/gmaps_restaurants_in_Thiruvananthapuram,_kerala,_India_1778901258.csv
2026-05-16 03:23:15,815 - INFO - [scraper.connectors.public_web.google_maps] - Extracted (31/100): Sree Arul Jyothi
2026-05-16 03:23:27,236 - INFO - [scraper.connectors.public_web.google_maps] - Extracted (32/100): Good Morning Hotel
2026-05-16 03:23:36,027 - INFO - [scraper.connectors.public_web.google_maps] - Extracted (33/100): Steampot Restaurant
2026-05-16 03:23:41,200 - INFO - [scraper.connectors.public_web.google_maps] - Extracted (34/100): Pai's kitchen
2026-05-16 03:25:41,231 - INFO - [scraper.connectors.public_web.google_maps] - Extracted (35/100): Lantern Grove Restaurant
2026-05-16 03:25:41,232 - INFO - [scraper.connectors.public_web.google_maps] - Saved 35 records to CSV: data/raw/gmaps_restaurants_in_Thiruvananthapuram,_kerala,_India_1778901258.csv
2026-05-16 03:25:53,779 - INFO - [scraper.connectors.public_web.google_maps] - Extracted (36/100): Alibaba & 41 Dishes - Trivandrum
2026-05-16 03:26:00,768 - INFO - [scraper.connectors.public_web.google_maps] - Extracted (37/100): Zam Zam Restaurants YMR
2026-05-16 03:26:11,360 - INFO - [scraper.connectors.public_web.google_maps] - Extracted (38/100): Vayalil Restaurant, The Finedine, eanchakkal
2026-05-16 03:28:39,533 - INFO - [scraper.connectors.public_web.google_maps] - Extracted (93/100): Garam Masala Restaurant
2026-05-16 03:28:46,587 - INFO - [scraper.connectors.public_web.google_maps] - Extracted (94/100): Akshayam Pure Vegetarian Restaurant
2026-05-16 03:28:56,861 - INFO - [scraper.connectors.public_web.google_maps] - Extracted (39/100): Aryaas Vegetarian Restaurant
2026-05-16 03:29:01,574 - INFO - [scraper.connectors.public_web.google_maps] - Extracted (40/100): Ariya Nivaas Restaurant
2026-05-16 03:29:01,576 - INFO - [scraper.connectors.public_web.google_maps] - Saved 40 records to CSV: data/raw/gmaps_restaurants_in_Thiruvananthapuram,_kerala,_India_1778901258.csv
2026-05-16 03:29:06,455 - INFO - [scraper.connectors.public_web.google_maps] - Extracted (41/100): Malabar Cafe
2026-05-16 03:29:07,808 - INFO - [scraper.connectors.public_web.google_maps] - Extracted (95/100): Sri Gavuri Nivas
2026-05-16 03:29:08,801 - INFO - [scraper.connectors.public_web.google_maps] - Saved 95 records to CSV: data/raw/gmaps_restaurants_in_Thiruvananthapuram,_kerala,_India_1778897187.csv
2026-05-16 03:29:44,526 - INFO - [scraper.connectors.public_web.google_maps] - Extracted (96/100): Food in style
2026-05-16 03:30:01,055 - INFO - [scraper.connectors.public_web.google_maps] - Extracted (97/100): MANDI MANZIL ULLOOR
2026-05-16 03:30:26,157 - WARNING - [scraper.connectors.public_web.google_maps] - Scrolling issue: Error: strict mode violation: locator("span:has-text(\"You've reached the end of the list.\")") resolved to 2 elements:
    1) <span>…</span> aka locator("span").filter(has_text="You've reached the end of the").first
    2) <span class="HlvSq">You've reached the end of the list.</span> aka get_by_text("You've reached the end of the")

2026-05-16 03:30:29,015 - INFO - [scraper.connectors.public_web.google_maps] - Extracted (98/100): Indian Coffee House
2026-05-16 03:31:52,508 - INFO - [scraper.connectors.public_web.google_maps] - Extracted (42/100): Khana Peena
2026-05-16 03:32:14,275 - INFO - [scraper.connectors.public_web.google_maps] - Extracted (43/100): Supreme Upper Crust
2026-05-16 03:32:26,874 - INFO - [scraper.connectors.public_web.google_maps] - Extracted (44/100): Mani Mess
2026-05-16 03:35:22,234 - INFO - [scraper.connectors.public_web.google_maps] - Extracted (45/100): Salkkaram Edavazhi
2026-05-16 03:35:22,235 - INFO - [scraper.connectors.public_web.google_maps] - Saved 45 records to CSV: data/raw/gmaps_restaurants_in_Thiruvananthapuram,_kerala,_India_1778901258.csv
2026-05-16 03:35:36,178 - INFO - [scraper.connectors.public_web.google_maps] - Extracted (46/100): Huddles Cafe
2026-05-16 03:35:44,949 - INFO - [scraper.connectors.public_web.google_maps] - Extracted (47/100): Malabar BitEs Restaurant
2026-05-16 03:35:48,973 - INFO - [scraper.connectors.public_web.google_maps] - Extracted (48/100): Cafe Hive
2026-05-16 03:35:58,097 - INFO - [scraper.connectors.public_web.google_maps] - Extracted (49/100): Neerali Restaurant
2026-05-16 03:36:03,469 - INFO - [scraper.connectors.public_web.google_maps] - Extracted (50/100): Rajila Hotel
2026-05-16 03:36:03,470 - INFO - [scraper.connectors.public_web.google_maps] - Saved 50 records to CSV: data/raw/gmaps_restaurants_in_Thiruvananthapuram,_kerala,_India_1778901258.csv
2026-05-16 03:36:15,522 - INFO - [scraper.connectors.public_web.google_maps] - Extracted (51/100): Hotel Aruna (Pure veg)
2026-05-16 03:37:18,570 - INFO - [scraper.connectors.public_web.google_maps] - Extracted (99/100): Thakazhi Pedika - Restaurant
2026-05-16 03:37:25,652 - INFO - [scraper.connectors.public_web.google_maps] - Extracted (100/100): New Pantry Restaurant
2026-05-16 03:37:25,653 - INFO - [scraper.connectors.public_web.google_maps] - Saved 100 records to CSV: data/raw/gmaps_restaurants_in_Thiruvananthapuram,_kerala,_India_1778897187.csv
2026-05-16 03:37:37,137 - WARNING - [scraper.connectors.public_web.google_maps] - Scrolling issue: Error: strict mode violation: locator("span:has-text(\"You've reached the end of the list.\")") resolved to 2 elements:
    1) <span>…</span> aka locator("span").filter(has_text="You've reached the end of the").first
    2) <span class="HlvSq">You've reached the end of the list.</span> aka get_by_text("You've reached the end of the")

2026-05-16 03:37:45,572 - INFO - [scraper.connectors.public_web.google_maps] - Saved 100 records to CSV: data/raw/gmaps_restaurants_in_Thiruvananthapuram,_kerala,_India_1778897187.csv
2026-05-16 03:37:45,574 - INFO - [scraper.connectors.public_web.google_maps] - Scrape completed. Total records: 100
2026-05-16 03:38:15,121 - INFO - [scraper.connectors.public_web.google_maps] - Starting scrape: 'retail stores in Thiruvananthapuram, kerala, India' (max: 100)
2026-05-16 03:38:55,591 - INFO - [scraper.connectors.public_web.google_maps] - Search query 'retail stores in Thiruvananthapuram, kerala, India' submitted.
2026-05-16 03:39:08,034 - INFO - [scraper.connectors.public_web.google_maps] - Extracted (1/100): Ramachandran Textiles
2026-05-16 03:39:11,382 - INFO - [scraper.connectors.public_web.google_maps] - Extracted (2/100): Fashion Factory
2026-05-16 03:39:22,666 - INFO - [scraper.connectors.public_web.google_maps] - Extracted (3/100): Style PLUS
2026-05-16 03:39:29,165 - INFO - [scraper.connectors.public_web.google_maps] - Extracted (52/100): Varnam Seafood Restaurant
2026-05-16 03:39:37,212 - INFO - [scraper.connectors.public_web.google_maps] - Extracted (53/100): Burj Al Mandi Restaurant
2026-05-16 03:39:40,929 - INFO - [scraper.connectors.public_web.google_maps] - Extracted (4/100): Reliance SMART Bazaar
2026-05-16 03:39:46,992 - INFO - [scraper.connectors.public_web.google_maps] - Extracted (5/100): LuLu Fashion Store
2026-05-16 03:39:46,993 - INFO - [scraper.connectors.public_web.google_maps] - Saved 5 records to CSV: data/raw/gmaps_retail_stores_in_Thiruvananthapuram,_kerala,_India_1778902695.csv
2026-05-16 03:39:57,133 - INFO - [scraper.connectors.public_web.google_maps] - Extracted (6/100): Variety Mall
2026-05-16 03:40:08,576 - INFO - [scraper.connectors.public_web.google_maps] - Extracted (7/100): Mall of Travancore
2026-05-16 03:40:11,023 - INFO - [scraper.connectors.public_web.google_maps] - Extracted (8/100): EasyBuy
2026-05-16 03:40:13,534 - INFO - [scraper.connectors.public_web.google_maps] - Extracted (9/100): Bean Town, The Pop-Up Store, Trivandrum
2026-05-16 03:40:16,505 - INFO - [scraper.connectors.public_web.google_maps] - Extracted (54/100): Azad Star at Vazhuthacaud
2026-05-16 03:40:30,215 - INFO - [scraper.connectors.public_web.google_maps] - Extracted (55/100): Dindigul Thalappakatti Restaurant
2026-05-16 03:40:30,218 - INFO - [scraper.connectors.public_web.google_maps] - Saved 55 records to CSV: data/raw/gmaps_restaurants_in_Thiruvananthapuram,_kerala,_India_1778901258.csv
2026-05-16 03:40:35,773 - INFO - [scraper.connectors.public_web.google_maps] - Extracted (56/100): RASOI by RUCHI
2026-05-16 03:40:48,091 - INFO - [scraper.connectors.public_web.google_maps] - Extracted (10/100): LuLu Hypermarket Thiruvananthapuram
2026-05-16 03:40:48,092 - INFO - [scraper.connectors.public_web.google_maps] - Saved 10 records to CSV: data/raw/gmaps_retail_stores_in_Thiruvananthapuram,_kerala,_India_1778902695.csv
2026-05-16 03:40:51,700 - INFO - [scraper.connectors.public_web.google_maps] - Extracted (11/100): City Stores
2026-05-16 03:41:02,361 - INFO - [scraper.connectors.public_web.google_maps] - Extracted (12/100): Babu Store Wholesale and Retail
2026-05-16 03:41:04,749 - INFO - [scraper.connectors.public_web.google_maps] - Extracted (13/100): RETAIL.ROAD EXPORT SURPLUS
2026-05-16 03:41:07,039 - INFO - [scraper.connectors.public_web.google_maps] - Extracted (14/100): Max
2026-05-16 03:42:22,303 - INFO - [scraper.connectors.public_web.google_maps] - Extracted (15/100): Basics Life. Trivandrum
2026-05-16 03:42:22,304 - INFO - [scraper.connectors.public_web.google_maps] - Saved 15 records to CSV: data/raw/gmaps_retail_stores_in_Thiruvananthapuram,_kerala,_India_1778902695.csv
2026-05-16 03:42:37,705 - WARNING - [scraper.connectors.public_web.google_maps] - Scrolling issue: Error: strict mode violation: locator("span:has-text(\"You've reached the end of the list.\")") resolved to 2 elements:
    1) <span>…</span> aka locator("span").filter(has_text="You've reached the end of the").first
    2) <span class="HlvSq">You've reached the end of the list.</span> aka get_by_text("You've reached the end of the")

2026-05-16 03:43:41,571 - INFO - [scraper.connectors.public_web.google_maps] - Extracted (16/100): Vibe Company
2026-05-16 03:43:44,536 - INFO - [scraper.connectors.public_web.google_maps] - Extracted (17/100): LuLu Mall Thiruvananthapuram
2026-05-16 03:43:48,663 - WARNING - [scraper.connectors.public_web.google_maps] - Scrolling issue: Error: strict mode violation: locator("span:has-text(\"You've reached the end of the list.\")") resolved to 2 elements:
    1) <span>…</span> aka locator("span").filter(has_text="You've reached the end of the").first
    2) <span class="HlvSq">You've reached the end of the list.</span> aka get_by_text("You've reached the end of the")

2026-05-16 03:44:14,163 - INFO - [scraper.connectors.public_web.google_maps] - Extracted (57/100): North Bites
2026-05-16 03:44:17,068 - INFO - [scraper.connectors.public_web.google_maps] - Extracted (58/100): Open House Restaurant
2026-05-16 03:44:50,573 - INFO - [scraper.connectors.public_web.google_maps] - Extracted (18/100): Family Shopping Centre
2026-05-16 03:44:52,399 - INFO - [scraper.connectors.public_web.google_maps] - Extracted (59/100): Poorna Family Restaurant
2026-05-16 03:45:07,834 - INFO - [scraper.connectors.public_web.google_maps] - Extracted (60/100): The Tides
2026-05-16 03:45:07,836 - INFO - [scraper.connectors.public_web.google_maps] - Saved 60 records to CSV: data/raw/gmaps_restaurants_in_Thiruvananthapuram,_kerala,_India_1778901258.csv
2026-05-16 03:45:14,380 - INFO - [scraper.connectors.public_web.google_maps] - Extracted (61/100): Poomaram Ram's Kitchen
2026-05-16 03:45:15,265 - WARNING - [scraper.connectors.public_web.google_maps] - Scrolling issue: Error: strict mode violation: locator("span:has-text(\"You've reached the end of the list.\")") resolved to 2 elements:
    1) <span>…</span> aka locator("span").filter(has_text="You've reached the end of the").first
    2) <span class="HlvSq">You've reached the end of the list.</span> aka get_by_text("You've reached the end of the")

2026-05-16 03:45:30,497 - INFO - [scraper.connectors.public_web.google_maps] - Extracted (62/100): Nikunjam Restaurant
2026-05-16 03:46:24,112 - INFO - [scraper.connectors.public_web.google_maps] - No new listings found in view. Scroll attempt 1/5...
2026-05-16 03:46:28,806 - WARNING - [scraper.connectors.public_web.google_maps] - Scrolling issue: Error: strict mode violation: locator("span:has-text(\"You've reached the end of the list.\")") resolved to 2 elements:
    1) <span>…</span> aka locator("span").filter(has_text="You've reached the end of the").first
    2) <span class="HlvSq">You've reached the end of the list.</span> aka get_by_text("You've reached the end of the")

2026-05-16 03:47:32,077 - INFO - [scraper.connectors.public_web.google_maps] - No new listings found in view. Scroll attempt 2/5...
2026-05-16 03:47:41,844 - WARNING - [scraper.connectors.public_web.google_maps] - Scrolling issue: Error: strict mode violation: locator("span:has-text(\"You've reached the end of the list.\")") resolved to 2 elements:
    1) <span>…</span> aka locator("span").filter(has_text="You've reached the end of the").first
    2) <span class="HlvSq">You've reached the end of the list.</span> aka get_by_text("You've reached the end of the")

2026-05-16 03:48:45,953 - INFO - [scraper.connectors.public_web.google_maps] - No new listings found in view. Scroll attempt 3/5...
2026-05-16 03:48:49,860 - WARNING - [scraper.connectors.public_web.google_maps] - Scrolling issue: Error: strict mode violation: locator("span:has-text(\"You've reached the end of the list.\")") resolved to 2 elements:
    1) <span>…</span> aka locator("span").filter(has_text="You've reached the end of the").first
    2) <span class="HlvSq">You've reached the end of the list.</span> aka get_by_text("You've reached the end of the")

2026-05-16 03:50:03,056 - INFO - [scraper.connectors.public_web.google_maps] - No new listings found in view. Scroll attempt 4/5...
2026-05-16 03:50:10,949 - WARNING - [scraper.connectors.public_web.google_maps] - Scrolling issue: Error: strict mode violation: locator("span:has-text(\"You've reached the end of the list.\")") resolved to 2 elements:
    1) <span>…</span> aka locator("span").filter(has_text="You've reached the end of the").first
    2) <span class="HlvSq">You've reached the end of the list.</span> aka get_by_text("You've reached the end of the")

2026-05-16 03:50:17,897 - INFO - [scraper.connectors.public_web.google_maps] - Extracted (63/100): SK Restaurant
2026-05-16 03:50:32,124 - INFO - [scraper.connectors.public_web.google_maps] - Extracted (64/100): Hotel Dimora Thiruvananthapuram
2026-05-16 03:51:19,587 - INFO - [scraper.connectors.public_web.google_maps] - No new listings found in view. Scroll attempt 5/5...
2026-05-16 03:51:31,170 - WARNING - [scraper.connectors.public_web.google_maps] - Scrolling issue: Error: strict mode violation: locator("span:has-text(\"You've reached the end of the list.\")") resolved to 2 elements:
    1) <span>…</span> aka locator("span").filter(has_text="You've reached the end of the").first
    2) <span class="HlvSq">You've reached the end of the list.</span> aka get_by_text("You've reached the end of the")

2026-05-16 03:51:32,346 - INFO - [scraper.connectors.public_web.google_maps] - Saved 18 records to CSV: data/raw/gmaps_retail_stores_in_Thiruvananthapuram,_kerala,_India_1778902695.csv
2026-05-16 03:51:32,347 - INFO - [scraper.connectors.public_web.google_maps] - Scrape completed. Total records: 18
2026-05-16 03:51:36,196 - INFO - [scraper.connectors.public_web.google_maps] - Starting scrape: 'agencies in Thiruvananthapuram, kerala, India' (max: 100)
2026-05-16 03:51:51,340 - INFO - [scraper.connectors.public_web.google_maps] - Search query 'agencies in Thiruvananthapuram, kerala, India' submitted.
2026-05-16 03:52:06,323 - INFO - [scraper.connectors.public_web.google_maps] - Extracted (1/100): RCD HR SOLUTIONS
2026-05-16 03:52:08,661 - INFO - [scraper.connectors.public_web.google_maps] - Extracted (2/100): Worldstar Enterprises, Trivandrum jobs
2026-05-16 03:52:12,138 - INFO - [scraper.connectors.public_web.google_maps] - Extracted (3/100): Suhail Enterprises
2026-05-16 03:52:14,456 - INFO - [scraper.connectors.public_web.google_maps] - Extracted (4/100): Connecting2Work - HR Solutions
2026-05-16 03:52:16,788 - INFO - [scraper.connectors.public_web.google_maps] - Extracted (5/100): Connecting2Work HR Solutions
2026-05-16 03:52:16,789 - INFO - [scraper.connectors.public_web.google_maps] - Saved 5 records to CSV: data/raw/gmaps_agencies_in_Thiruvananthapuram,_kerala,_India_1778903496.csv
2026-05-16 03:52:22,343 - INFO - [scraper.connectors.public_web.google_maps] - Extracted (6/100): Career Home | Placement Service, Facility Management and Job consultancy
2026-05-16 03:52:33,397 - INFO - [scraper.connectors.public_web.google_maps] - Extracted (7/100): Friends Home Nurse Consultancy
2026-05-16 03:53:03,234 - INFO - [scraper.connectors.public_web.google_maps] - Extracted (8/100): JOBS 'n TA HR Services
2026-05-16 03:53:08,097 - INFO - [scraper.connectors.public_web.google_maps] - Extracted (9/100): New Belief Overseas Recruitment services Pvt.Ltd
2026-05-16 03:53:10,425 - INFO - [scraper.connectors.public_web.google_maps] - Extracted (10/100): Career world jobs
2026-05-16 03:53:10,426 - INFO - [scraper.connectors.public_web.google_maps] - Saved 10 records to CSV: data/raw/gmaps_agencies_in_Thiruvananthapuram,_kerala,_India_1778903496.csv
2026-05-16 03:53:12,789 - INFO - [scraper.connectors.public_web.google_maps] - Extracted (11/100): Chinmaya Jobs & Travel services
2026-05-16 03:53:17,234 - INFO - [scraper.connectors.public_web.google_maps] - Extracted (12/100): Dial A Job
2026-05-16 03:53:20,380 - INFO - [scraper.connectors.public_web.google_maps] - Extracted (13/100): Space International Travel Service Manpower Consultant
2026-05-16 03:53:32,542 - INFO - [scraper.connectors.public_web.google_maps] - Extracted (14/100): Jobcaps HR Consultancy
2026-05-16 03:53:34,889 - INFO - [scraper.connectors.public_web.google_maps] - Extracted (15/100): Sujina Manpower Consultants
2026-05-16 03:53:34,890 - INFO - [scraper.connectors.public_web.google_maps] - Saved 15 records to CSV: data/raw/gmaps_agencies_in_Thiruvananthapuram,_kerala,_India_1778903496.csv
2026-05-16 03:53:37,568 - INFO - [scraper.connectors.public_web.google_maps] - Extracted (16/100): C2W
2026-05-16 03:53:42,440 - INFO - [scraper.connectors.public_web.google_maps] - Extracted (17/100): Lakshya job consultancy
2026-05-16 03:54:10,909 - INFO - [scraper.connectors.public_web.google_maps] - Extracted (18/100): Deepam Employment Service
2026-05-16 03:54:12,846 - INFO - [scraper.connectors.public_web.google_maps] - Extracted (65/100): Sri Aiswariya Vegetarian Restaurant
2026-05-16 03:54:14,466 - INFO - [scraper.connectors.public_web.google_maps] - Saved 65 records to CSV: data/raw/gmaps_restaurants_in_Thiruvananthapuram,_kerala,_India_1778901258.csv
2026-05-16 03:54:35,243 - INFO - [scraper.connectors.public_web.google_maps] - Extracted (19/100): Scintila Recruiter
2026-05-16 03:54:53,448 - INFO - [scraper.connectors.public_web.google_maps] - Extracted (20/100): Quick Job Consultancy
2026-05-16 03:54:53,450 - INFO - [scraper.connectors.public_web.google_maps] - Saved 20 records to CSV: data/raw/gmaps_agencies_in_Thiruvananthapuram,_kerala,_India_1778903496.csv
2026-05-16 03:55:01,401 - INFO - [scraper.connectors.public_web.google_maps] - Extracted (21/100): Riya - The Travel Expert | Thiruvananthapuram
2026-05-16 03:55:10,941 - INFO - [scraper.connectors.public_web.google_maps] - Extracted (22/100): Attitude Worldwide
2026-05-16 03:55:20,370 - INFO - [scraper.connectors.public_web.google_maps] - Extracted (23/100): Medisol Placements Private Limited :Leading Healthcare recruitment consultancy
2026-05-16 03:55:22,685 - INFO - [scraper.connectors.public_web.google_maps] - Extracted (24/100): Smart Job consultancy
2026-05-16 03:55:25,148 - INFO - [scraper.connectors.public_web.google_maps] - Extracted (25/100): Akbar Travels of India Pvt Ltd - Trivandrum
2026-05-16 03:55:25,149 - INFO - [scraper.connectors.public_web.google_maps] - Saved 25 records to CSV: data/raw/gmaps_agencies_in_Thiruvananthapuram,_kerala,_India_1778903496.csv
2026-05-16 03:55:27,471 - INFO - [scraper.connectors.public_web.google_maps] - Extracted (26/100): KAILAS AGENCIES
2026-05-16 03:55:34,582 - INFO - [scraper.connectors.public_web.google_maps] - Extracted (27/100): International Agencies
2026-05-16 03:55:46,196 - INFO - [scraper.connectors.public_web.google_maps] - Extracted (28/100): VICTORY AGENCIES
2026-05-16 03:55:48,641 - INFO - [scraper.connectors.public_web.google_maps] - Extracted (29/100): Guideline job consultancy
2026-05-16 03:55:51,127 - INFO - [scraper.connectors.public_web.google_maps] - Extracted (30/100): Careerline Travel Consultant
2026-05-16 03:55:51,128 - INFO - [scraper.connectors.public_web.google_maps] - Saved 30 records to CSV: data/raw/gmaps_agencies_in_Thiruvananthapuram,_kerala,_India_1778903496.csv
2026-05-16 03:55:53,512 - INFO - [scraper.connectors.public_web.google_maps] - Extracted (31/100): Amina Agencies
2026-05-16 03:57:27,124 - INFO - [scraper.connectors.public_web.google_maps] - Extracted (32/100): Universal Migration
2026-05-16 03:57:35,294 - INFO - [scraper.connectors.public_web.google_maps] - Extracted (33/100): Metro Agencies
2026-05-16 03:57:49,314 - INFO - [scraper.connectors.public_web.google_maps] - Extracted (34/100): Connect 2 Job HR Consultancy services
2026-05-16 03:58:01,278 - INFO - [scraper.connectors.public_web.google_maps] - Extracted (35/100): M&G Immigration & Study Abroad Consultants | Best Canada Immigration Consultants in Trivandrum | Overseas Education Kerala
2026-05-16 03:58:01,281 - INFO - [scraper.connectors.public_web.google_maps] - Saved 35 records to CSV: data/raw/gmaps_agencies_in_Thiruvananthapuram,_kerala,_India_1778903496.csv
2026-05-16 03:58:22,039 - INFO - [scraper.connectors.public_web.google_maps] - Extracted (36/100): Airtravel Enterprises India Limited
2026-05-16 03:58:24,961 - INFO - [scraper.connectors.public_web.google_maps] - Extracted (37/100): Good Way Solutions
2026-05-16 03:58:27,344 - INFO - [scraper.connectors.public_web.google_maps] - Extracted (38/100): Kerala Travels
2026-05-16 04:00:23,953 - INFO - [scraper.connectors.public_web.google_maps] - Extracted (66/100): Le Capital Seafood & Grills
2026-05-16 04:00:51,477 - INFO - [scraper.connectors.public_web.google_maps] - Extracted (67/100): Paradise Family Restaurant
2026-05-16 04:00:58,208 - INFO - [scraper.connectors.public_web.google_maps] - Extracted (68/100): Ummees Seafood Restaurant
2026-05-16 04:01:14,855 - INFO - [scraper.connectors.public_web.google_maps] - Extracted (39/100): Standard Agencies Hardware
2026-05-16 04:01:17,431 - INFO - [scraper.connectors.public_web.google_maps] - Extracted (40/100): Ushus Services
2026-05-16 04:01:17,434 - INFO - [scraper.connectors.public_web.google_maps] - Saved 40 records to CSV: data/raw/gmaps_agencies_in_Thiruvananthapuram,_kerala,_India_1778903496.csv
2026-05-16 04:01:19,989 - INFO - [scraper.connectors.public_web.google_maps] - Extracted (41/100): VK Agency
2026-05-16 04:01:23,719 - INFO - [scraper.connectors.public_web.google_maps] - Extracted (42/100): Pratheeksha Job Consultancy
2026-05-16 04:01:26,214 - INFO - [scraper.connectors.public_web.google_maps] - Extracted (43/100): ITJobcell
2026-05-16 04:01:31,604 - INFO - [scraper.connectors.public_web.google_maps] - Extracted (44/100): ALPHA TOURS AND TRAVEL AGENCY TRIVANDRUM
2026-05-16 04:01:35,145 - INFO - [scraper.connectors.public_web.google_maps] - Extracted (45/100): Travel Nivriti
2026-05-16 04:01:35,146 - INFO - [scraper.connectors.public_web.google_maps] - Saved 45 records to CSV: data/raw/gmaps_agencies_in_Thiruvananthapuram,_kerala,_India_1778903496.csv
2026-05-16 04:01:47,453 - INFO - [scraper.connectors.public_web.google_maps] - Extracted (69/100): Konkan Café Vivanta Thiruvananthapuram
2026-05-16 04:03:25,660 - INFO - [scraper.connectors.public_web.google_maps] - Extracted (46/100): Destination Designers - Travel and Tour Management Company
2026-05-16 04:04:31,237 - INFO - [scraper.connectors.public_web.google_maps] - Extracted (47/100): Class one Tours and Travels
2026-05-16 04:04:33,650 - INFO - [scraper.connectors.public_web.google_maps] - Extracted (48/100): Talent Resource Management
2026-05-16 04:04:36,430 - INFO - [scraper.connectors.public_web.google_maps] - Extracted (49/100): MediaMate Advertising India (P) Ltd
2026-05-16 04:04:39,280 - INFO - [scraper.connectors.public_web.google_maps] - Extracted (50/100): STS Travels Online.
2026-05-16 04:04:39,282 - INFO - [scraper.connectors.public_web.google_maps] - Saved 50 records to CSV: data/raw/gmaps_agencies_in_Thiruvananthapuram,_kerala,_India_1778903496.csv
2026-05-16 04:04:43,011 - INFO - [scraper.connectors.public_web.google_maps] - Extracted (51/100): Phoenixwings HR Solutions
2026-05-16 04:04:57,277 - INFO - [scraper.connectors.public_web.google_maps] - Extracted (52/100): Pflege Career | Best German Consultancy In Kerala
2026-05-16 04:04:59,750 - INFO - [scraper.connectors.public_web.google_maps] - Extracted (53/100): Career Home
2026-05-16 04:05:02,850 - INFO - [scraper.connectors.public_web.google_maps] - Extracted (54/100): Universal Manpower Service, Trivandrum
2026-05-16 04:05:29,786 - INFO - [scraper.connectors.public_web.google_maps] - Extracted (70/100): Kerala Hotel
2026-05-16 04:05:29,789 - INFO - [scraper.connectors.public_web.google_maps] - Saved 70 records to CSV: data/raw/gmaps_restaurants_in_Thiruvananthapuram,_kerala,_India_1778901258.csv
2026-05-16 04:06:03,864 - INFO - [scraper.connectors.public_web.google_maps] - Extracted (71/100): Hotel Kuttanad
2026-05-16 04:06:16,216 - INFO - [scraper.connectors.public_web.google_maps] - Extracted (72/100): Le Lumiere Restaurant
2026-05-16 04:07:49,446 - INFO - [scraper.connectors.public_web.google_maps] - Extracted (73/100): Irani kuzhimandi restaurant
2026-05-16 04:08:09,090 - INFO - [scraper.connectors.public_web.google_maps] - Extracted (74/100): Meenamma's Kitchen
2026-05-16 04:08:14,757 - INFO - [scraper.connectors.public_web.google_maps] - Extracted (75/100): Mynt
2026-05-16 04:08:14,759 - INFO - [scraper.connectors.public_web.google_maps] - Saved 75 records to CSV: data/raw/gmaps_restaurants_in_Thiruvananthapuram,_kerala,_India_1778901258.csv
2026-05-16 04:08:28,108 - INFO - [scraper.connectors.public_web.google_maps] - Extracted (76/100): Park Malabar Restaurant Trivandrum
2026-05-16 04:08:36,996 - INFO - [scraper.connectors.public_web.google_maps] - Extracted (77/100): Gujju's Kitchen
2026-05-16 04:08:46,060 - INFO - [scraper.connectors.public_web.google_maps] - Extracted (55/100): Restik Brand
2026-05-16 04:08:46,061 - INFO - [scraper.connectors.public_web.google_maps] - Saved 55 records to CSV: data/raw/gmaps_agencies_in_Thiruvananthapuram,_kerala,_India_1778903496.csv
2026-05-16 04:08:52,655 - INFO - [scraper.connectors.public_web.google_maps] - Extracted (78/100): Kuttanadan Puncha Family Restaurant
2026-05-16 04:09:05,752 - INFO - [scraper.connectors.public_web.google_maps] - Extracted (56/100): The Write People
2026-05-16 04:09:08,063 - INFO - [scraper.connectors.public_web.google_maps] - Extracted (57/100): Pioneer Agencies
2026-05-16 04:09:21,149 - INFO - [scraper.connectors.public_web.google_maps] - Extracted (58/100): S K S Consultancy
2026-05-16 04:09:29,763 - INFO - [scraper.connectors.public_web.google_maps] - Extracted (59/100): Texas Tours & Travels
2026-05-16 04:09:38,603 - INFO - [scraper.connectors.public_web.google_maps] - Extracted (60/100): Saraswathy Agencies
2026-05-16 04:09:38,605 - INFO - [scraper.connectors.public_web.google_maps] - Saved 60 records to CSV: data/raw/gmaps_agencies_in_Thiruvananthapuram,_kerala,_India_1778903496.csv
2026-05-16 04:09:41,211 - INFO - [scraper.connectors.public_web.google_maps] - Extracted (61/100): Supriya Agencies Trivandrum
2026-05-16 04:13:15,999 - INFO - [scraper.connectors.public_web.google_maps] - Extracted (62/100): Aruna Agencies
2026-05-16 04:13:58,084 - INFO - [scraper.connectors.public_web.google_maps] - Extracted (63/100): Swiggy Onboarding Office Thiruvananthapuram
2026-05-16 04:14:14,598 - INFO - [scraper.connectors.public_web.google_maps] - Extracted (79/100): SAAYA FAMILY RESTAURANT
2026-05-16 04:14:14,990 - INFO - [scraper.connectors.public_web.google_maps] - Extracted (64/100): Sree Tours - Taxi Service / Wedding Car For Rent Trivandrum Luxury Marriage Car Hire
2026-05-16 04:14:17,738 - INFO - [scraper.connectors.public_web.google_maps] - Extracted (65/100): PALAZHY TOURS & TRAVELS PVT. LTD.
2026-05-16 04:14:17,741 - INFO - [scraper.connectors.public_web.google_maps] - Saved 65 records to CSV: data/raw/gmaps_agencies_in_Thiruvananthapuram,_kerala,_India_1778903496.csv
2026-05-16 04:14:20,200 - INFO - [scraper.connectors.public_web.google_maps] - Extracted (66/100): PAMA AIR TRAVELS INDIA
2026-05-16 04:14:28,792 - INFO - [scraper.connectors.public_web.google_maps] - Extracted (67/100): Thalikkunnil Sales Incorporate
2026-05-16 04:14:31,248 - INFO - [scraper.connectors.public_web.google_maps] - Extracted (68/100): Nava Karthika Agency
2026-05-16 04:14:38,826 - INFO - [scraper.connectors.public_web.google_maps] - Extracted (69/100): Voyages Kerala
2026-05-16 04:14:41,354 - INFO - [scraper.connectors.public_web.google_maps] - Extracted (70/100): LLOYDS INSPECTION AGENCY PVT LTD | India Office
2026-05-16 04:14:41,357 - INFO - [scraper.connectors.public_web.google_maps] - Saved 70 records to CSV: data/raw/gmaps_agencies_in_Thiruvananthapuram,_kerala,_India_1778903496.csv
2026-05-16 04:14:59,507 - INFO - [scraper.connectors.public_web.google_maps] - Extracted (80/100): MANDI MANZIL
2026-05-16 04:14:59,514 - INFO - [scraper.connectors.public_web.google_maps] - Saved 80 records to CSV: data/raw/gmaps_restaurants_in_Thiruvananthapuram,_kerala,_India_1778901258.csv
2026-05-16 04:16:21,940 - INFO - [scraper.connectors.public_web.google_maps] - Extracted (81/100): Ambalapatt Restaurant
2026-05-16 04:16:42,564 - INFO - [scraper.connectors.public_web.google_maps] - Extracted (82/100): New Heavens Take Away
2026-05-16 04:19:57,513 - INFO - [scraper.connectors.public_web.google_maps] - Extracted (71/100): Rajeevam Manpower Consultant
2026-05-16 04:20:05,987 - INFO - [scraper.connectors.public_web.google_maps] - Extracted (72/100): Ozone Tourism and Travel
2026-05-16 04:20:34,269 - INFO - [scraper.connectors.public_web.google_maps] - Extracted (73/100): Care Health Insurance
2026-05-16 04:20:36,587 - INFO - [scraper.connectors.public_web.google_maps] - Extracted (83/100): The Chef's Studio
2026-05-16 04:20:45,263 - INFO - [scraper.connectors.public_web.google_maps] - Extracted (74/100): Thomson Trading Agencies vallakkadavu TVM
2026-05-16 04:20:48,004 - INFO - [scraper.connectors.public_web.google_maps] - Extracted (75/100): Axis Overseas Careers
2026-05-16 04:20:48,006 - INFO - [scraper.connectors.public_web.google_maps] - Saved 75 records to CSV: data/raw/gmaps_agencies_in_Thiruvananthapuram,_kerala,_India_1778903496.csv
2026-05-16 04:20:53,102 - INFO - [scraper.connectors.public_web.google_maps] - Extracted (76/100): RevolxIT Learning and AI solutions Pvt Ltd(Previously STC Technology)
2026-05-16 04:21:31,891 - INFO - [scraper.connectors.public_web.google_maps] - Extracted (84/100): Jasmine Bay Restaurant
2026-05-16 04:21:43,321 - INFO - [scraper.connectors.public_web.google_maps] - Extracted (85/100): Oriental Spice
2026-05-16 04:21:43,323 - INFO - [scraper.connectors.public_web.google_maps] - Saved 85 records to CSV: data/raw/gmaps_restaurants_in_Thiruvananthapuram,_kerala,_India_1778901258.csv
2026-05-16 04:22:04,022 - INFO - [scraper.connectors.public_web.google_maps] - Extracted (86/100): Ariya Jyothi Vegetarian Restaurant
2026-05-16 04:22:25,983 - INFO - [scraper.connectors.public_web.google_maps] - Extracted (87/100): Al Taza - Trivandrum
2026-05-16 04:22:32,321 - INFO - [scraper.connectors.public_web.google_maps] - Extracted (88/100): Aasife Biriyani - Kesavadasapuram (Trivandrum)
2026-05-16 04:22:46,122 - INFO - [scraper.connectors.public_web.google_maps] - Extracted (89/100): Porotta Hut
2026-05-16 04:23:19,195 - INFO - [scraper.connectors.public_web.google_maps] - Extracted (90/100): Akshayam Pure Vegetarian Restaurant
2026-05-16 04:23:19,250 - INFO - [scraper.connectors.public_web.google_maps] - Saved 90 records to CSV: data/raw/gmaps_restaurants_in_Thiruvananthapuram,_kerala,_India_1778901258.csv
2026-05-16 04:26:50,858 - INFO - [scraper.connectors.public_web.google_maps] - Extracted (77/100): VETTATH AGENCIES
2026-05-16 04:26:55,421 - INFO - [scraper.connectors.public_web.google_maps] - Extracted (78/100): Keyar Agencies
2026-05-16 04:27:10,492 - INFO - [scraper.connectors.public_web.google_maps] - Extracted (79/100): Devi Agencies
2026-05-16 04:27:27,799 - INFO - [scraper.connectors.public_web.google_maps] - Extracted (80/100): Liberty General Insurance Ltd.
2026-05-16 04:27:27,801 - INFO - [scraper.connectors.public_web.google_maps] - Saved 80 records to CSV: data/raw/gmaps_agencies_in_Thiruvananthapuram,_kerala,_India_1778903496.csv
2026-05-16 04:27:34,340 - INFO - [scraper.connectors.public_web.google_maps] - Extracted (81/100): Vigneswara agency lottery shop
2026-05-16 04:27:40,766 - INFO - [scraper.connectors.public_web.google_maps] - Extracted (82/100): ARIES TRAVEL AND HOLIDAYS
2026-05-16 04:27:50,661 - INFO - [scraper.connectors.public_web.google_maps] - Extracted (83/100): Aavin Milk and Milk Products Authorised Distributor - Quality Agencies
2026-05-16 04:27:59,805 - INFO - [scraper.connectors.public_web.google_maps] - Extracted (84/100): Pest Control & Cleaning Services
2026-05-16 04:28:00,469 - INFO - [scraper.connectors.public_web.google_maps] - No new listings found in view. Scroll attempt 1/5...
2026-05-16 04:28:00,471 - WARNING - [scraper.connectors.public_web.google_maps] - Scrolling issue: Target page, context or browser has been closed
2026-05-16 04:28:00,474 - ERROR - [scraper.connectors.public_web.google_maps] - Critical scraping error: Target page, context or browser has been closed
2026-05-16 04:28:02,250 - INFO - [scraper.connectors.public_web.google_maps] - Saved 90 records to CSV: data/raw/gmaps_restaurants_in_Thiruvananthapuram,_kerala,_India_1778901258.csv
2026-05-16 04:28:02,252 - INFO - [scraper.connectors.public_web.google_maps] - Scrape completed. Total records: 90
2026-05-16 04:28:02,575 - INFO - [scraper.connectors.public_web.google_maps] - Extracted (85/100): Heavens
2026-05-16 04:28:02,577 - INFO - [scraper.connectors.public_web.google_maps] - Saved 85 records to CSV: data/raw/gmaps_agencies_in_Thiruvananthapuram,_kerala,_India_1778903496.csv
2026-05-16 04:28:07,390 - INFO - [scraper.connectors.public_web.google_maps] - Extracted (86/100): Kerala Matrimony, part of Matrimony Group - Vazhuthacaud, Trivandrum
2026-05-16 04:28:09,861 - INFO - [scraper.connectors.public_web.google_maps] - Extracted (87/100): We Care Facility Management Services
2026-05-16 04:28:14,614 - INFO - [scraper.connectors.public_web.google_maps] - No new listings found in view. Scroll attempt 1/5...
2026-05-16 04:28:14,615 - WARNING - [scraper.connectors.public_web.google_maps] - Scrolling issue: Target page, context or browser has been closed
2026-05-16 04:28:14,616 - ERROR - [scraper.connectors.public_web.google_maps] - Critical scraping error: Target page, context or browser has been closed
2026-05-16 04:28:16,383 - INFO - [scraper.connectors.public_web.google_maps] - Saved 87 records to CSV: data/raw/gmaps_agencies_in_Thiruvananthapuram,_kerala,_India_1778903496.csv
2026-05-16 04:28:16,385 - INFO - [scraper.connectors.public_web.google_maps] - Scrape completed. Total records: 87
2026-05-16 04:28:56,475 - INFO - [scraper.connectors.public_web.google_maps] - Starting scrape: 'companies in Thiruvananthapuram, kerala, India' (max: 3)
2026-05-16 04:29:11,942 - INFO - [scraper.connectors.public_web.google_maps] - Search query 'companies in Thiruvananthapuram, kerala, India' submitted.
2026-05-16 04:29:15,135 - INFO - [scraper.connectors.public_web.google_maps] - Starting scrape: 'retail stores in Thiruvananthapuram, kerala, India' (max: 100)
2026-05-16 04:29:25,614 - INFO - [scraper.connectors.public_web.google_maps] - Extracted (1/3): Technopark Trivandrum
2026-05-16 04:29:28,044 - INFO - [scraper.connectors.public_web.google_maps] - Extracted (2/3): Scipy Technologies Pvt Ltd
2026-05-16 04:29:30,360 - INFO - [scraper.connectors.public_web.google_maps] - Extracted (3/3): Vinvish Technologies Pvt. Ltd.
2026-05-16 04:29:34,557 - INFO - [scraper.connectors.public_web.google_maps] - Search query 'retail stores in Thiruvananthapuram, kerala, India' submitted.
2026-05-16 04:29:34,663 - INFO - [scraper.connectors.public_web.google_maps] - Saved 3 records to CSV: data/raw/gmaps_companies_in_Thiruvananthapuram,_kerala,_India_1778905736.csv
2026-05-16 04:29:34,664 - INFO - [scraper.connectors.public_web.google_maps] - Scrape completed. Total records: 3
2026-05-16 04:29:37,144 - INFO - [scraper.connectors.public_web.google_maps] - Starting scrape: 'shops in Thiruvananthapuram, kerala, India' (max: 3)
2026-05-16 04:29:41,243 - INFO - [scraper.connectors.public_web.google_maps] - Starting scrape: 'services in Thiruvananthapuram, kerala, India' (max: 100)
2026-05-16 04:29:46,932 - INFO - [scraper.connectors.public_web.google_maps] - Extracted (1/100): Ramachandran Textiles
2026-05-16 04:29:49,277 - INFO - [scraper.connectors.public_web.google_maps] - Extracted (2/100): Fashion Factory
2026-05-16 04:29:52,301 - INFO - [scraper.connectors.public_web.google_maps] - Extracted (3/100): Variety Mall
2026-05-16 04:29:53,020 - INFO - [scraper.connectors.public_web.google_maps] - Search query 'shops in Thiruvananthapuram, kerala, India' submitted.
2026-05-16 04:29:54,671 - INFO - [scraper.connectors.public_web.google_maps] - Extracted (4/100): Reliance SMART Bazaar
2026-05-16 04:29:57,080 - INFO - [scraper.connectors.public_web.google_maps] - Extracted (5/100): Style PLUS
2026-05-16 04:29:57,080 - INFO - [scraper.connectors.public_web.google_maps] - Saved 5 records to CSV: data/raw/gmaps_retail_stores_in_Thiruvananthapuram,_kerala,_India_1778905755.csv
2026-05-16 04:29:58,358 - INFO - [scraper.connectors.public_web.google_maps] - Search query 'services in Thiruvananthapuram, kerala, India' submitted.
2026-05-16 04:29:59,396 - INFO - [scraper.connectors.public_web.google_maps] - Extracted (6/100): LuLu Fashion Store
2026-05-16 04:30:25,361 - INFO - [scraper.connectors.public_web.google_maps] - No new listings found in view. Scroll attempt 1/5...
2026-05-16 04:30:29,733 - INFO - [scraper.connectors.public_web.google_maps] - Extracted (1/100): AM Customer Service Point
2026-05-16 04:30:30,908 - WARNING - [scraper.connectors.public_web.google_maps] - Scrolling issue: Timeout 30000ms exceeded.
2026-05-16 04:30:31,985 - INFO - [scraper.connectors.public_web.google_maps] - Extracted (2/100): SEWA Kerala
2026-05-16 04:30:34,233 - INFO - [scraper.connectors.public_web.google_maps] - Extracted (3/100): Capital house keeping service
2026-05-16 04:30:42,092 - INFO - [scraper.connectors.public_web.google_maps] - Extracted (1/3): LuLu Mall Thiruvananthapuram
2026-05-16 04:30:44,374 - INFO - [scraper.connectors.public_web.google_maps] - Extracted (4/100): Apple Authorized Service Centre - F1 Info Services, Trivandrum
2026-05-16 04:30:45,326 - INFO - [scraper.connectors.public_web.google_maps] - Extracted (2/3): Variety Mall
2026-05-16 04:30:47,178 - INFO - [scraper.connectors.public_web.google_maps] - Extracted (5/100): No service
2026-05-16 04:30:47,179 - INFO - [scraper.connectors.public_web.google_maps] - Saved 5 records to CSV: data/raw/gmaps_services_in_Thiruvananthapuram,_kerala,_India_1778905781.csv
2026-05-16 04:30:48,256 - INFO - [scraper.connectors.public_web.google_maps] - No new listings found in view. Scroll attempt 1/5...
2026-05-16 04:30:49,687 - INFO - [scraper.connectors.public_web.google_maps] - Extracted (6/100): Clean & Clean Hygiene Services
2026-05-16 04:30:50,539 - INFO - [scraper.connectors.public_web.google_maps] - Extracted (3/3): Ramachandran Textiles
2026-05-16 04:30:51,962 - INFO - [scraper.connectors.public_web.google_maps] - Extracted (7/100): Trinity Solutions- Sony Authorized Service Center, Trivandrum
2026-05-16 04:31:15,031 - INFO - [scraper.connectors.public_web.google_maps] - Extracted (8/100): KERALA UNIVERSITY TRANSCRIPT/ATTESTATION SERVICES/ABS TRANSCRIPT/ABSEDUCATIONSERVICE
2026-05-16 04:31:16,063 - INFO - [scraper.connectors.public_web.google_maps] - Saved 3 records to CSV: data/raw/gmaps_shops_in_Thiruvananthapuram,_kerala,_India_1778905777.csv
2026-05-16 04:31:16,063 - INFO - [scraper.connectors.public_web.google_maps] - Scrape completed. Total records: 3
2026-05-16 04:31:16,875 - INFO - [scraper.connectors.public_web.google_maps] - Starting scrape: 'hospitals in Thiruvananthapuram, kerala, India' (max: 3)
2026-05-16 04:31:17,683 - INFO - [scraper.connectors.public_web.google_maps] - Extracted (9/100): My Secretary Services
2026-05-16 04:31:22,326 - INFO - [scraper.connectors.public_web.google_maps] - Extracted (7/100): RETAIL.ROAD EXPORT SURPLUS
2026-05-16 04:31:24,767 - INFO - [scraper.connectors.public_web.google_maps] - Extracted (8/100): LuLu Hypermarket Thiruvananthapuram
2026-05-16 04:31:29,693 - INFO - [scraper.connectors.public_web.google_maps] - Extracted (9/100): We Store Trivandrum
2026-05-16 04:31:32,211 - INFO - [scraper.connectors.public_web.google_maps] - Extracted (10/100): AV SERVICES
2026-05-16 04:31:32,212 - INFO - [scraper.connectors.public_web.google_maps] - Saved 10 records to CSV: data/raw/gmaps_services_in_Thiruvananthapuram,_kerala,_India_1778905781.csv
2026-05-16 04:31:34,180 - INFO - [scraper.connectors.public_web.google_maps] - Search query 'hospitals in Thiruvananthapuram, kerala, India' submitted.
2026-05-16 04:31:34,516 - INFO - [scraper.connectors.public_web.google_maps] - Extracted (11/100): Service Expert
2026-05-16 04:31:37,155 - INFO - [scraper.connectors.public_web.google_maps] - Extracted (12/100): Home Nursing and House Maid Service Trivandrum
2026-05-16 04:32:05,607 - INFO - [scraper.connectors.public_web.google_maps] - Extracted (13/100): The Kerala Service Company Ltd
2026-05-16 04:32:09,914 - INFO - [scraper.connectors.public_web.google_maps] - Extracted (1/3): SP Medifort Hospital
2026-05-16 04:32:12,565 - INFO - [scraper.connectors.public_web.google_maps] - Extracted (2/3): Sree Uthradom Thirunal (SUT) Hospital
2026-05-16 04:32:13,701 - INFO - [scraper.connectors.public_web.google_maps] - Extracted (10/100): City Stores
2026-05-16 04:32:13,702 - INFO - [scraper.connectors.public_web.google_maps] - Saved 10 records to CSV: data/raw/gmaps_retail_stores_in_Thiruvananthapuram,_kerala,_India_1778905755.csv
2026-05-16 04:32:16,153 - INFO - [scraper.connectors.public_web.google_maps] - Extracted (11/100): Bean Town, The Pop-Up Store, Trivandrum
2026-05-16 04:32:18,947 - INFO - [scraper.connectors.public_web.google_maps] - Extracted (12/100): Mall of Travancore
2026-05-16 04:32:19,763 - INFO - [scraper.connectors.public_web.google_maps] - Extracted (3/3): GG Hospital
2026-05-16 04:32:50,240 - INFO - [scraper.connectors.public_web.google_maps] - Saved 3 records to CSV: data/raw/gmaps_hospitals_in_Thiruvananthapuram,_kerala,_India_1778905876.csv
2026-05-16 04:32:50,240 - INFO - [scraper.connectors.public_web.google_maps] - Scrape completed. Total records: 3
2026-05-16 04:32:50,928 - INFO - [scraper.connectors.public_web.google_maps] - Starting scrape: 'clinics in Thiruvananthapuram, kerala, India' (max: 3)
2026-05-16 04:32:54,593 - INFO - [scraper.connectors.public_web.google_maps] - Extracted (14/100): Total Care Security
2026-05-16 04:32:57,277 - INFO - [scraper.connectors.public_web.google_maps] - Extracted (15/100): Mr. Handyman
2026-05-16 04:32:57,277 - INFO - [scraper.connectors.public_web.google_maps] - Saved 15 records to CSV: data/raw/gmaps_services_in_Thiruvananthapuram,_kerala,_India_1778905781.csv
2026-05-16 04:32:59,839 - INFO - [scraper.connectors.public_web.google_maps] - Extracted (16/100): Lenovo Service Center - CTDI Globle Infocom
2026-05-16 04:33:02,585 - INFO - [scraper.connectors.public_web.google_maps] - Extracted (17/100): Sameway Maintenance Solutions
2026-05-16 04:33:05,208 - INFO - [scraper.connectors.public_web.google_maps] - Extracted (18/100): Philips Engineering Services
2026-05-16 04:33:07,759 - INFO - [scraper.connectors.public_web.google_maps] - Extracted (19/100): Service Consultants
2026-05-16 04:33:10,291 - INFO - [scraper.connectors.public_web.google_maps] - Extracted (20/100): Vinayaka Services
2026-05-16 04:33:10,292 - INFO - [scraper.connectors.public_web.google_maps] - Saved 20 records to CSV: data/raw/gmaps_services_in_Thiruvananthapuram,_kerala,_India_1778905781.csv
2026-05-16 04:33:13,746 - INFO - [scraper.connectors.public_web.google_maps] - Search query 'clinics in Thiruvananthapuram, kerala, India' submitted.
2026-05-16 04:33:41,367 - INFO - [scraper.connectors.public_web.google_maps] - Extracted (21/100): Grace Care Solution
2026-05-16 04:33:45,575 - INFO - [scraper.connectors.public_web.google_maps] - Extracted (1/3): Dr Anugra Baburaj Cosmetologist | Skin Care Clinic Trivandrum
2026-05-16 04:33:48,786 - INFO - [scraper.connectors.public_web.google_maps] - Extracted (2/3): Dr. Yogiraj Centre for Dermatology & Cosmetology Hair transplantation
2026-05-16 04:33:48,948 - INFO - [scraper.connectors.public_web.google_maps] - Extracted (13/100): Babu Store Wholesale and Retail
2026-05-16 04:33:50,650 - INFO - [scraper.connectors.public_web.google_maps] - Extracted (22/100): SEO Services in Kerala
2026-05-16 04:33:51,756 - INFO - [scraper.connectors.public_web.google_maps] - Extracted (14/100): Max
2026-05-16 04:33:53,896 - INFO - [scraper.connectors.public_web.google_maps] - Extracted (3/3): Ageless Skin Clinic
2026-05-16 04:33:55,723 - INFO - [scraper.connectors.public_web.google_maps] - Extracted (23/100): Delta Security Services
2026-05-16 04:33:56,814 - INFO - [scraper.connectors.public_web.google_maps] - Extracted (15/100): Family Shopping Centre
2026-05-16 04:33:56,815 - INFO - [scraper.connectors.public_web.google_maps] - Saved 15 records to CSV: data/raw/gmaps_retail_stores_in_Thiruvananthapuram,_kerala,_India_1778905755.csv
2026-05-16 04:34:23,387 - INFO - [scraper.connectors.public_web.google_maps] - Saved 3 records to CSV: data/raw/gmaps_clinics_in_Thiruvananthapuram,_kerala,_India_1778905970.csv
2026-05-16 04:34:23,387 - INFO - [scraper.connectors.public_web.google_maps] - Scrape completed. Total records: 3
2026-05-16 04:34:24,177 - INFO - [scraper.connectors.public_web.google_maps] - Starting scrape: 'restaurants in Thiruvananthapuram, kerala, India' (max: 3)
2026-05-16 04:34:42,168 - INFO - [scraper.connectors.public_web.google_maps] - Search query 'restaurants in Thiruvananthapuram, kerala, India' submitted.
2026-05-16 04:35:10,519 - INFO - [scraper.connectors.public_web.google_maps] - Extracted (16/100): EasyBuy
2026-05-16 04:35:15,053 - INFO - [scraper.connectors.public_web.google_maps] - Extracted (1/3): Cafe Jade - All Day Dining (24X7)
2026-05-16 04:35:19,347 - INFO - [scraper.connectors.public_web.google_maps] - Extracted (2/3): Villa Maya
2026-05-16 04:35:21,888 - INFO - [scraper.connectors.public_web.google_maps] - Extracted (3/3): Paragon Restaurant
2026-05-16 04:35:42,652 - INFO - [scraper.connectors.public_web.google_maps] - Extracted (24/100): SS Services
2026-05-16 04:35:43,988 - INFO - [scraper.connectors.public_web.google_maps] - Saved 3 records to CSV: data/raw/gmaps_restaurants_in_Thiruvananthapuram,_kerala,_India_1778906064.csv
2026-05-16 04:35:43,988 - INFO - [scraper.connectors.public_web.google_maps] - Scrape completed. Total records: 3
2026-05-16 04:35:44,639 - INFO - [scraper.connectors.public_web.google_maps] - Starting scrape: 'retail stores in Thiruvananthapuram, kerala, India' (max: 3)
2026-05-16 04:35:45,404 - INFO - [scraper.connectors.public_web.google_maps] - Extracted (25/100): Clean Master
2026-05-16 04:35:45,405 - INFO - [scraper.connectors.public_web.google_maps] - Saved 25 records to CSV: data/raw/gmaps_services_in_Thiruvananthapuram,_kerala,_India_1778905781.csv
2026-05-16 04:35:47,857 - INFO - [scraper.connectors.public_web.google_maps] - Extracted (17/100): Chellam Umbrella Mart
2026-05-16 04:35:53,762 - INFO - [scraper.connectors.public_web.google_maps] - Extracted (18/100): Jayalakshmi Silks
2026-05-16 04:36:03,717 - INFO - [scraper.connectors.public_web.google_maps] - Extracted (26/100): Green Placement
2026-05-16 04:36:04,625 - INFO - [scraper.connectors.public_web.google_maps] - Search query 'retail stores in Thiruvananthapuram, kerala, India' submitted.
2026-05-16 04:36:18,591 - INFO - [scraper.connectors.public_web.google_maps] - Extracted (19/100): Derik Mart Apparels (Thiruvananthapuram)
2026-05-16 04:36:21,088 - INFO - [scraper.connectors.public_web.google_maps] - Extracted (20/100): Prisma Store
2026-05-16 04:36:21,089 - INFO - [scraper.connectors.public_web.google_maps] - Saved 20 records to CSV: data/raw/gmaps_retail_stores_in_Thiruvananthapuram,_kerala,_India_1778905755.csv
2026-05-16 04:36:23,925 - INFO - [scraper.connectors.public_web.google_maps] - Extracted (27/100): Malankara Social Service Society
2026-05-16 04:36:28,579 - INFO - [scraper.connectors.public_web.google_maps] - Extracted (1/3): Style PLUS
2026-05-16 04:36:30,718 - INFO - [scraper.connectors.public_web.google_maps] - Extracted (28/100): 4 M Security & Allied Services Pvt. Ltd
2026-05-16 04:36:32,967 - INFO - [scraper.connectors.public_web.google_maps] - Extracted (2/3): Ramachandran Textiles
2026-05-16 04:36:35,925 - INFO - [scraper.connectors.public_web.google_maps] - Extracted (29/100): Kerala Public Service Commission
2026-05-16 04:36:37,836 - INFO - [scraper.connectors.public_web.google_maps] - Extracted (3/3): Variety Mall
2026-05-16 04:37:03,761 - INFO - [scraper.connectors.public_web.google_maps] - Saved 3 records to CSV: data/raw/gmaps_retail_stores_in_Thiruvananthapuram,_kerala,_India_1778906144.csv
2026-05-16 04:37:03,762 - INFO - [scraper.connectors.public_web.google_maps] - Scrape completed. Total records: 3
2026-05-16 04:37:04,473 - INFO - [scraper.connectors.public_web.google_maps] - Starting scrape: 'agencies in Thiruvananthapuram, kerala, India' (max: 3)
2026-05-16 04:37:25,489 - INFO - [scraper.connectors.public_web.google_maps] - Search query 'agencies in Thiruvananthapuram, kerala, India' submitted.
2026-05-16 04:37:31,286 - INFO - [scraper.connectors.public_web.google_maps] - Extracted (21/100): Basics Life. Trivandrum
2026-05-16 04:37:53,176 - INFO - [scraper.connectors.public_web.google_maps] - Extracted (1/3): Worldstar Enterprises, Trivandrum jobs
2026-05-16 04:37:55,850 - INFO - [scraper.connectors.public_web.google_maps] - Extracted (2/3): Career Home | Placement Service, Facility Management and Job consultancy
2026-05-16 04:38:01,682 - INFO - [scraper.connectors.public_web.google_maps] - Extracted (3/3): RCD HR SOLUTIONS
2026-05-16 04:38:27,626 - INFO - [scraper.connectors.public_web.google_maps] - Saved 3 records to CSV: data/raw/gmaps_agencies_in_Thiruvananthapuram,_kerala,_India_1778906224.csv
2026-05-16 04:38:27,626 - INFO - [scraper.connectors.public_web.google_maps] - Scrape completed. Total records: 3
2026-05-16 04:38:28,211 - INFO - [scraper.connectors.public_web.google_maps] - Starting scrape: 'services in Thiruvananthapuram, kerala, India' (max: 3)
2026-05-16 04:38:36,082 - INFO - [scraper.connectors.public_web.google_maps] - Extracted (22/100): Oxygen Digital Shop - Pattom
2026-05-16 04:38:38,567 - INFO - [scraper.connectors.public_web.google_maps] - Extracted (23/100): PETER ENGLAND SHOWROOM- PULIMOODU, THIRUVANANTHAPURAM
2026-05-16 04:38:45,352 - INFO - [scraper.connectors.public_web.google_maps] - Search query 'services in Thiruvananthapuram, kerala, India' submitted.
2026-05-16 04:39:15,743 - INFO - [scraper.connectors.public_web.google_maps] - Extracted (1/3): KERALA UNIVERSITY TRANSCRIPT/ATTESTATION SERVICES/ABS TRANSCRIPT/ABSEDUCATIONSERVICE
2026-05-16 04:39:18,729 - INFO - [scraper.connectors.public_web.google_maps] - Extracted (2/3): My Secretary Services
2026-05-16 04:39:20,676 - INFO - [scraper.connectors.public_web.google_maps] - Extracted (30/100): Nova Services
2026-05-16 04:39:20,677 - INFO - [scraper.connectors.public_web.google_maps] - Saved 30 records to CSV: data/raw/gmaps_services_in_Thiruvananthapuram,_kerala,_India_1778905781.csv
2026-05-16 04:39:21,392 - INFO - [scraper.connectors.public_web.google_maps] - Extracted (3/3): Lenovo Service Center - CTDI Globle Infocom
2026-05-16 04:39:23,317 - INFO - [scraper.connectors.public_web.google_maps] - Extracted (31/100): REFILL STATION
2026-05-16 04:39:30,550 - INFO - [scraper.connectors.public_web.google_maps] - Saved 3 records to CSV: data/raw/gmaps_services_in_Thiruvananthapuram,_kerala,_India_1778906308.csv
2026-05-16 04:39:30,551 - INFO - [scraper.connectors.public_web.google_maps] - Scrape completed. Total records: 3
2026-05-16 04:39:30,765 - INFO - [scraper.connectors.public_web.google_maps] - Extracted (32/100): We Care Facility Management Services
2026-05-16 04:39:31,443 - INFO - [scraper.connectors.public_web.google_maps] - Starting scrape: 'factories in Thiruvananthapuram, kerala, India' (max: 3)
2026-05-16 04:39:37,483 - INFO - [scraper.connectors.public_web.google_maps] - Extracted (33/100): Rentokil Initial Hygiene India - Kerala
2026-05-16 04:40:14,736 - INFO - [scraper.connectors.public_web.google_maps] - Search query 'factories in Thiruvananthapuram, kerala, India' submitted.
2026-05-16 04:40:16,999 - INFO - [scraper.connectors.public_web.google_maps] - Extracted (24/100): Allen Solly Store
2026-05-16 04:40:22,008 - INFO - [scraper.connectors.public_web.google_maps] - Extracted (25/100): Decathlon Sports - Trivandrum
2026-05-16 04:40:22,010 - INFO - [scraper.connectors.public_web.google_maps] - Saved 25 records to CSV: data/raw/gmaps_retail_stores_in_Thiruvananthapuram,_kerala,_India_1778905755.csv
2026-05-16 04:40:26,789 - INFO - [scraper.connectors.public_web.google_maps] - Extracted (26/100): TRENDS
2026-05-16 04:40:27,296 - INFO - [scraper.connectors.public_web.google_maps] - Extracted (1/3): Travancore Titanium Products Limited
2026-05-16 04:40:50,080 - INFO - [scraper.connectors.public_web.google_maps] - Extracted (2/3): The India Cements Ltd
2026-05-16 04:40:52,476 - INFO - [scraper.connectors.public_web.google_maps] - Extracted (3/3): Fresh N Fine Products (India) Pvt. Ltd
2026-05-16 04:40:57,085 - INFO - [scraper.connectors.public_web.google_maps] - Saved 3 records to CSV: data/raw/gmaps_factories_in_Thiruvananthapuram,_kerala,_India_1778906371.csv
2026-05-16 04:40:57,085 - INFO - [scraper.connectors.public_web.google_maps] - Scrape completed. Total records: 3
2026-05-16 04:41:02,189 - INFO - [scraper.connectors.public_web.google_maps] - Extracted (27/100): Vinayaka Super Market
2026-05-16 04:41:04,989 - INFO - [scraper.connectors.public_web.google_maps] - Extracted (28/100): MKS Store
2026-05-16 04:41:51,850 - INFO - [scraper.connectors.public_web.google_maps] - Extracted (34/100): OM ONLINE SERVICES
2026-05-16 04:42:22,639 - INFO - [scraper.connectors.public_web.google_maps] - Extracted (35/100): ONLINE SERVICES
2026-05-16 04:42:22,642 - INFO - [scraper.connectors.public_web.google_maps] - Saved 35 records to CSV: data/raw/gmaps_services_in_Thiruvananthapuram,_kerala,_India_1778905781.csv
2026-05-16 04:42:25,037 - INFO - [scraper.connectors.public_web.google_maps] - Extracted (36/100): Sulabh International Social Service Organisation
2026-05-16 04:42:27,703 - INFO - [scraper.connectors.public_web.google_maps] - Extracted (37/100): TrueLine Facility Management Service
2026-05-16 04:42:30,145 - INFO - [scraper.connectors.public_web.google_maps] - Extracted (38/100): DHL Express (India) Pvt. Ltd
2026-05-16 04:42:37,092 - INFO - [scraper.connectors.public_web.google_maps] - Extracted (39/100): RevolxIT Learning and AI solutions Pvt Ltd(Previously STC Technology)
2026-05-16 04:42:39,603 - INFO - [scraper.connectors.public_web.google_maps] - Extracted (40/100): Civil Service Institute Pala, Trivandrum Campus
2026-05-16 04:42:39,604 - INFO - [scraper.connectors.public_web.google_maps] - Saved 40 records to CSV: data/raw/gmaps_services_in_Thiruvananthapuram,_kerala,_India_1778905781.csv
2026-05-16 04:42:42,114 - INFO - [scraper.connectors.public_web.google_maps] - Extracted (41/100): Gate light solutions
2026-05-16 04:42:44,561 - INFO - [scraper.connectors.public_web.google_maps] - Extracted (42/100): Signs & Marks
2026-05-16 04:42:47,144 - INFO - [scraper.connectors.public_web.google_maps] - Extracted (43/100): National career service center for differently abled
2026-05-16 04:42:49,785 - INFO - [scraper.connectors.public_web.google_maps] - Extracted (44/100): smash cleaning company
2026-05-16 04:42:54,350 - INFO - [scraper.connectors.public_web.google_maps] - Extracted (45/100): SAP Consultancy & Training Services(SAPC)
2026-05-16 04:42:54,352 - INFO - [scraper.connectors.public_web.google_maps] - Saved 45 records to CSV: data/raw/gmaps_services_in_Thiruvananthapuram,_kerala,_India_1778905781.csv
2026-05-16 04:44:02,983 - INFO - [scraper.connectors.public_web.google_maps] - Extracted (29/100): Melel She Square
2026-05-16 04:44:07,873 - INFO - [scraper.connectors.public_web.google_maps] - Extracted (30/100): More Supermarket
2026-05-16 04:44:07,877 - INFO - [scraper.connectors.public_web.google_maps] - Saved 30 records to CSV: data/raw/gmaps_retail_stores_in_Thiruvananthapuram,_kerala,_India_1778905755.csv
2026-05-16 04:44:13,729 - INFO - [scraper.connectors.public_web.google_maps] - Extracted (31/100): Balaji Winners Store
2026-05-16 04:44:18,928 - INFO - [scraper.connectors.public_web.google_maps] - Extracted (32/100): 2PAC Kesavadasapuram Junction Trivandrum
2026-05-16 04:44:26,868 - INFO - [scraper.connectors.public_web.google_maps] - Extracted (33/100): Amart Stores & Supermarket
2026-05-16 04:45:31,686 - INFO - [scraper.connectors.public_web.google_maps] - Extracted (46/100): AVM Facility Management
2026-05-16 04:45:48,893 - INFO - [scraper.connectors.public_web.google_maps] - Extracted (34/100): Van Heusen Men & Women Clothing Store, M.G Road - Trivandrum
2026-05-16 04:46:09,172 - INFO - [scraper.connectors.public_web.google_maps] - Extracted (35/100): PUMA Store
2026-05-16 04:46:09,174 - INFO - [scraper.connectors.public_web.google_maps] - Saved 35 records to CSV: data/raw/gmaps_retail_stores_in_Thiruvananthapuram,_kerala,_India_1778905755.csv
2026-05-16 04:46:14,469 - INFO - [scraper.connectors.public_web.google_maps] - Extracted (36/100): Avenue Centre Shoppe Multi Branded Shopping Complex
2026-05-16 04:46:16,656 - INFO - [scraper.connectors.public_web.google_maps] - Extracted (47/100): BASE LANDS Services & Solutions Consultants
2026-05-16 04:46:22,037 - INFO - [scraper.connectors.public_web.google_maps] - Extracted (48/100): Thalikkunnil Sales Incorporate
2026-05-16 04:46:24,492 - INFO - [scraper.connectors.public_web.google_maps] - Extracted (49/100): Manoj Hire Services
2026-05-16 04:46:36,408 - INFO - [scraper.connectors.public_web.google_maps] - Extracted (50/100): BMG SECURITY SERVICES
2026-05-16 04:46:36,410 - INFO - [scraper.connectors.public_web.google_maps] - Saved 50 records to CSV: data/raw/gmaps_services_in_Thiruvananthapuram,_kerala,_India_1778905781.csv
2026-05-16 04:46:49,565 - INFO - [scraper.connectors.public_web.google_maps] - Extracted (51/100): Home Nursing Service
2026-05-16 04:46:54,350 - INFO - [scraper.connectors.public_web.google_maps] - Extracted (37/100): RMC MULTISHOPPE SUPERMARKET
2026-05-16 04:46:57,191 - INFO - [scraper.connectors.public_web.google_maps] - Extracted (38/100): Chithra Store
2026-05-16 04:47:02,128 - INFO - [scraper.connectors.public_web.google_maps] - Extracted (39/100): Sahakarana Super Bazaar
2026-05-16 04:47:43,990 - INFO - [scraper.connectors.public_web.google_maps] - Extracted (40/100): Godrej Interio - Furniture Store in Palayam, Thiruvananthapuram
2026-05-16 04:47:43,992 - INFO - [scraper.connectors.public_web.google_maps] - Saved 40 records to CSV: data/raw/gmaps_retail_stores_in_Thiruvananthapuram,_kerala,_India_1778905755.csv
2026-05-16 04:47:53,416 - INFO - [scraper.connectors.public_web.google_maps] - Extracted (41/100): Wildcraft
2026-05-16 04:48:07,339 - INFO - [scraper.connectors.public_web.google_maps] - Extracted (42/100): Ananth Store
2026-05-16 04:48:12,529 - INFO - [scraper.connectors.public_web.google_maps] - Extracted (43/100): SONU Shopping Centre
2026-05-16 04:48:30,452 - INFO - [scraper.connectors.public_web.google_maps] - Extracted (52/100): TidyGlow
2026-05-16 04:50:05,802 - INFO - [scraper.connectors.public_web.google_maps] - Extracted (53/100): Divya matha Home Nursing services
2026-05-16 04:50:08,318 - INFO - [scraper.connectors.public_web.google_maps] - Extracted (54/100): FALKEN SECURITY& FACILITY SERVICES PVT LTD
2026-05-16 04:50:28,738 - INFO - [scraper.connectors.public_web.google_maps] - Extracted (44/100): Buy 'N' Save margin free Bazaar, trivandrum
2026-05-16 04:50:31,462 - INFO - [scraper.connectors.public_web.google_maps] - Extracted (55/100): Uber - Centro de Activación
2026-05-16 04:50:31,465 - INFO - [scraper.connectors.public_web.google_maps] - Saved 55 records to CSV: data/raw/gmaps_services_in_Thiruvananthapuram,_kerala,_India_1778905781.csv
2026-05-16 04:50:36,355 - INFO - [scraper.connectors.public_web.google_maps] - Extracted (56/100): LIFE CARE SERVICE HUB
2026-05-16 04:50:39,116 - INFO - [scraper.connectors.public_web.google_maps] - Extracted (57/100): SI Property (Kerala) Private Ltd
2026-05-16 04:50:43,847 - INFO - [scraper.connectors.public_web.google_maps] - Extracted (58/100): Pooja Ambulance Service
2026-05-16 04:50:47,700 - INFO - [scraper.connectors.public_web.google_maps] - Extracted (59/100): SKS CONSULTANCY
2026-05-16 04:50:50,565 - INFO - [scraper.connectors.public_web.google_maps] - Extracted (45/100): Ramraj Cotton - Pattom, Thiruvananthapuram
2026-05-16 04:50:50,567 - INFO - [scraper.connectors.public_web.google_maps] - Saved 45 records to CSV: data/raw/gmaps_retail_stores_in_Thiruvananthapuram,_kerala,_India_1778905755.csv
2026-05-16 04:50:53,811 - INFO - [scraper.connectors.public_web.google_maps] - Extracted (60/100): THARAVATTIL Outdoor Catering Service
2026-05-16 04:50:53,813 - INFO - [scraper.connectors.public_web.google_maps] - Saved 60 records to CSV: data/raw/gmaps_services_in_Thiruvananthapuram,_kerala,_India_1778905781.csv
2026-05-16 04:50:59,611 - INFO - [scraper.connectors.public_web.google_maps] - Extracted (61/100): Chaithanya Outdoor Catering Services
2026-05-16 04:50:59,854 - INFO - [scraper.connectors.public_web.google_maps] - Extracted (46/100): Le Panache Trivandrum
2026-05-16 04:51:15,902 - INFO - [scraper.connectors.public_web.google_maps] - Extracted (62/100): Aerobic Bin Of Thiruvananthapuram City Corporation
2026-05-16 04:51:15,905 - INFO - [scraper.connectors.public_web.google_maps] - Extracted (47/100): kappa
2026-05-16 04:51:20,619 - INFO - [scraper.connectors.public_web.google_maps] - Extracted (63/100): Excellent Home Nursing Trivandrum
2026-05-16 04:51:25,897 - INFO - [scraper.connectors.public_web.google_maps] - Extracted (64/100): Swiggy Onboarding Office Thiruvananthapuram
2026-05-16 04:51:51,964 - INFO - [scraper.connectors.public_web.google_maps] - Extracted (48/100): Organic India Store
2026-05-16 04:51:57,778 - INFO - [scraper.connectors.public_web.google_maps] - Extracted (49/100): S.M Stores
2026-05-16 04:54:26,612 - INFO - [scraper.connectors.public_web.google_maps] - Extracted (50/100): Samsung Experience Store Pattom
2026-05-16 04:54:26,613 - INFO - [scraper.connectors.public_web.google_maps] - Saved 50 records to CSV: data/raw/gmaps_retail_stores_in_Thiruvananthapuram,_kerala,_India_1778905755.csv
2026-05-16 04:55:24,355 - INFO - [scraper.connectors.public_web.google_maps] - Extracted (65/100): Anna Catering Service & Anna Marriage Event
2026-05-16 04:55:24,356 - INFO - [scraper.connectors.public_web.google_maps] - Saved 65 records to CSV: data/raw/gmaps_services_in_Thiruvananthapuram,_kerala,_India_1778905781.csv
2026-05-16 04:55:32,723 - INFO - [scraper.connectors.public_web.google_maps] - Extracted (66/100): Oxygen Digital Shop - Pattom
2026-05-16 04:55:40,428 - INFO - [scraper.connectors.public_web.google_maps] - Extracted (67/100): Universal Manpower Service, Trivandrum
2026-05-16 04:56:00,957 - INFO - [scraper.connectors.public_web.google_maps] - Extracted (68/100): MANASI TOUR OPERATOR AND COMMON SERVICE CENTRE
2026-05-16 04:56:05,739 - INFO - [scraper.connectors.public_web.google_maps] - Extracted (69/100): IBIZ Technology | Internet Leased Line | MPLS | CLOUD | WIFI Solution | Sip Trunk
2026-05-16 04:56:06,623 - INFO - [scraper.connectors.public_web.google_maps] - Extracted (51/100): Offer Bazaar
2026-05-16 04:56:12,210 - INFO - [scraper.connectors.public_web.google_maps] - Extracted (52/100): Giant Margin Free Store
2026-05-16 04:56:13,433 - INFO - [scraper.connectors.public_web.google_maps] - Extracted (70/100): Delta Services
2026-05-16 04:56:13,436 - INFO - [scraper.connectors.public_web.google_maps] - Saved 70 records to CSV: data/raw/gmaps_services_in_Thiruvananthapuram,_kerala,_India_1778905781.csv
2026-05-16 04:56:17,473 - INFO - [scraper.connectors.public_web.google_maps] - Extracted (71/100): Kaigo Home Healthcare
2026-05-16 04:56:17,708 - INFO - [scraper.connectors.public_web.google_maps] - Extracted (53/100): myG Pattom
2026-05-16 04:56:25,340 - INFO - [scraper.connectors.public_web.google_maps] - Extracted (72/100): Centre for Management Development
2026-05-16 04:56:28,379 - INFO - [scraper.connectors.public_web.google_maps] - Extracted (54/100): GRIHA WHOLESALE AND RETAIL
2026-05-16 04:59:44,108 - INFO - [scraper.connectors.public_web.google_maps] - Extracted (55/100): Fashion Tab
2026-05-16 04:59:44,110 - INFO - [scraper.connectors.public_web.google_maps] - Saved 55 records to CSV: data/raw/gmaps_retail_stores_in_Thiruvananthapuram,_kerala,_India_1778905755.csv
2026-05-16 05:00:06,427 - INFO - [scraper.connectors.public_web.google_maps] - Extracted (56/100): BINARY The Goodlife Store
2026-05-16 05:00:17,695 - INFO - [scraper.connectors.public_web.google_maps] - Extracted (57/100): Vanaura Organics Store Trivandrum
2026-05-16 05:00:32,117 - INFO - [scraper.connectors.public_web.google_maps] - Extracted (58/100): Go Colors - MG Road, Trivandrum | Women's Bottom Wear Store
2026-05-16 05:00:39,806 - INFO - [scraper.connectors.public_web.google_maps] - Extracted (59/100): Ethnic Weaves Boutique
2026-05-16 05:00:48,079 - INFO - [scraper.connectors.public_web.google_maps] - Extracted (60/100): Louis Philippe - Pattom
2026-05-16 05:00:48,080 - INFO - [scraper.connectors.public_web.google_maps] - Saved 60 records to CSV: data/raw/gmaps_retail_stores_in_Thiruvananthapuram,_kerala,_India_1778905755.csv
2026-05-16 05:00:56,924 - INFO - [scraper.connectors.public_web.google_maps] - Extracted (61/100): SM STORE
2026-05-16 05:01:01,830 - INFO - [scraper.connectors.public_web.google_maps] - Extracted (73/100): common service centre mahindra
2026-05-16 05:01:04,509 - INFO - [scraper.connectors.public_web.google_maps] - Extracted (74/100): Jeyem Express Cargo
2026-05-16 05:01:15,411 - INFO - [scraper.connectors.public_web.google_maps] - Extracted (75/100): INTERNATIONAL COURIER
2026-05-16 05:01:15,413 - INFO - [scraper.connectors.public_web.google_maps] - Saved 75 records to CSV: data/raw/gmaps_services_in_Thiruvananthapuram,_kerala,_India_1778905781.csv
2026-05-16 05:01:24,252 - INFO - [scraper.connectors.public_web.google_maps] - Extracted (62/100): JS CRAFT STORE
2026-05-16 05:01:25,654 - INFO - [scraper.connectors.public_web.google_maps] - Extracted (76/100): Smartline Services
2026-05-16 05:01:28,423 - INFO - [scraper.connectors.public_web.google_maps] - Extracted (77/100): EasyNet Digital
2026-05-16 05:01:29,970 - INFO - [scraper.connectors.public_web.google_maps] - Extracted (63/100): Pepperfry Kesavadasapuram - Multi Brand Furniture, Mattress & Home Furnishings Shop
2026-05-16 05:01:33,258 - INFO - [scraper.connectors.public_web.google_maps] - Extracted (78/100): The Professional Couriers
2026-05-16 05:01:39,618 - INFO - [scraper.connectors.public_web.google_maps] - Extracted (79/100): Teknokraaft Info Systems
2026-05-16 05:01:54,878 - INFO - [scraper.connectors.public_web.google_maps] - Extracted (80/100): Care Health Insurance
2026-05-16 05:01:54,880 - INFO - [scraper.connectors.public_web.google_maps] - Saved 80 records to CSV: data/raw/gmaps_services_in_Thiruvananthapuram,_kerala,_India_1778905781.csv
2026-05-16 05:02:00,687 - INFO - [scraper.connectors.public_web.google_maps] - Extracted (81/100): Decathlon Sports - Trivandrum
2026-05-16 05:05:31,541 - INFO - [scraper.connectors.public_web.google_maps] - Extracted (64/100): More Supermarket - Marappalam
2026-05-16 05:06:39,446 - INFO - [scraper.connectors.public_web.google_maps] - Extracted (65/100): Mahadev's Shop 'N' Save
2026-05-16 05:06:39,449 - INFO - [scraper.connectors.public_web.google_maps] - Saved 65 records to CSV: data/raw/gmaps_retail_stores_in_Thiruvananthapuram,_kerala,_India_1778905755.csv
2026-05-16 05:06:44,267 - INFO - [scraper.connectors.public_web.google_maps] - Extracted (66/100): Lulu Connect
2026-05-16 05:07:00,984 - INFO - [scraper.connectors.public_web.google_maps] - Extracted (67/100): S S Stores
2026-05-16 05:07:05,797 - INFO - [scraper.connectors.public_web.google_maps] - Extracted (82/100): J Square Mobiles - Main Branch, Sreyas Building, Ulloor
2026-05-16 05:07:15,746 - INFO - [scraper.connectors.public_web.google_maps] - Extracted (83/100): Prime Weddings and Events - Wedding Event Management Trivandrum
2026-05-16 05:07:20,635 - INFO - [scraper.connectors.public_web.google_maps] - Extracted (84/100): Medisol Placements Private Limited :Leading Healthcare recruitment consultancy
2026-05-16 05:07:25,888 - INFO - [scraper.connectors.public_web.google_maps] - Extracted (68/100): Looms & Weaves
2026-05-16 05:07:27,803 - INFO - [scraper.connectors.public_web.google_maps] - Extracted (85/100): Onbyz Automations
2026-05-16 05:07:27,805 - INFO - [scraper.connectors.public_web.google_maps] - Saved 85 records to CSV: data/raw/gmaps_services_in_Thiruvananthapuram,_kerala,_India_1778905781.csv
2026-05-16 05:07:41,693 - INFO - [scraper.connectors.public_web.google_maps] - Extracted (86/100): Mythri Home Nursing Service
2026-05-16 05:07:57,535 - INFO - [scraper.connectors.public_web.google_maps] - Extracted (87/100): Rajeevam Manpower Consultant
2026-05-16 05:12:00,433 - INFO - [scraper.connectors.public_web.google_maps] - Extracted (88/100): Soorya Catering (Pure Vegetarian)
2026-05-16 05:12:23,812 - INFO - [scraper.connectors.public_web.google_maps] - Extracted (69/100): Keerthi Stores, HS Junction, Kachani
2026-05-16 05:12:57,394 - INFO - [scraper.connectors.public_web.google_maps] - Extracted (70/100): The Haven Supermarket & Apartments
2026-05-16 05:12:57,396 - INFO - [scraper.connectors.public_web.google_maps] - Saved 70 records to CSV: data/raw/gmaps_retail_stores_in_Thiruvananthapuram,_kerala,_India_1778905755.csv
2026-05-16 05:13:25,281 - INFO - [scraper.connectors.public_web.google_maps] - Extracted (71/100): Connemara Market, Palayam
2026-05-16 05:13:28,402 - INFO - [scraper.connectors.public_web.google_maps] - Extracted (89/100): PAVANA Placement Service
2026-05-16 05:13:50,748 - INFO - [scraper.connectors.public_web.google_maps] - Extracted (72/100): 1983 Cricket Store
2026-05-16 05:14:07,120 - INFO - [scraper.connectors.public_web.google_maps] - Extracted (73/100): Renas Export Surplus
2026-05-16 05:14:20,795 - INFO - [scraper.connectors.public_web.google_maps] - Extracted (90/100): Thycaud, trivandrum
2026-05-16 05:14:20,797 - INFO - [scraper.connectors.public_web.google_maps] - Saved 90 records to CSV: data/raw/gmaps_services_in_Thiruvananthapuram,_kerala,_India_1778905781.csv
2026-05-16 05:14:46,957 - INFO - [scraper.connectors.public_web.google_maps] - Extracted (91/100): Pflege Career | Best German Consultancy In Kerala
2026-05-16 05:14:51,824 - INFO - [scraper.connectors.public_web.google_maps] - Extracted (92/100): GG Hospital
2026-05-16 05:15:00,173 - INFO - [scraper.connectors.public_web.google_maps] - Extracted (93/100): Aham Builders Consultants & Developers
2026-05-16 05:15:02,648 - INFO - [scraper.connectors.public_web.google_maps] - Extracted (94/100): Compu Shoppe
2026-05-16 05:15:06,318 - INFO - [scraper.connectors.public_web.google_maps] - Extracted (95/100): LLOYDS INSPECTION AGENCY PVT LTD | India Office
2026-05-16 05:15:06,320 - INFO - [scraper.connectors.public_web.google_maps] - Saved 95 records to CSV: data/raw/gmaps_services_in_Thiruvananthapuram,_kerala,_India_1778905781.csv
2026-05-16 05:15:23,382 - INFO - [scraper.connectors.public_web.google_maps] - Extracted (96/100): Medi House - Online Shop
2026-05-16 05:19:18,063 - INFO - [scraper.connectors.public_web.google_maps] - Extracted (74/100): ONBOARD
2026-05-16 05:19:38,143 - INFO - [scraper.connectors.public_web.google_maps] - Extracted (75/100): INTUNE
2026-05-16 05:19:38,147 - INFO - [scraper.connectors.public_web.google_maps] - Saved 75 records to CSV: data/raw/gmaps_retail_stores_in_Thiruvananthapuram,_kerala,_India_1778905755.csv
2026-05-16 05:19:58,132 - INFO - [scraper.connectors.public_web.google_maps] - Extracted (76/100): TRAVEL STORE
2026-05-16 05:20:27,947 - INFO - [scraper.connectors.public_web.google_maps] - Extracted (77/100): Red Cotton by Geosam
2026-05-16 05:20:35,646 - INFO - [scraper.connectors.public_web.google_maps] - Extracted (97/100): JIO FIBER Trivandrum
2026-05-16 05:20:36,014 - INFO - [scraper.connectors.public_web.google_maps] - Extracted (78/100): ANSONS
2026-05-16 05:21:33,923 - INFO - [scraper.connectors.public_web.google_maps] - Extracted (98/100): Dell Authorised Service Center Trivandrum
2026-05-16 05:21:36,538 - INFO - [scraper.connectors.public_web.google_maps] - Extracted (99/100): NLP Training Trivandrum Kerala India
2026-05-16 05:22:08,629 - INFO - [scraper.connectors.public_web.google_maps] - Extracted (100/100): Shopalyst Technologies Pvt Ltd
2026-05-16 05:22:08,631 - INFO - [scraper.connectors.public_web.google_maps] - Saved 100 records to CSV: data/raw/gmaps_services_in_Thiruvananthapuram,_kerala,_India_1778905781.csv
2026-05-16 05:22:16,123 - WARNING - [scraper.connectors.public_web.google_maps] - Scrolling issue: Error: strict mode violation: locator("span:has-text(\"You've reached the end of the list.\")") resolved to 2 elements:
    1) <span>…</span> aka locator("span").filter(has_text="You've reached the end of the").first
    2) <span class="HlvSq">You've reached the end of the list.</span> aka get_by_text("You've reached the end of the")

2026-05-16 05:22:21,926 - INFO - [scraper.connectors.public_web.google_maps] - Saved 100 records to CSV: data/raw/gmaps_services_in_Thiruvananthapuram,_kerala,_India_1778905781.csv
2026-05-16 05:22:21,928 - INFO - [scraper.connectors.public_web.google_maps] - Scrape completed. Total records: 100
2026-05-16 05:23:03,990 - INFO - [scraper.connectors.public_web.google_maps] - Starting scrape: 'factories in Thiruvananthapuram, kerala, India' (max: 100)
2026-05-16 05:23:18,461 - INFO - [scraper.connectors.public_web.google_maps] - Search query 'factories in Thiruvananthapuram, kerala, India' submitted.
2026-05-16 05:23:31,793 - INFO - [scraper.connectors.public_web.google_maps] - Extracted (1/100): Travancore Titanium Products Limited
2026-05-16 05:23:34,063 - INFO - [scraper.connectors.public_web.google_maps] - Extracted (2/100): MAHASREEVARI FOOD INDUSTRIES PRIVATE LIMITED
2026-05-16 05:23:36,367 - INFO - [scraper.connectors.public_web.google_maps] - Extracted (3/100): Dr. FOOD NUTRI INDUSTRIES
2026-05-16 05:23:38,652 - INFO - [scraper.connectors.public_web.google_maps] - Extracted (4/100): The India Cements Ltd
2026-05-16 05:23:40,923 - INFO - [scraper.connectors.public_web.google_maps] - Extracted (5/100): Fresh N Fine Products (India) Pvt. Ltd
2026-05-16 05:23:40,924 - INFO - [scraper.connectors.public_web.google_maps] - Saved 5 records to CSV: data/raw/gmaps_factories_in_Thiruvananthapuram,_kerala,_India_1778908983.csv
2026-05-16 05:23:43,138 - INFO - [scraper.connectors.public_web.google_maps] - Extracted (6/100): Madhuram Food Products
2026-05-16 05:23:50,150 - INFO - [scraper.connectors.public_web.google_maps] - Extracted (7/100): BRUNCHIES
2026-05-16 05:23:52,378 - INFO - [scraper.connectors.public_web.google_maps] - Extracted (8/100): INNOVA INDUSTRIES - THE LUXURY FURNISHING FACTORY.
2026-05-16 05:24:17,463 - INFO - [scraper.connectors.public_web.google_maps] - Extracted (9/100): Trivandrum Flour Mills Pvt. Ltd.
2026-05-16 05:24:24,243 - INFO - [scraper.connectors.public_web.google_maps] - Extracted (10/100): Milky Food Industries
2026-05-16 05:24:24,244 - INFO - [scraper.connectors.public_web.google_maps] - Saved 10 records to CSV: data/raw/gmaps_factories_in_Thiruvananthapuram,_kerala,_India_1778908983.csv
2026-05-16 05:24:26,467 - INFO - [scraper.connectors.public_web.google_maps] - Extracted (11/100): Avittom Food Industries
2026-05-16 05:24:28,701 - INFO - [scraper.connectors.public_web.google_maps] - Extracted (12/100): Nilamels and Kaimals Foods Private Limited
2026-05-16 05:24:33,045 - INFO - [scraper.connectors.public_web.google_maps] - Extracted (13/100): THE TRAVANCORE RUBBER AND TEA COMPANY LIMITED
2026-05-16 05:24:44,414 - INFO - [scraper.connectors.public_web.google_maps] - Extracted (79/100): Welgate Lifestyle
2026-05-16 05:24:44,875 - INFO - [scraper.connectors.public_web.google_maps] - Extracted (14/100): Zamzam Industries
2026-05-16 05:24:47,191 - INFO - [scraper.connectors.public_web.google_maps] - Extracted (15/100): Fashion Factory
2026-05-16 05:24:47,192 - INFO - [scraper.connectors.public_web.google_maps] - Saved 15 records to CSV: data/raw/gmaps_factories_in_Thiruvananthapuram,_kerala,_India_1778908983.csv
2026-05-16 05:24:49,424 - INFO - [scraper.connectors.public_web.google_maps] - Extracted (16/100): Kortas Industries Private Limited
2026-05-16 05:25:19,216 - INFO - [scraper.connectors.public_web.google_maps] - Extracted (80/100): Rural Beads- The GI Tagged Store
2026-05-16 05:25:19,218 - INFO - [scraper.connectors.public_web.google_maps] - Saved 80 records to CSV: data/raw/gmaps_retail_stores_in_Thiruvananthapuram,_kerala,_India_1778905755.csv
2026-05-16 05:25:48,640 - INFO - [scraper.connectors.public_web.google_maps] - Extracted (17/100): HLL Lifecare Ltd.
2026-05-16 05:25:52,654 - INFO - [scraper.connectors.public_web.google_maps] - Extracted (18/100): Moderns Food Products
2026-05-16 05:25:54,943 - INFO - [scraper.connectors.public_web.google_maps] - Extracted (19/100): Syndicate Gym Industries | Gym Equipment Manufacturer Kerala
2026-05-16 05:26:05,611 - INFO - [scraper.connectors.public_web.google_maps] - Extracted (81/100): Superdry Trivandrum
2026-05-16 05:26:29,481 - INFO - [scraper.connectors.public_web.google_maps] - Extracted (82/100): Ali Shopping Mall
2026-05-16 05:26:40,067 - INFO - [scraper.connectors.public_web.google_maps] - Extracted (83/100): Kunnil Hypermarket
2026-05-16 05:26:54,928 - INFO - [scraper.connectors.public_web.google_maps] - Extracted (84/100): Ramachandran Thirumala
2026-05-16 05:26:56,822 - INFO - [scraper.connectors.public_web.google_maps] - Extracted (20/100): Elements Homestead Products Pvt Ltd,Trivandrum
2026-05-16 05:26:56,824 - INFO - [scraper.connectors.public_web.google_maps] - Saved 20 records to CSV: data/raw/gmaps_factories_in_Thiruvananthapuram,_kerala,_India_1778908983.csv
2026-05-16 05:27:22,939 - INFO - [scraper.connectors.public_web.google_maps] - Extracted (85/100): Nandilath G-Mart
2026-05-16 05:27:22,942 - INFO - [scraper.connectors.public_web.google_maps] - Saved 85 records to CSV: data/raw/gmaps_retail_stores_in_Thiruvananthapuram,_kerala,_India_1778905755.csv
2026-05-16 05:27:23,662 - INFO - [scraper.connectors.public_web.google_maps] - Extracted (21/100): Coconics Private Limited
2026-05-16 05:27:25,978 - INFO - [scraper.connectors.public_web.google_maps] - Extracted (22/100): BrahMos Aerospace Thiruvananthapuram Limited
2026-05-16 05:27:28,247 - INFO - [scraper.connectors.public_web.google_maps] - Extracted (23/100): Bread Factory by Azad at Vazhuthacaud
2026-05-16 05:27:28,265 - INFO - [scraper.connectors.public_web.google_maps] - Extracted (86/100): Salim Store
2026-05-16 05:27:30,579 - INFO - [scraper.connectors.public_web.google_maps] - Extracted (24/100): Bread Factory by Azad at Kowdiar
2026-05-16 05:27:34,890 - INFO - [scraper.connectors.public_web.google_maps] - Extracted (25/100): BANATONE TRINITY INDUSTRIES
2026-05-16 05:27:34,891 - INFO - [scraper.connectors.public_web.google_maps] - Saved 25 records to CSV: data/raw/gmaps_factories_in_Thiruvananthapuram,_kerala,_India_1778908983.csv
2026-05-16 05:27:40,065 - INFO - [scraper.connectors.public_web.google_maps] - Extracted (26/100): Green Factory
2026-05-16 05:27:48,243 - INFO - [scraper.connectors.public_web.google_maps] - Extracted (27/100): Hykon India Limited
2026-05-16 05:27:50,539 - INFO - [scraper.connectors.public_web.google_maps] - Extracted (28/100): Bread Factory by Azad at Nalanchira
2026-05-16 05:28:18,229 - INFO - [scraper.connectors.public_web.google_maps] - Extracted (87/100): Vibe Company
2026-05-16 05:29:15,918 - INFO - [scraper.connectors.public_web.google_maps] - Extracted (29/100): English Indian Clays Limited
2026-05-16 05:29:35,458 - INFO - [scraper.connectors.public_web.google_maps] - Extracted (30/100): MGL Elevators Pvt.Ltd
2026-05-16 05:29:35,459 - INFO - [scraper.connectors.public_web.google_maps] - Saved 30 records to CSV: data/raw/gmaps_factories_in_Thiruvananthapuram,_kerala,_India_1778908983.csv
2026-05-16 05:29:41,236 - INFO - [scraper.connectors.public_web.google_maps] - Extracted (31/100): Bread factory by Azad at Kumarapuram
2026-05-16 05:29:43,576 - INFO - [scraper.connectors.public_web.google_maps] - Extracted (32/100): Sree Krishna Oil Mills, Ulloor
2026-05-16 05:29:49,660 - INFO - [scraper.connectors.public_web.google_maps] - Extracted (33/100): SKP FURNITURE FACTORY OUTLET
2026-05-16 05:29:52,053 - INFO - [scraper.connectors.public_web.google_maps] - Extracted (34/100): Spice Garden Foods (OPC) Pvt Ltd
2026-05-16 05:30:06,152 - INFO - [scraper.connectors.public_web.google_maps] - Extracted (35/100): BIOTECH INDIA
2026-05-16 05:30:06,154 - INFO - [scraper.connectors.public_web.google_maps] - Saved 35 records to CSV: data/raw/gmaps_factories_in_Thiruvananthapuram,_kerala,_India_1778908983.csv
2026-05-16 05:30:08,545 - INFO - [scraper.connectors.public_web.google_maps] - Extracted (36/100): Smart India Food Tech
2026-05-16 05:30:12,337 - WARNING - [scraper.connectors.public_web.google_maps] - Scrolling issue: Error: strict mode violation: locator("span:has-text(\"You've reached the end of the list.\")") resolved to 2 elements:
    1) <span>…</span> aka locator("span").filter(has_text="You've reached the end of the").first
    2) <span class="HlvSq">You've reached the end of the list.</span> aka get_by_text("You've reached the end of the")

2026-05-16 05:31:53,086 - INFO - [scraper.connectors.public_web.google_maps] - Extracted (37/100): Royal Mirra Mills
2026-05-16 05:31:57,038 - INFO - [scraper.connectors.public_web.google_maps] - Extracted (38/100): Ente Mill Store
2026-05-16 05:32:10,653 - INFO - [scraper.connectors.public_web.google_maps] - Extracted (39/100): Surplus Factory
2026-05-16 05:32:35,302 - INFO - [scraper.connectors.public_web.google_maps] - Extracted (40/100): Fabindia Experience Center, Kowdiar, Thiruvananthapuram
2026-05-16 05:32:35,304 - INFO - [scraper.connectors.public_web.google_maps] - Saved 40 records to CSV: data/raw/gmaps_factories_in_Thiruvananthapuram,_kerala,_India_1778908983.csv
2026-05-16 05:32:40,912 - INFO - [scraper.connectors.public_web.google_maps] - Extracted (41/100): Asian Food Products
2026-05-16 05:32:43,254 - INFO - [scraper.connectors.public_web.google_maps] - Extracted (42/100): HLL Lifecare
2026-05-16 05:32:45,599 - INFO - [scraper.connectors.public_web.google_maps] - Extracted (43/100): Aquira Group Of Companies
2026-05-16 05:32:49,472 - WARNING - [scraper.connectors.public_web.google_maps] - Scrolling issue: Error: strict mode violation: locator("span:has-text(\"You've reached the end of the list.\")") resolved to 2 elements:
    1) <span>…</span> aka locator("span").filter(has_text="You've reached the end of the").first
    2) <span class="HlvSq">You've reached the end of the list.</span> aka get_by_text("You've reached the end of the")

2026-05-16 05:32:51,598 - INFO - [scraper.connectors.public_web.google_maps] - Extracted (88/100): August
2026-05-16 05:33:03,298 - INFO - [scraper.connectors.public_web.google_maps] - Extracted (89/100): Supreme Gourmet
2026-05-16 05:33:29,544 - INFO - [scraper.connectors.public_web.google_maps] - Extracted (90/100): Asha Store
2026-05-16 05:33:29,547 - INFO - [scraper.connectors.public_web.google_maps] - Saved 90 records to CSV: data/raw/gmaps_retail_stores_in_Thiruvananthapuram,_kerala,_India_1778905755.csv
2026-05-16 05:34:31,410 - INFO - [scraper.connectors.public_web.google_maps] - Extracted (91/100): TVMKart.com | Online Stationery Store in Trivandrum
2026-05-16 05:34:45,118 - INFO - [scraper.connectors.public_web.google_maps] - Extracted (92/100): All The Plus Size Store
2026-05-16 05:34:52,755 - INFO - [scraper.connectors.public_web.google_maps] - Extracted (93/100): Bata Shoe Store
2026-05-16 05:35:07,931 - INFO - [scraper.connectors.public_web.google_maps] - Extracted (44/100): TRAVANCORE CHEMICAL INDUSTRIES
2026-05-16 05:35:12,531 - WARNING - [scraper.connectors.public_web.google_maps] - Scrolling issue: Error: strict mode violation: locator("span:has-text(\"You've reached the end of the list.\")") resolved to 2 elements:
    1) <span>…</span> aka locator("span").filter(has_text="You've reached the end of the").first
    2) <span class="HlvSq">You've reached the end of the list.</span> aka get_by_text("You've reached the end of the")

2026-05-16 05:35:20,374 - INFO - [scraper.connectors.public_web.google_maps] - Extracted (45/100): Bread Factory by Azad at Medical College
2026-05-16 05:35:20,376 - INFO - [scraper.connectors.public_web.google_maps] - Saved 45 records to CSV: data/raw/gmaps_factories_in_Thiruvananthapuram,_kerala,_India_1778908983.csv
2026-05-16 05:35:34,543 - WARNING - [scraper.connectors.public_web.google_maps] - Scrolling issue: Error: strict mode violation: locator("span:has-text(\"You've reached the end of the list.\")") resolved to 2 elements:
    1) <span>…</span> aka locator("span").filter(has_text="You've reached the end of the").first
    2) <span class="HlvSq">You've reached the end of the list.</span> aka get_by_text("You've reached the end of the")

2026-05-16 05:38:25,818 - INFO - [scraper.connectors.public_web.google_maps] - No new listings found in view. Scroll attempt 1/5...
2026-05-16 05:38:41,199 - WARNING - [scraper.connectors.public_web.google_maps] - Scrolling issue: Error: strict mode violation: locator("span:has-text(\"You've reached the end of the list.\")") resolved to 2 elements:
    1) <span>…</span> aka locator("span").filter(has_text="You've reached the end of the").first
    2) <span class="HlvSq">You've reached the end of the list.</span> aka get_by_text("You've reached the end of the")

2026-05-16 05:41:29,369 - INFO - [scraper.connectors.public_web.google_maps] - No new listings found in view. Scroll attempt 2/5...
2026-05-16 05:41:40,822 - WARNING - [scraper.connectors.public_web.google_maps] - Scrolling issue: Error: strict mode violation: locator("span:has-text(\"You've reached the end of the list.\")") resolved to 2 elements:
    1) <span>…</span> aka locator("span").filter(has_text="You've reached the end of the").first
    2) <span class="HlvSq">You've reached the end of the list.</span> aka get_by_text("You've reached the end of the")

2026-05-16 05:42:22,355 - INFO - [scraper.connectors.public_web.google_maps] - Extracted (94/100): Utsa by Westside - Kuravankonam Thiruvananthapuram
2026-05-16 05:42:37,870 - INFO - [scraper.connectors.public_web.google_maps] - Extracted (95/100): Pattoor Stores
2026-05-16 05:42:37,872 - INFO - [scraper.connectors.public_web.google_maps] - Saved 95 records to CSV: data/raw/gmaps_retail_stores_in_Thiruvananthapuram,_kerala,_India_1778905755.csv
2026-05-16 05:43:12,213 - INFO - [scraper.connectors.public_web.google_maps] - Extracted (96/100): Malankara Avenue
2026-05-16 05:43:30,110 - WARNING - [scraper.connectors.public_web.google_maps] - Scrolling issue: Error: strict mode violation: locator("span:has-text(\"You've reached the end of the list.\")") resolved to 2 elements:
    1) <span>…</span> aka locator("span").filter(has_text="You've reached the end of the").first
    2) <span class="HlvSq">You've reached the end of the list.</span> aka get_by_text("You've reached the end of the")

2026-05-16 05:44:32,982 - INFO - [scraper.connectors.public_web.google_maps] - No new listings found in view. Scroll attempt 3/5...
2026-05-16 05:44:37,665 - WARNING - [scraper.connectors.public_web.google_maps] - Scrolling issue: Error: strict mode violation: locator("span:has-text(\"You've reached the end of the list.\")") resolved to 2 elements:
    1) <span>…</span> aka locator("span").filter(has_text="You've reached the end of the").first
    2) <span class="HlvSq">You've reached the end of the list.</span> aka get_by_text("You've reached the end of the")

2026-05-16 05:47:34,066 - INFO - [scraper.connectors.public_web.google_maps] - No new listings found in view. Scroll attempt 4/5...
2026-05-16 05:47:38,621 - WARNING - [scraper.connectors.public_web.google_maps] - Scrolling issue: Error: strict mode violation: locator("span:has-text(\"You've reached the end of the list.\")") resolved to 2 elements:
    1) <span>…</span> aka locator("span").filter(has_text="You've reached the end of the").first
    2) <span class="HlvSq">You've reached the end of the list.</span> aka get_by_text("You've reached the end of the")

2026-05-16 05:49:41,823 - INFO - [scraper.connectors.public_web.google_maps] - Extracted (97/100): Aasco Grand mart discount bazar
2026-05-16 05:50:08,064 - INFO - [scraper.connectors.public_web.google_maps] - Extracted (98/100): LOYALCITY Supermarket
2026-05-16 05:50:47,768 - INFO - [scraper.connectors.public_web.google_maps] - Extracted (99/100): Prestige Xclusive - Pattom, Thiruvananthapuram
2026-05-16 05:51:01,070 - INFO - [scraper.connectors.public_web.google_maps] - No new listings found in view. Scroll attempt 5/5...
2026-05-16 05:51:05,370 - WARNING - [scraper.connectors.public_web.google_maps] - Scrolling issue: Error: strict mode violation: locator("span:has-text(\"You've reached the end of the list.\")") resolved to 2 elements:
    1) <span>…</span> aka locator("span").filter(has_text="You've reached the end of the").first
    2) <span class="HlvSq">You've reached the end of the list.</span> aka get_by_text("You've reached the end of the")

2026-05-16 05:51:06,814 - INFO - [scraper.connectors.public_web.google_maps] - Saved 45 records to CSV: data/raw/gmaps_factories_in_Thiruvananthapuram,_kerala,_India_1778908983.csv
2026-05-16 05:51:06,815 - INFO - [scraper.connectors.public_web.google_maps] - Scrape completed. Total records: 45
2026-05-16 05:51:23,890 - INFO - [scraper.connectors.public_web.google_maps] - Extracted (100/100): KUNNIL SUPERMARKET THIRUMALA
2026-05-16 05:51:23,893 - INFO - [scraper.connectors.public_web.google_maps] - Saved 100 records to CSV: data/raw/gmaps_retail_stores_in_Thiruvananthapuram,_kerala,_India_1778905755.csv
2026-05-16 05:51:28,050 - WARNING - [scraper.connectors.public_web.google_maps] - Scrolling issue: Error: strict mode violation: locator("span:has-text(\"You've reached the end of the list.\")") resolved to 2 elements:
    1) <span>…</span> aka locator("span").filter(has_text="You've reached the end of the").first
    2) <span class="HlvSq">You've reached the end of the list.</span> aka get_by_text("You've reached the end of the")

2026-05-16 05:51:29,136 - INFO - [scraper.connectors.public_web.google_maps] - Saved 100 records to CSV: data/raw/gmaps_retail_stores_in_Thiruvananthapuram,_kerala,_India_1778905755.csv
2026-05-16 05:51:29,138 - INFO - [scraper.connectors.public_web.google_maps] - Scrape completed. Total records: 100
2026-05-16 05:51:47,182 - INFO - [scraper.connectors.public_web.google_maps] - Starting scrape: 'agencies in Thiruvananthapuram, kerala, India' (max: 100)
2026-05-16 05:52:02,005 - INFO - [scraper.connectors.public_web.google_maps] - Search query 'agencies in Thiruvananthapuram, kerala, India' submitted.
2026-05-16 05:52:14,293 - INFO - [scraper.connectors.public_web.google_maps] - Extracted (1/100): Worldstar Enterprises, Trivandrum jobs
2026-05-16 05:52:16,555 - INFO - [scraper.connectors.public_web.google_maps] - Extracted (2/100): Career Home | Placement Service, Facility Management and Job consultancy
2026-05-16 05:52:18,775 - INFO - [scraper.connectors.public_web.google_maps] - Extracted (3/100): RCD HR SOLUTIONS
2026-05-16 05:52:20,994 - INFO - [scraper.connectors.public_web.google_maps] - Extracted (4/100): Career world jobs
2026-05-16 05:52:23,214 - INFO - [scraper.connectors.public_web.google_maps] - Extracted (5/100): Suhail Enterprises
2026-05-16 05:52:23,215 - INFO - [scraper.connectors.public_web.google_maps] - Saved 5 records to CSV: data/raw/gmaps_agencies_in_Thiruvananthapuram,_kerala,_India_1778910707.csv
2026-05-16 05:52:25,437 - INFO - [scraper.connectors.public_web.google_maps] - Extracted (6/100): Connecting2Work - HR Solutions
2026-05-16 05:52:28,317 - INFO - [scraper.connectors.public_web.google_maps] - Extracted (7/100): Connecting2Work HR Solutions
2026-05-16 05:52:30,562 - INFO - [scraper.connectors.public_web.google_maps] - Extracted (8/100): JOBS 'n TA HR Services
2026-05-16 05:52:32,774 - INFO - [scraper.connectors.public_web.google_maps] - Extracted (9/100): Chinmaya Jobs & Travel services
2026-05-16 05:52:58,647 - INFO - [scraper.connectors.public_web.google_maps] - Extracted (10/100): Deepam Employment Service
2026-05-16 05:52:58,648 - INFO - [scraper.connectors.public_web.google_maps] - Saved 10 records to CSV: data/raw/gmaps_agencies_in_Thiruvananthapuram,_kerala,_India_1778910707.csv
2026-05-16 05:53:01,525 - INFO - [scraper.connectors.public_web.google_maps] - Extracted (11/100): Space International Travel Service Manpower Consultant
2026-05-16 05:53:03,777 - INFO - [scraper.connectors.public_web.google_maps] - Extracted (12/100): Friends Home Nurse Consultancy
2026-05-16 05:53:05,995 - INFO - [scraper.connectors.public_web.google_maps] - Extracted (13/100): New Belief Overseas Recruitment services Pvt.Ltd
2026-05-16 05:53:08,220 - INFO - [scraper.connectors.public_web.google_maps] - Extracted (14/100): Jobcaps HR Consultancy
2026-05-16 05:53:10,431 - INFO - [scraper.connectors.public_web.google_maps] - Extracted (15/100): Dial A Job
2026-05-16 05:53:10,432 - INFO - [scraper.connectors.public_web.google_maps] - Saved 15 records to CSV: data/raw/gmaps_agencies_in_Thiruvananthapuram,_kerala,_India_1778910707.csv
2026-05-16 05:53:12,749 - INFO - [scraper.connectors.public_web.google_maps] - Extracted (16/100): Sujina Manpower Consultants
2026-05-16 05:53:14,995 - INFO - [scraper.connectors.public_web.google_maps] - Extracted (17/100): Scintila Recruiter
2026-05-16 05:53:17,268 - INFO - [scraper.connectors.public_web.google_maps] - Extracted (18/100): Lakshya job consultancy
2026-05-16 05:54:06,768 - INFO - [scraper.connectors.public_web.google_maps] - Extracted (19/100): B R JOBS CONSULTANCY AND PRIVATE SECURITY SERVICES
2026-05-16 05:54:09,011 - INFO - [scraper.connectors.public_web.google_maps] - Extracted (20/100): Smart Job consultancy
2026-05-16 05:54:09,012 - INFO - [scraper.connectors.public_web.google_maps] - Saved 20 records to CSV: data/raw/gmaps_agencies_in_Thiruvananthapuram,_kerala,_India_1778910707.csv
2026-05-16 05:55:03,573 - INFO - [scraper.connectors.public_web.google_maps] - Extracted (21/100): Quick Job Consultancy
2026-05-16 05:55:05,811 - INFO - [scraper.connectors.public_web.google_maps] - Extracted (22/100): Universal Migration
2026-05-16 05:55:08,663 - INFO - [scraper.connectors.public_web.google_maps] - Extracted (23/100): Guideline job consultancy
2026-05-16 05:55:10,897 - INFO - [scraper.connectors.public_web.google_maps] - Extracted (24/100): C2W
2026-05-16 05:55:17,305 - INFO - [scraper.connectors.public_web.google_maps] - Extracted (25/100): Standard Agencies Hardware
2026-05-16 05:55:17,306 - INFO - [scraper.connectors.public_web.google_maps] - Saved 25 records to CSV: data/raw/gmaps_agencies_in_Thiruvananthapuram,_kerala,_India_1778910707.csv
2026-05-16 05:55:19,577 - INFO - [scraper.connectors.public_web.google_maps] - Extracted (26/100): Amina Agencies
2026-05-16 05:55:22,515 - INFO - [scraper.connectors.public_web.google_maps] - Extracted (27/100): Riya - The Travel Expert | Thiruvananthapuram
2026-05-16 05:55:24,783 - INFO - [scraper.connectors.public_web.google_maps] - Extracted (28/100): Metro Agencies
2026-05-16 05:56:40,210 - INFO - [scraper.connectors.public_web.google_maps] - Extracted (29/100): Attitude Worldwide
2026-05-16 05:56:42,456 - INFO - [scraper.connectors.public_web.google_maps] - Extracted (30/100): Destination Designers - Travel and Tour Management Company
2026-05-16 05:56:42,457 - INFO - [scraper.connectors.public_web.google_maps] - Saved 30 records to CSV: data/raw/gmaps_agencies_in_Thiruvananthapuram,_kerala,_India_1778910707.csv
2026-05-16 05:56:44,710 - INFO - [scraper.connectors.public_web.google_maps] - Extracted (31/100): Careerline Travel Consultant
2026-05-16 05:56:46,975 - INFO - [scraper.connectors.public_web.google_maps] - Extracted (32/100): Medisol Placements Private Limited :Leading Healthcare recruitment consultancy
2026-05-16 05:56:49,285 - INFO - [scraper.connectors.public_web.google_maps] - Extracted (33/100): Pratheeksha Job Consultancy
2026-05-16 05:56:51,669 - INFO - [scraper.connectors.public_web.google_maps] - Extracted (34/100): Connect 2 Job HR Consultancy services
2026-05-16 05:56:54,603 - INFO - [scraper.connectors.public_web.google_maps] - Extracted (35/100): Akbar Travels of India Pvt Ltd - Trivandrum
2026-05-16 05:56:54,605 - INFO - [scraper.connectors.public_web.google_maps] - Saved 35 records to CSV: data/raw/gmaps_agencies_in_Thiruvananthapuram,_kerala,_India_1778910707.csv
2026-05-16 05:56:56,884 - INFO - [scraper.connectors.public_web.google_maps] - Extracted (36/100): Airtravel Enterprises India Limited
2026-05-16 05:56:59,430 - INFO - [scraper.connectors.public_web.google_maps] - Extracted (37/100): M&G Immigration & Study Abroad Consultants | Best Canada Immigration Consultants in Trivandrum | Overseas Education Kerala
2026-05-16 05:58:39,405 - INFO - [scraper.connectors.public_web.google_maps] - Extracted (38/100): KAILAS AGENCIES
2026-05-16 05:58:41,637 - INFO - [scraper.connectors.public_web.google_maps] - Extracted (39/100): VICTORY AGENCIES
2026-05-16 06:00:26,037 - INFO - [scraper.connectors.public_web.google_maps] - Extracted (40/100): Kerala Travels
2026-05-16 06:00:26,039 - INFO - [scraper.connectors.public_web.google_maps] - Saved 40 records to CSV: data/raw/gmaps_agencies_in_Thiruvananthapuram,_kerala,_India_1778910707.csv
2026-05-16 06:00:28,310 - INFO - [scraper.connectors.public_web.google_maps] - Extracted (41/100): International Agencies
2026-05-16 06:00:30,758 - INFO - [scraper.connectors.public_web.google_maps] - Extracted (42/100): Talent Resource Management
2026-05-16 06:00:33,059 - INFO - [scraper.connectors.public_web.google_maps] - Extracted (43/100): Phoenixwings HR Solutions
2026-05-16 06:00:35,404 - INFO - [scraper.connectors.public_web.google_maps] - Extracted (44/100): MediaMate Advertising India (P) Ltd
2026-05-16 06:00:37,783 - INFO - [scraper.connectors.public_web.google_maps] - Extracted (45/100): Travel Nivriti
2026-05-16 06:00:37,784 - INFO - [scraper.connectors.public_web.google_maps] - Saved 45 records to CSV: data/raw/gmaps_agencies_in_Thiruvananthapuram,_kerala,_India_1778910707.csv
2026-05-16 06:00:40,059 - INFO - [scraper.connectors.public_web.google_maps] - Extracted (46/100): Ushus Services
2026-05-16 06:00:42,384 - INFO - [scraper.connectors.public_web.google_maps] - Extracted (47/100): Good Way Solutions
2026-05-16 06:00:44,690 - INFO - [scraper.connectors.public_web.google_maps] - Extracted (48/100): IRIS Job Consultancy
2026-05-16 06:02:53,580 - INFO - [scraper.connectors.public_web.google_maps] - Extracted (49/100): MK AGENCIES
2026-05-16 06:02:55,844 - INFO - [scraper.connectors.public_web.google_maps] - Extracted (50/100): Swiggy Onboarding Office Thiruvananthapuram
2026-05-16 06:02:55,845 - INFO - [scraper.connectors.public_web.google_maps] - Saved 50 records to CSV: data/raw/gmaps_agencies_in_Thiruvananthapuram,_kerala,_India_1778910707.csv
2026-05-16 06:02:58,134 - INFO - [scraper.connectors.public_web.google_maps] - Extracted (51/100): ITJobcell
2026-05-16 06:03:00,415 - INFO - [scraper.connectors.public_web.google_maps] - Extracted (52/100): VK Agency
2026-05-16 06:03:02,734 - INFO - [scraper.connectors.public_web.google_maps] - Extracted (53/100): ALPHA TOURS AND TRAVEL AGENCY TRIVANDRUM
2026-05-16 06:03:05,237 - INFO - [scraper.connectors.public_web.google_maps] - Extracted (54/100): Class one Tours and Travels
2026-05-16 06:03:07,592 - INFO - [scraper.connectors.public_web.google_maps] - Extracted (55/100): STS Travels Online.
2026-05-16 06:03:07,594 - INFO - [scraper.connectors.public_web.google_maps] - Saved 55 records to CSV: data/raw/gmaps_agencies_in_Thiruvananthapuram,_kerala,_India_1778910707.csv
2026-05-16 06:03:09,888 - INFO - [scraper.connectors.public_web.google_maps] - Extracted (56/100): Restik Brand
2026-05-16 06:03:12,510 - INFO - [scraper.connectors.public_web.google_maps] - Extracted (57/100): Somans Leisure Tours India Pvt. Ltd Thiruvananthapuram
2026-05-16 06:05:46,258 - INFO - [scraper.connectors.public_web.google_maps] - Extracted (58/100): Global Internationale – Abroad Jobs, Study Abroad & Visa Consultants
2026-05-16 06:05:48,622 - INFO - [scraper.connectors.public_web.google_maps] - Extracted (59/100): Aruna Agencies
2026-05-16 06:08:38,467 - INFO - [scraper.connectors.public_web.google_maps] - Extracted (60/100): Career Home
2026-05-16 06:08:38,469 - INFO - [scraper.connectors.public_web.google_maps] - Saved 60 records to CSV: data/raw/gmaps_agencies_in_Thiruvananthapuram,_kerala,_India_1778910707.csv
2026-05-16 06:08:43,336 - INFO - [scraper.connectors.public_web.google_maps] - Extracted (61/100): Universal Manpower Service, Trivandrum
2026-05-16 06:08:45,782 - INFO - [scraper.connectors.public_web.google_maps] - Extracted (62/100): The Write People
2026-05-16 06:08:48,186 - INFO - [scraper.connectors.public_web.google_maps] - Extracted (63/100): Texas Tours & Travels
2026-05-16 06:08:53,712 - INFO - [scraper.connectors.public_web.google_maps] - Extracted (64/100): S K S Consultancy
2026-05-16 06:08:56,216 - INFO - [scraper.connectors.public_web.google_maps] - Extracted (65/100): Saraswathy Agencies
2026-05-16 06:08:56,217 - INFO - [scraper.connectors.public_web.google_maps] - Saved 65 records to CSV: data/raw/gmaps_agencies_in_Thiruvananthapuram,_kerala,_India_1778910707.csv
2026-05-16 06:09:01,268 - INFO - [scraper.connectors.public_web.google_maps] - Extracted (66/100): Supriya Agencies Trivandrum
2026-05-16 06:09:03,663 - INFO - [scraper.connectors.public_web.google_maps] - Extracted (67/100): Farm Information Bureau
2026-05-16 06:09:06,249 - INFO - [scraper.connectors.public_web.google_maps] - Extracted (68/100): Sree Tours - Taxi Service / Wedding Car For Rent Trivandrum Luxury Marriage Car Hire
2026-05-16 06:09:08,788 - INFO - [scraper.connectors.public_web.google_maps] - Extracted (69/100): Bismi Agencies
2026-05-16 06:09:11,443 - INFO - [scraper.connectors.public_web.google_maps] - Extracted (70/100): PALAZHY TOURS & TRAVELS PVT. LTD.
2026-05-16 06:09:11,444 - INFO - [scraper.connectors.public_web.google_maps] - Saved 70 records to CSV: data/raw/gmaps_agencies_in_Thiruvananthapuram,_kerala,_India_1778910707.csv
2026-05-16 06:09:13,866 - INFO - [scraper.connectors.public_web.google_maps] - Extracted (71/100): Rajeevam Manpower Consultant
2026-05-16 06:09:18,618 - INFO - [scraper.connectors.public_web.google_maps] - Extracted (72/100): Ozone Tourism and Travel
2026-05-16 06:09:21,077 - INFO - [scraper.connectors.public_web.google_maps] - Extracted (73/100): Thalikkunnil Sales Incorporate
2026-05-16 06:12:19,754 - INFO - [scraper.connectors.public_web.google_maps] - Extracted (74/100): Pioneer Agencies
2026-05-16 06:12:27,198 - INFO - [scraper.connectors.public_web.google_maps] - Extracted (75/100): EVM WHEELS, Self Drive Rent A Car Company in Thiruvananthapuram/Trivandrum
2026-05-16 06:12:27,199 - INFO - [scraper.connectors.public_web.google_maps] - Saved 75 records to CSV: data/raw/gmaps_agencies_in_Thiruvananthapuram,_kerala,_India_1778910707.csv
2026-05-16 06:12:56,392 - INFO - [scraper.connectors.public_web.google_maps] - Extracted (76/100): Voyages Kerala
2026-05-16 06:12:58,841 - INFO - [scraper.connectors.public_web.google_maps] - Extracted (77/100): VETTATH AGENCIES
2026-05-16 06:13:03,615 - INFO - [scraper.connectors.public_web.google_maps] - Extracted (78/100): Devi Agencies
2026-05-16 06:13:06,028 - INFO - [scraper.connectors.public_web.google_maps] - Extracted (79/100): Tours and travels
2026-05-16 06:13:08,466 - INFO - [scraper.connectors.public_web.google_maps] - Extracted (80/100): Care Health Insurance
2026-05-16 06:13:08,467 - INFO - [scraper.connectors.public_web.google_maps] - Saved 80 records to CSV: data/raw/gmaps_agencies_in_Thiruvananthapuram,_kerala,_India_1778910707.csv
2026-05-16 06:13:10,816 - INFO - [scraper.connectors.public_web.google_maps] - Extracted (81/100): Axis Overseas Careers
2026-05-16 06:13:13,233 - INFO - [scraper.connectors.public_web.google_maps] - Extracted (82/100): Kerala Matrimony, part of Matrimony Group - Vazhuthacaud, Trivandrum
2026-05-16 06:13:16,516 - INFO - [scraper.connectors.public_web.google_maps] - Extracted (83/100): Thomson Trading Agencies vallakkadavu TVM
2026-05-16 06:13:18,893 - INFO - [scraper.connectors.public_web.google_maps] - Extracted (84/100): RevolxIT Learning and AI solutions Pvt Ltd(Previously STC Technology)
2026-05-16 12:21:42,894 - INFO - [scraper.connectors.public_web.google_maps] - Starting scrape: 'companies' (max: 3)
2026-05-16 12:23:11,120 - INFO - [scraper.connectors.public_web.google_maps] - Starting scrape: 'companies' (max: 3)
2026-05-16 12:23:45,317 - INFO - [scraper.connectors.public_web.google_maps] - Search query 'companies' submitted.
2026-05-16 12:24:00,389 - INFO - [scraper.connectors.public_web.google_maps] - Extracted (1/3): Shopalyst Technologies Pvt Ltd
2026-05-16 12:24:06,411 - INFO - [scraper.connectors.public_web.google_maps] - Extracted (2/3): Septagon Builders and Developers Pvt Ltd
2026-05-16 12:24:11,851 - INFO - [scraper.connectors.public_web.google_maps] - Extracted (3/3): Preigo Fover Technologies
2026-05-16 12:24:16,305 - INFO - [scraper.connectors.public_web.google_maps] - Saved 3 records to CSV: data/raw/gmaps_companies_1778934191.csv
2026-05-16 12:24:16,306 - INFO - [scraper.connectors.public_web.google_maps] - Scrape completed. Total records: 3
2026-05-16 12:24:17,796 - INFO - [scraper.connectors.public_web.google_maps] - Starting scrape: 'shops' (max: 3)
2026-05-16 12:24:20,914 - ERROR - [scraper.connectors.public_web.google_maps] - Critical scraping error: net::ERR_ABORTED; maybe frame was detached?
2026-05-16 12:24:25,607 - INFO - [scraper.connectors.public_web.google_maps] - Scrape completed. Total records: 0
2026-05-16 12:24:25,607 - INFO - [scraper.connectors.public_web.google_maps] - Starting scrape: 'hospitals' (max: 3)
2026-05-16 12:24:29,424 - ERROR - [scraper.connectors.public_web.google_maps] - Critical scraping error: Target page, context or browser has been closed
2026-05-16 12:24:33,243 - INFO - [scraper.connectors.public_web.google_maps] - Scrape completed. Total records: 0
2026-05-16 12:24:33,244 - INFO - [scraper.connectors.public_web.google_maps] - Starting scrape: 'clinics' (max: 3)
2026-05-17 12:13:24,224 - INFO - [scraper.connectors.public_web.google_maps] - Starting scrape: 'companies' (max: 3)
2026-05-17 12:14:30,865 - INFO - [scraper.connectors.public_web.google_maps] - Search query 'companies' submitted.
2026-05-17 12:14:46,055 - INFO - [scraper.connectors.public_web.google_maps] - Extracted (1/3): i-Cons Technologies
2026-05-17 12:14:48,404 - INFO - [scraper.connectors.public_web.google_maps] - Extracted (2/3): Global Solutions
2026-05-17 12:14:50,810 - INFO - [scraper.connectors.public_web.google_maps] - Extracted (3/3): BPO Integra India Private Limited
2026-05-17 12:14:55,444 - INFO - [scraper.connectors.public_web.google_maps] - Saved 3 records to CSV: data/raw/gmaps_companies_1779020004.csv
2026-05-17 12:14:55,444 - INFO - [scraper.connectors.public_web.google_maps] - Scrape completed. Total records: 3
2026-05-17 12:14:56,881 - INFO - [scraper.connectors.public_web.google_maps] - Starting scrape: 'shops' (max: 3)
2026-05-17 12:15:11,553 - INFO - [scraper.connectors.public_web.google_maps] - Search query 'shops' submitted.
2026-05-17 13:36:13,541 - INFO - [scraper.connectors.public_web.google_maps] - Starting scrape: 'Dentist in Trivandrum' (max: 1)
2026-05-17 13:36:59,890 - INFO - [scraper.connectors.public_web.google_maps] - Search query 'Dentist in Trivandrum' submitted.
2026-05-17 13:37:12,608 - INFO - [scraper.connectors.public_web.google_maps] - Extracted (1/1): DR AKHIL'S SMILE CONCEPTS DENTAL CARE & IMPLANT CENTRE
2026-05-17 13:37:16,527 - INFO - [scraper.connectors.public_web.google_maps] - Saved 1 records to CSV: data/raw/gmaps_Dentist_in_Trivandrum_1779024973.csv
2026-05-17 13:37:16,528 - INFO - [scraper.connectors.public_web.google_maps] - Scrape completed. Total records: 1
