2026-05-11 08:47:06,227 - INFO - [MVP_Pipeline] - Initializing Pipeline Modules...
2026-05-11 08:47:06,376 - INFO - [MVP_Pipeline] - Verifying database schema...
2026-05-11 08:47:06,376 - INFO - [MVP_Pipeline] - ========== PIPELINE STARTED: 'accountants in manhattan' ==========
2026-05-11 08:47:06,376 - INFO - [MVP_Pipeline] - Phase 1: Scraping Google Maps...
2026-05-11 08:48:01,083 - WARNING - [MVP_Pipeline] - No businesses scraped. Pipeline halting.
2026-05-11 08:53:23,466 - INFO - [MVP_Pipeline] - Initializing Pipeline Modules...
2026-05-11 08:53:23,479 - INFO - [MVP_Pipeline] - Verifying database schema...
2026-05-11 08:53:23,479 - INFO - [MVP_Pipeline] - ========== PIPELINE STARTED: 'accountants in manhattan' ==========
2026-05-11 08:53:23,480 - INFO - [MVP_Pipeline] - Phase 1: Scraping Google Maps...
2026-05-11 08:54:08,708 - WARNING - [MVP_Pipeline] - No businesses scraped. Pipeline halting.
2026-05-11 09:02:42,092 - INFO - [MVP_Pipeline] - Initializing Pipeline Modules...
2026-05-11 09:02:42,101 - INFO - [MVP_Pipeline] - Verifying database schema...
2026-05-11 09:02:44,285 - INFO - [MVP_Pipeline] - ========== PIPELINE STARTED: 'accountants in manhattan' ==========
2026-05-11 09:02:44,285 - INFO - [MVP_Pipeline] - Phase 1: Scraping Google Maps...
2026-05-11 09:03:28,075 - WARNING - [MVP_Pipeline] - No businesses scraped. Pipeline halting.
2026-05-11 22:03:31,735 - ERROR - [MVP_Pipeline] - Failed to import modules. Ensure you run this script from the project root. Error: No module named 'playwright'
2026-05-11 22:06:42,241 - INFO - [MVP_Pipeline] - Initializing Pipeline Modules...
2026-05-11 22:06:42,347 - INFO - [MVP_Pipeline] - Verifying database schema...
2026-05-11 22:06:42,822 - INFO - [MVP_Pipeline] - ========== PIPELINE STARTED: 'accountants in manhattan' ==========
2026-05-11 22:06:42,822 - INFO - [MVP_Pipeline] - Phase 1: Scraping Google Maps...
2026-05-11 22:07:50,136 - WARNING - [MVP_Pipeline] - No businesses scraped. Pipeline halting.
2026-05-11 22:18:59,884 - INFO - [MVP_Pipeline] - Initializing Pipeline Modules...
2026-05-11 22:19:00,110 - INFO - [MVP_Pipeline] - Verifying database schema...
2026-05-11 22:19:00,215 - INFO - [MVP_Pipeline] - ========== PIPELINE STARTED: 'accountants in manhattan' ==========
2026-05-11 22:19:00,215 - INFO - [MVP_Pipeline] - Phase 1: Scraping Google Maps...
2026-05-11 22:20:38,951 - WARNING - [MVP_Pipeline] - No businesses scraped. Pipeline halting.
2026-05-11 22:31:33,174 - INFO - [MVP_Pipeline] - Initializing Pipeline Modules...
2026-05-11 22:31:33,183 - INFO - [MVP_Pipeline] - Verifying database schema...
2026-05-11 22:31:33,185 - INFO - [MVP_Pipeline] - ========== PIPELINE STARTED: 'accountants in manhattan' ==========
2026-05-11 22:31:33,185 - INFO - [MVP_Pipeline] - Phase 1: Scraping Google Maps...
2026-05-11 22:32:18,534 - WARNING - [MVP_Pipeline] - No businesses scraped. Pipeline halting.
2026-05-15 20:50:00,278 - INFO - [MVP_Pipeline] - Initializing Pipeline Modules...
2026-05-15 20:50:00,311 - INFO - [MVP_Pipeline] - Verifying database schema...
2026-05-15 20:50:00,314 - INFO - [MVP_Pipeline] - ========== PIPELINE STARTED: 'accountants in manhattan' ==========
2026-05-15 20:50:00,314 - INFO - [MVP_Pipeline] - Phase 1: Scraping Google Maps...
2026-05-15 20:51:47,245 - WARNING - [MVP_Pipeline] - No businesses scraped. Pipeline halting.
2026-05-15 23:35:17,002 - INFO - [MVP_Pipeline] - Initializing Pipeline Modules...
2026-05-15 23:35:17,246 - INFO - [MVP_Pipeline] - Verifying database schema...
2026-05-15 23:35:17,367 - INFO - [MVP_Pipeline] - ========== PIPELINE STARTED: 'accountants in manhattan' ==========
2026-05-15 23:35:17,367 - INFO - [MVP_Pipeline] - Phase 1: Scraping Google Maps...
2026-05-15 23:36:44,386 - INFO - [MVP_Pipeline] - Scraped 3 businesses. Moving to processing phase.
2026-05-15 23:36:44,386 - INFO - [MVP_Pipeline] - --- Processing 1/3: George Dimov CPA ---
2026-05-15 23:36:44,845 - INFO - [MVP_Pipeline] - [George Dimov CPA] Stored. DB ID: 1. Commencing analysis...
2026-05-15 23:36:45,239 - INFO - [MVP_Pipeline] - [George Dimov CPA] Pipeline completed successfully. Opportunity Score: 75.5
2026-05-15 23:36:45,239 - INFO - [MVP_Pipeline] - --- Processing 2/3: Miller & Company LLP: CPA of NYC ---
2026-05-15 23:36:45,268 - INFO - [MVP_Pipeline] - [Miller & Company LLP: CPA of NYC] Stored. DB ID: 2. Commencing analysis...
2026-05-15 23:36:45,464 - INFO - [MVP_Pipeline] - [Miller & Company LLP: CPA of NYC] Pipeline completed successfully. Opportunity Score: 75.5
2026-05-15 23:36:45,464 - INFO - [MVP_Pipeline] - --- Processing 3/3: CHAN & COMPANY LLC ---
2026-05-15 23:36:45,512 - INFO - [MVP_Pipeline] - [CHAN & COMPANY LLC] Stored. DB ID: 3. Commencing analysis...
2026-05-15 23:36:45,708 - INFO - [MVP_Pipeline] - [CHAN & COMPANY LLC] Pipeline completed successfully. Opportunity Score: 75.5
2026-05-15 23:36:45,708 - INFO - [MVP_Pipeline] - ========== PIPELINE FINISHED ==========
2026-05-15 23:36:45,708 - INFO - [MVP_Pipeline] - Successfully processed 3/3 businesses end-to-end.
2026-05-15 23:36:45,737 - INFO - [MVP_Pipeline] - Identified 3 high-priority leads:
2026-05-15 23:36:45,738 - INFO - [MVP_Pipeline] - - George Dimov CPA (75.50/100 opportunity)
2026-05-15 23:36:45,738 - INFO - [MVP_Pipeline] - - Miller & Company LLP: CPA of NYC (75.50/100 opportunity)
2026-05-15 23:36:45,738 - INFO - [MVP_Pipeline] - - CHAN & COMPANY LLC (75.50/100 opportunity)
2026-05-15 23:37:05,593 - INFO - [MVP_Pipeline] - Initializing Pipeline Modules...
2026-05-15 23:37:05,602 - INFO - [MVP_Pipeline] - Verifying database schema...
2026-05-15 23:37:05,605 - INFO - [MVP_Pipeline] - ========== PIPELINE STARTED: 'accountants in manhattan' ==========
2026-05-15 23:37:05,605 - INFO - [MVP_Pipeline] - Phase 1: Scraping Google Maps...
2026-05-15 23:37:46,366 - INFO - [MVP_Pipeline] - Scraped 3 businesses. Moving to processing phase.
2026-05-15 23:37:46,366 - INFO - [MVP_Pipeline] - --- Processing 1/3: George Dimov CPA ---
2026-05-15 23:37:46,417 - INFO - [MVP_Pipeline] - [George Dimov CPA] Stored. DB ID: 1. Commencing analysis...
2026-05-15 23:37:46,612 - INFO - [MVP_Pipeline] - [George Dimov CPA] Pipeline completed successfully. Opportunity Score: 75.5
2026-05-15 23:37:46,612 - INFO - [MVP_Pipeline] - --- Processing 2/3: Miller & Company LLP: CPA of NYC ---
2026-05-15 23:37:46,663 - INFO - [MVP_Pipeline] - [Miller & Company LLP: CPA of NYC] Stored. DB ID: 2. Commencing analysis...
2026-05-15 23:37:46,905 - INFO - [MVP_Pipeline] - [Miller & Company LLP: CPA of NYC] Pipeline completed successfully. Opportunity Score: 75.5
2026-05-15 23:37:46,905 - INFO - [MVP_Pipeline] - --- Processing 3/3: CHAN & COMPANY LLC ---
2026-05-15 23:37:46,954 - INFO - [MVP_Pipeline] - [CHAN & COMPANY LLC] Stored. DB ID: 3. Commencing analysis...
2026-05-15 23:37:47,185 - INFO - [MVP_Pipeline] - [CHAN & COMPANY LLC] Pipeline completed successfully. Opportunity Score: 75.5
2026-05-15 23:37:47,186 - INFO - [MVP_Pipeline] - ========== PIPELINE FINISHED ==========
2026-05-15 23:37:47,186 - INFO - [MVP_Pipeline] - Successfully processed 3/3 businesses end-to-end.
2026-05-15 23:37:47,188 - INFO - [MVP_Pipeline] - Identified 3 high-priority leads:
2026-05-15 23:37:47,188 - INFO - [MVP_Pipeline] - - George Dimov CPA (75.50/100 opportunity)
2026-05-15 23:37:47,188 - INFO - [MVP_Pipeline] - - George Dimov CPA (75.50/100 opportunity)
2026-05-15 23:37:47,188 - INFO - [MVP_Pipeline] - - Miller & Company LLP: CPA of NYC (75.50/100 opportunity)
2026-05-15 23:41:06,070 - INFO - [MVP_Pipeline] - Starting pipeline. Target: 'Bakery in Trivandrum', Limit: 3
2026-05-15 23:41:06,070 - INFO - [MVP_Pipeline] - Initializing Pipeline Modules...
2026-05-15 23:41:06,079 - INFO - [MVP_Pipeline] - Verifying database schema...
2026-05-15 23:41:06,082 - INFO - [MVP_Pipeline] - ========== PIPELINE STARTED: 'Bakery in Trivandrum' ==========
2026-05-15 23:41:06,082 - INFO - [MVP_Pipeline] - Phase 1: Scraping Google Maps...
2026-05-15 23:41:43,181 - INFO - [MVP_Pipeline] - Scraped 3 businesses. Moving to processing phase.
2026-05-15 23:41:43,181 - INFO - [MVP_Pipeline] - --- Processing 1/3: Supreme Bakers ---
2026-05-15 23:41:43,228 - INFO - [MVP_Pipeline] - [Supreme Bakers] Stored. DB ID: 7. Commencing analysis...
2026-05-15 23:41:43,424 - INFO - [MVP_Pipeline] - [Supreme Bakers] Pipeline completed successfully. Opportunity Score: 75.5
2026-05-15 23:41:43,424 - INFO - [MVP_Pipeline] - --- Processing 2/3: Ambrosia ( a classic bakehouse) ---
2026-05-15 23:41:43,473 - INFO - [MVP_Pipeline] - [Ambrosia ( a classic bakehouse)] Stored. DB ID: 8. Commencing analysis...
2026-05-15 23:41:43,677 - INFO - [MVP_Pipeline] - [Ambrosia ( a classic bakehouse)] Pipeline completed successfully. Opportunity Score: 75.5
2026-05-15 23:41:43,677 - INFO - [MVP_Pipeline] - --- Processing 3/3: The Muffin House ---
2026-05-15 23:41:43,726 - INFO - [MVP_Pipeline] - [The Muffin House] Stored. DB ID: 9. Commencing analysis...
2026-05-15 23:41:43,971 - INFO - [MVP_Pipeline] - [The Muffin House] Pipeline completed successfully. Opportunity Score: 75.5
2026-05-15 23:41:43,971 - INFO - [MVP_Pipeline] - ========== PIPELINE FINISHED ==========
2026-05-15 23:41:43,971 - INFO - [MVP_Pipeline] - Successfully processed 3/3 businesses end-to-end.
2026-05-15 23:41:43,973 - INFO - [MVP_Pipeline] - Identified 3 high-priority leads:
2026-05-15 23:41:43,973 - INFO - [MVP_Pipeline] - - George Dimov CPA (75.50/100 opportunity)
2026-05-15 23:41:43,973 - INFO - [MVP_Pipeline] - - George Dimov CPA (75.50/100 opportunity)
2026-05-15 23:41:43,973 - INFO - [MVP_Pipeline] - - Miller & Company LLP: CPA of NYC (75.50/100 opportunity)
2026-05-16 00:09:26,607 - INFO - [MVP_Pipeline] - Starting pipeline. Final Query: 'gyms in Thiruvananthapuram, Kerala, India', Limit: 5
2026-05-16 00:09:26,731 - INFO - [MVP_Pipeline] - Initializing Pipeline Modules...
2026-05-16 00:09:27,562 - INFO - [MVP_Pipeline] - Verifying database schema...
2026-05-16 00:09:27,629 - INFO - [MVP_Pipeline] - ========== PIPELINE STARTED: 'gyms in Thiruvananthapuram, Kerala, India' ==========
2026-05-16 00:09:27,629 - INFO - [MVP_Pipeline] - Phase 1: Scraping Google Maps...
2026-05-16 00:10:59,924 - INFO - [MVP_Pipeline] - Scraped 5 businesses. Moving to processing phase.
2026-05-16 00:10:59,924 - INFO - [MVP_Pipeline] - --- Processing 1/5: Jones Gym Trivandrum ---
2026-05-16 00:11:00,265 - INFO - [MVP_Pipeline] - [Jones Gym Trivandrum] Stored. DB ID: 10. Commencing analysis...
2026-05-16 00:11:01,027 - INFO - [MVP_Pipeline] - [Jones Gym Trivandrum] Pipeline completed successfully. Opportunity Score: 75.5
2026-05-16 00:11:01,027 - INFO - [MVP_Pipeline] - --- Processing 2/5: Lifetime Unisex Gym ---
2026-05-16 00:11:01,125 - INFO - [MVP_Pipeline] - [Lifetime Unisex Gym] Stored. DB ID: 11. Commencing analysis...
2026-05-16 00:11:01,429 - INFO - [MVP_Pipeline] - [Lifetime Unisex Gym] Pipeline completed successfully. Opportunity Score: 75.5
2026-05-16 00:11:01,429 - INFO - [MVP_Pipeline] - --- Processing 3/5: Spartan fitness ---
2026-05-16 00:11:01,519 - INFO - [MVP_Pipeline] - [Spartan fitness] Stored. DB ID: 12. Commencing analysis...
2026-05-16 00:11:01,723 - INFO - [MVP_Pipeline] - [Spartan fitness] Pipeline completed successfully. Opportunity Score: 75.5
2026-05-16 00:11:01,723 - INFO - [MVP_Pipeline] - --- Processing 4/5: Lion Gym Vazhuthacaud ---
2026-05-16 00:11:01,781 - INFO - [MVP_Pipeline] - [Lion Gym Vazhuthacaud] Stored. DB ID: 13. Commencing analysis...
2026-05-16 00:11:02,067 - INFO - [MVP_Pipeline] - [Lion Gym Vazhuthacaud] Pipeline completed successfully. Opportunity Score: 75.5
2026-05-16 00:11:02,067 - INFO - [MVP_Pipeline] - --- Processing 5/5: Liger Gym ---
2026-05-16 00:11:02,124 - INFO - [MVP_Pipeline] - [Liger Gym] Stored. DB ID: 14. Commencing analysis...
2026-05-16 00:11:02,353 - INFO - [MVP_Pipeline] - [Liger Gym] Pipeline completed successfully. Opportunity Score: 90.0
2026-05-16 00:11:02,354 - INFO - [MVP_Pipeline] - ========== PIPELINE FINISHED ==========
2026-05-16 00:11:02,354 - INFO - [MVP_Pipeline] - Successfully processed 5/5 businesses end-to-end.
2026-05-16 00:11:02,357 - INFO - [MVP_Pipeline] - Identified 3 high-priority leads:
2026-05-16 00:11:02,358 - INFO - [MVP_Pipeline] - - Liger Gym (90.00/100 opportunity)
2026-05-16 00:11:02,358 - INFO - [MVP_Pipeline] - - George Dimov CPA (75.50/100 opportunity)
2026-05-16 00:11:02,358 - INFO - [MVP_Pipeline] - - George Dimov CPA (75.50/100 opportunity)
2026-05-16 01:02:00,656 - INFO - [MVP_Pipeline] - Starting pipeline. Final Query: 'Gyms in Trivandrum', Limit: 1
2026-05-16 01:02:00,735 - INFO - [MVP_Pipeline] - Initializing Pipeline Modules...
2026-05-16 01:02:00,948 - INFO - [MVP_Pipeline] - Verifying database schema...
2026-05-16 01:02:01,041 - INFO - [MVP_Pipeline] - ========== PIPELINE STARTED: 'Gyms in Trivandrum' ==========
2026-05-16 01:02:01,041 - INFO - [MVP_Pipeline] - Phase 1: Scraping Google Maps...
2026-05-16 01:03:25,127 - INFO - [MVP_Pipeline] - Scraped 1 businesses. Moving to processing phase.
2026-05-16 01:03:25,127 - INFO - [MVP_Pipeline] - --- Processing 1/1: Jones Gym Trivandrum ---
2026-05-16 01:03:25,258 - INFO - [MVP_Pipeline] - [Jones Gym Trivandrum] Stored. DB ID: 15. Commencing analysis...
2026-05-16 01:03:25,471 - INFO - [MVP_Pipeline] - [Jones Gym Trivandrum] Pipeline completed successfully. Opportunity Score: 75.5
2026-05-16 01:03:25,471 - INFO - [MVP_Pipeline] - ========== PIPELINE FINISHED ==========
2026-05-16 01:03:25,471 - INFO - [MVP_Pipeline] - Successfully processed 1/1 businesses end-to-end.
2026-05-16 01:03:25,501 - INFO - [MVP_Pipeline] - Identified 1 high-priority leads:
2026-05-16 01:03:25,501 - INFO - [MVP_Pipeline] - - Jones Gym Trivandrum (75.50/100 opportunity)
2026-05-16 01:08:24,500 - INFO - [MVP_Pipeline] - Starting pipeline. Final Query: 'all in Thiruvananthapuram, Kerala, India', Limit: 5
2026-05-16 01:08:24,500 - INFO - [MVP_Pipeline] - Initializing Pipeline Modules...
2026-05-16 01:08:24,509 - INFO - [MVP_Pipeline] - Verifying database schema...
2026-05-16 01:08:24,512 - INFO - [MVP_Pipeline] - ========== PIPELINE STARTED: 'all in Thiruvananthapuram, Kerala, India' ==========
2026-05-16 01:08:24,512 - INFO - [MVP_Pipeline] - Phase 1: Scraping Google Maps...
2026-05-16 01:08:48,027 - WARNING - [MVP_Pipeline] - No businesses scraped. Pipeline halting.
2026-05-16 01:08:56,985 - INFO - [MVP_Pipeline] - Starting pipeline. Final Query: 'businesses in Thiruvananthapuram, Kerala, India', Limit: 5
2026-05-16 01:08:56,986 - INFO - [MVP_Pipeline] - Initializing Pipeline Modules...
2026-05-16 01:08:56,994 - INFO - [MVP_Pipeline] - Verifying database schema...
2026-05-16 01:08:56,997 - INFO - [MVP_Pipeline] - ========== PIPELINE STARTED: 'businesses in Thiruvananthapuram, Kerala, India' ==========
2026-05-16 01:08:56,997 - INFO - [MVP_Pipeline] - Phase 1: Scraping Google Maps...
2026-05-16 01:09:38,599 - INFO - [MVP_Pipeline] - Scraped 5 businesses. Moving to processing phase.
2026-05-16 01:09:38,599 - INFO - [MVP_Pipeline] - --- Processing 1/5: MACS Edge | Company Registration in Thiruvananthapuram | Startup Registration | GST Registration | Trademark | Accounting ---
2026-05-16 01:09:38,660 - INFO - [MVP_Pipeline] - [MACS Edge | Company Registration in Thiruvananthapuram | Startup Registration | GST Registration | Trademark | Accounting] Stored. DB ID: 16. Commencing analysis...
2026-05-16 01:09:39,010 - INFO - [MVP_Pipeline] - [MACS Edge | Company Registration in Thiruvananthapuram | Startup Registration | GST Registration | Trademark | Accounting] Pipeline completed successfully. Opportunity Score: 75.5
2026-05-16 01:09:39,010 - INFO - [MVP_Pipeline] - --- Processing 2/5: Kerala Business Group ---
2026-05-16 01:09:39,076 - INFO - [MVP_Pipeline] - [Kerala Business Group] Stored. DB ID: 17. Commencing analysis...
2026-05-16 01:09:39,255 - INFO - [MVP_Pipeline] - [Kerala Business Group] Pipeline completed successfully. Opportunity Score: 75.5
2026-05-16 01:09:39,255 - INFO - [MVP_Pipeline] - --- Processing 3/5: BIZPOLE TRIVANDRUM ---
2026-05-16 01:09:39,304 - INFO - [MVP_Pipeline] - [BIZPOLE TRIVANDRUM] Stored. DB ID: 18. Commencing analysis...
2026-05-16 01:09:39,499 - INFO - [MVP_Pipeline] - [BIZPOLE TRIVANDRUM] Pipeline completed successfully. Opportunity Score: 90.0
2026-05-16 01:09:39,499 - INFO - [MVP_Pipeline] - --- Processing 4/5: ECS Business Solutions PVT LTD ---
2026-05-16 01:09:39,548 - INFO - [MVP_Pipeline] - [ECS Business Solutions PVT LTD] Stored. DB ID: 19. Commencing analysis...
2026-05-16 01:09:39,744 - INFO - [MVP_Pipeline] - [ECS Business Solutions PVT LTD] Pipeline completed successfully. Opportunity Score: 75.5
2026-05-16 01:09:39,744 - INFO - [MVP_Pipeline] - --- Processing 5/5: Btalks Innovations Private Limited ---
2026-05-16 01:09:39,792 - INFO - [MVP_Pipeline] - [Btalks Innovations Private Limited] Stored. DB ID: 20. Commencing analysis...
2026-05-16 01:09:39,955 - INFO - [MVP_Pipeline] - [Btalks Innovations Private Limited] Pipeline completed successfully. Opportunity Score: 90.0
2026-05-16 01:09:39,955 - INFO - [MVP_Pipeline] - ========== PIPELINE FINISHED ==========
2026-05-16 01:09:39,956 - INFO - [MVP_Pipeline] - Successfully processed 5/5 businesses end-to-end.
2026-05-16 01:09:39,958 - INFO - [MVP_Pipeline] - Identified 3 high-priority leads:
2026-05-16 01:09:39,958 - INFO - [MVP_Pipeline] - - BIZPOLE TRIVANDRUM (90.00/100 opportunity)
2026-05-16 01:09:39,958 - INFO - [MVP_Pipeline] - - Btalks Innovations Private Limited (90.00/100 opportunity)
2026-05-16 01:09:39,958 - INFO - [MVP_Pipeline] - - Jones Gym Trivandrum (75.50/100 opportunity)
2026-05-16 01:19:09,460 - INFO - [MVP_Pipeline] - Starting pipeline. Final Query: 'businesses in Thiruvananthapuram, Kerala, India', Limit: 5
2026-05-16 01:19:09,460 - INFO - [MVP_Pipeline] - Initializing Pipeline Modules...
2026-05-16 01:19:09,469 - INFO - [MVP_Pipeline] - Verifying database schema...
2026-05-16 01:19:09,472 - INFO - [MVP_Pipeline] - ========== PIPELINE STARTED: 'businesses in Thiruvananthapuram, Kerala, India' ==========
2026-05-16 01:19:09,472 - INFO - [MVP_Pipeline] - Phase 1: Scraping Google Maps...
2026-05-16 01:19:54,324 - INFO - [MVP_Pipeline] - Scraped 5 businesses. Moving to processing phase.
2026-05-16 01:19:54,324 - INFO - [MVP_Pipeline] - --- Processing 1/5: MACS Edge | Company Registration in Thiruvananthapuram | Startup Registration | GST Registration | Trademark | Accounting ---
2026-05-16 01:19:54,382 - INFO - [MVP_Pipeline] - [MACS Edge | Company Registration in Thiruvananthapuram | Startup Registration | GST Registration | Trademark | Accounting] Stored. DB ID: 16. Commencing analysis...
2026-05-16 01:19:54,624 - INFO - [MVP_Pipeline] - [MACS Edge | Company Registration in Thiruvananthapuram | Startup Registration | GST Registration | Trademark | Accounting] Pipeline completed successfully. Opportunity Score: 75.5
2026-05-16 01:19:54,624 - INFO - [MVP_Pipeline] - --- Processing 2/5: Kerala Business Group ---
2026-05-16 01:19:54,672 - INFO - [MVP_Pipeline] - [Kerala Business Group] Stored. DB ID: 17. Commencing analysis...
2026-05-16 01:19:54,865 - INFO - [MVP_Pipeline] - [Kerala Business Group] Pipeline completed successfully. Opportunity Score: 75.5
2026-05-16 01:19:54,865 - INFO - [MVP_Pipeline] - --- Processing 3/5: BIZPOLE TRIVANDRUM ---
2026-05-16 01:19:54,913 - INFO - [MVP_Pipeline] - [BIZPOLE TRIVANDRUM] Stored. DB ID: 18. Commencing analysis...
2026-05-16 01:19:55,074 - INFO - [MVP_Pipeline] - [BIZPOLE TRIVANDRUM] Pipeline completed successfully. Opportunity Score: 90.0
2026-05-16 01:19:55,074 - INFO - [MVP_Pipeline] - --- Processing 4/5: ECS Business Solutions PVT LTD ---
2026-05-16 01:19:55,122 - INFO - [MVP_Pipeline] - [ECS Business Solutions PVT LTD] Stored. DB ID: 19. Commencing analysis...
2026-05-16 01:19:55,315 - INFO - [MVP_Pipeline] - [ECS Business Solutions PVT LTD] Pipeline completed successfully. Opportunity Score: 75.5
2026-05-16 01:19:55,315 - INFO - [MVP_Pipeline] - --- Processing 5/5: BRAND PROFILE ---
2026-05-16 01:19:55,363 - INFO - [MVP_Pipeline] - [BRAND PROFILE] Stored. DB ID: 25. Commencing analysis...
2026-05-16 01:19:55,556 - INFO - [MVP_Pipeline] - [BRAND PROFILE] Pipeline completed successfully. Opportunity Score: 75.5
2026-05-16 01:19:55,556 - INFO - [MVP_Pipeline] - ========== PIPELINE FINISHED ==========
2026-05-16 01:19:55,556 - INFO - [MVP_Pipeline] - Successfully processed 5/5 businesses end-to-end.
2026-05-16 01:19:55,558 - INFO - [MVP_Pipeline] - Identified 3 high-priority leads:
2026-05-16 01:19:55,558 - INFO - [MVP_Pipeline] - - BIZPOLE TRIVANDRUM (90.00/100 opportunity)
2026-05-16 01:19:55,558 - INFO - [MVP_Pipeline] - - BIZPOLE TRIVANDRUM (90.00/100 opportunity)
2026-05-16 01:19:55,558 - INFO - [MVP_Pipeline] - - Btalks Innovations Private Limited (90.00/100 opportunity)
2026-05-16 01:20:37,643 - INFO - [MVP_Pipeline] - Starting pipeline. Final Query: 'businesses in Thiruvananthapuram, Kerala, India', Limit: 5
2026-05-16 01:20:37,643 - INFO - [MVP_Pipeline] - Initializing Pipeline Modules...
2026-05-16 01:20:37,652 - INFO - [MVP_Pipeline] - Verifying database schema...
2026-05-16 01:20:37,654 - INFO - [MVP_Pipeline] - ========== PIPELINE STARTED: 'businesses in Thiruvananthapuram, Kerala, India' ==========
2026-05-16 01:20:37,655 - INFO - [MVP_Pipeline] - Phase 1: Scraping Google Maps...
2026-05-16 01:21:19,179 - INFO - [MVP_Pipeline] - Scraped 5 businesses. Moving to processing phase.
2026-05-16 01:21:19,179 - INFO - [MVP_Pipeline] - --- Processing 1/5: MACS Edge | Company Registration in Thiruvananthapuram | Startup Registration | GST Registration | Trademark | Accounting ---
2026-05-16 01:21:19,253 - INFO - [MVP_Pipeline] - [MACS Edge | Company Registration in Thiruvananthapuram | Startup Registration | GST Registration | Trademark | Accounting] Stored. DB ID: 16. Commencing analysis...
2026-05-16 01:21:19,448 - INFO - [MVP_Pipeline] - [MACS Edge | Company Registration in Thiruvananthapuram | Startup Registration | GST Registration | Trademark | Accounting] Pipeline completed successfully. Opportunity Score: 75.5
2026-05-16 01:21:19,449 - INFO - [MVP_Pipeline] - --- Processing 2/5: Kerala Business Group ---
2026-05-16 01:21:19,497 - INFO - [MVP_Pipeline] - [Kerala Business Group] Stored. DB ID: 17. Commencing analysis...
2026-05-16 01:21:19,693 - INFO - [MVP_Pipeline] - [Kerala Business Group] Pipeline completed successfully. Opportunity Score: 75.5
2026-05-16 01:21:19,693 - INFO - [MVP_Pipeline] - --- Processing 3/5: BIZPOLE TRIVANDRUM ---
2026-05-16 01:21:19,741 - INFO - [MVP_Pipeline] - [BIZPOLE TRIVANDRUM] Stored. DB ID: 18. Commencing analysis...
2026-05-16 01:21:19,986 - INFO - [MVP_Pipeline] - [BIZPOLE TRIVANDRUM] Pipeline completed successfully. Opportunity Score: 90.0
2026-05-16 01:21:19,986 - INFO - [MVP_Pipeline] - --- Processing 4/5: ECS Business Solutions PVT LTD ---
2026-05-16 01:21:20,034 - INFO - [MVP_Pipeline] - [ECS Business Solutions PVT LTD] Stored. DB ID: 19. Commencing analysis...
2026-05-16 01:21:20,230 - INFO - [MVP_Pipeline] - [ECS Business Solutions PVT LTD] Pipeline completed successfully. Opportunity Score: 75.5
2026-05-16 01:21:20,230 - INFO - [MVP_Pipeline] - --- Processing 5/5: BRAND PROFILE ---
2026-05-16 01:21:20,279 - INFO - [MVP_Pipeline] - [BRAND PROFILE] Stored. DB ID: 25. Commencing analysis...
2026-05-16 01:21:20,474 - INFO - [MVP_Pipeline] - [BRAND PROFILE] Pipeline completed successfully. Opportunity Score: 75.5
2026-05-16 01:21:20,475 - INFO - [MVP_Pipeline] - ========== PIPELINE FINISHED ==========
2026-05-16 01:21:20,475 - INFO - [MVP_Pipeline] - Successfully processed 5/5 businesses end-to-end.
2026-05-16 01:21:20,476 - INFO - [MVP_Pipeline] - Identified 3 high-priority leads:
2026-05-16 01:21:20,476 - INFO - [MVP_Pipeline] - - BIZPOLE TRIVANDRUM (90.00/100 opportunity)
2026-05-16 01:21:20,477 - INFO - [MVP_Pipeline] - - BIZPOLE TRIVANDRUM (90.00/100 opportunity)
2026-05-16 01:21:20,477 - INFO - [MVP_Pipeline] - - BIZPOLE TRIVANDRUM (90.00/100 opportunity)
2026-05-16 02:03:43,164 - INFO - [MVP_Pipeline] - Starting pipeline. Location: 'Thiruvananthapuram, kerala, India'. Categories: 9. Limit per category: 100
2026-05-16 02:03:43,218 - INFO - [MVP_Pipeline] - Initializing Pipeline Modules...
2026-05-16 02:03:43,431 - INFO - [MVP_Pipeline] - Verifying database schema...
2026-05-16 02:03:43,508 - INFO - [MVP_Pipeline] - Executing search for: 'companies in Thiruvananthapuram, kerala, India'
2026-05-16 02:03:43,508 - INFO - [MVP_Pipeline] - ========== PIPELINE STARTED: 'companies in Thiruvananthapuram, kerala, India' ==========
2026-05-16 02:03:43,508 - INFO - [MVP_Pipeline] - Phase 1: Scraping Google Maps...
2026-05-16 02:03:47,973 - INFO - [MVP_Pipeline] - Starting pipeline. Location: 'Thiruvananthapuram, kerala, India'. Categories: 9. Limit per category: 100
2026-05-16 02:03:47,973 - INFO - [MVP_Pipeline] - Initializing Pipeline Modules...
2026-05-16 02:03:47,982 - INFO - [MVP_Pipeline] - Verifying database schema...
2026-05-16 02:03:47,985 - INFO - [MVP_Pipeline] - Executing search for: 'companies in Thiruvananthapuram, kerala, India'
2026-05-16 02:03:47,985 - INFO - [MVP_Pipeline] - ========== PIPELINE STARTED: 'companies in Thiruvananthapuram, kerala, India' ==========
2026-05-16 02:03:47,985 - INFO - [MVP_Pipeline] - Phase 1: Scraping Google Maps...
2026-05-16 02:04:17,684 - INFO - [MVP_Pipeline] - Starting pipeline. Location: 'Thiruvananthapuram, kerala, India'. Categories: 9. Limit per category: 3
2026-05-16 02:04:17,684 - INFO - [MVP_Pipeline] - Initializing Pipeline Modules...
2026-05-16 02:04:17,693 - INFO - [MVP_Pipeline] - Verifying database schema...
2026-05-16 02:04:17,695 - INFO - [MVP_Pipeline] - Executing search for: 'companies in Thiruvananthapuram, kerala, India'
2026-05-16 02:04:17,695 - INFO - [MVP_Pipeline] - ========== PIPELINE STARTED: 'companies in Thiruvananthapuram, kerala, India' ==========
2026-05-16 02:04:17,695 - INFO - [MVP_Pipeline] - Phase 1: Scraping Google Maps...
2026-05-16 02:04:41,331 - CRITICAL - [MVP_Pipeline] - Critical pipeline failure: Target page, context or browser has been closed
2026-05-16 02:04:41,331 - CRITICAL - [MVP_Pipeline] - Critical pipeline failure: Target page, context or browser has been closed
2026-05-16 02:04:41,331 - CRITICAL - [MVP_Pipeline] - Critical pipeline failure: Target page, context or browser has been closed
2026-05-16 02:04:41,331 - INFO - [MVP_Pipeline] - Executing search for: 'shops in Thiruvananthapuram, kerala, India'
2026-05-16 02:04:41,331 - INFO - [MVP_Pipeline] - Executing search for: 'shops in Thiruvananthapuram, kerala, India'
2026-05-16 02:04:41,331 - INFO - [MVP_Pipeline] - Executing search for: 'shops in Thiruvananthapuram, kerala, India'
2026-05-16 02:04:41,331 - INFO - [MVP_Pipeline] - ========== PIPELINE STARTED: 'shops in Thiruvananthapuram, kerala, India' ==========
2026-05-16 02:04:41,331 - INFO - [MVP_Pipeline] - ========== PIPELINE STARTED: 'shops in Thiruvananthapuram, kerala, India' ==========
2026-05-16 02:04:41,331 - INFO - [MVP_Pipeline] - ========== PIPELINE STARTED: 'shops in Thiruvananthapuram, kerala, India' ==========
2026-05-16 02:04:41,331 - INFO - [MVP_Pipeline] - Phase 1: Scraping Google Maps...
2026-05-16 02:04:41,331 - INFO - [MVP_Pipeline] - Phase 1: Scraping Google Maps...
2026-05-16 02:04:41,331 - INFO - [MVP_Pipeline] - Phase 1: Scraping Google Maps...
2026-05-16 02:04:46,857 - INFO - [MVP_Pipeline] - Starting pipeline. Location: 'Thiruvananthapuram, kerala, India'. Categories: 9. Limit per category: 3
2026-05-16 02:04:46,858 - INFO - [MVP_Pipeline] - Initializing Pipeline Modules...
2026-05-16 02:04:46,866 - INFO - [MVP_Pipeline] - Verifying database schema...
2026-05-16 02:04:46,869 - INFO - [MVP_Pipeline] - Executing search for: 'companies in Thiruvananthapuram, kerala, India'
2026-05-16 02:04:46,869 - INFO - [MVP_Pipeline] - ========== PIPELINE STARTED: 'companies in Thiruvananthapuram, kerala, India' ==========
2026-05-16 02:04:46,869 - INFO - [MVP_Pipeline] - Phase 1: Scraping Google Maps...
2026-05-16 02:05:08,602 - CRITICAL - [MVP_Pipeline] - Critical pipeline failure: Target page, context or browser has been closed
2026-05-16 02:05:08,602 - INFO - [MVP_Pipeline] - Executing search for: 'hospitals in Thiruvananthapuram, kerala, India'
2026-05-16 02:05:08,602 - INFO - [MVP_Pipeline] - ========== PIPELINE STARTED: 'hospitals in Thiruvananthapuram, kerala, India' ==========
2026-05-16 02:05:08,602 - INFO - [MVP_Pipeline] - Phase 1: Scraping Google Maps...
2026-05-16 02:05:31,325 - WARNING - [MVP_Pipeline] - No businesses scraped. Pipeline halting.
2026-05-16 02:05:31,325 - INFO - [MVP_Pipeline] - Executing search for: 'hospitals in Thiruvananthapuram, kerala, India'
2026-05-16 02:05:31,325 - INFO - [MVP_Pipeline] - ========== PIPELINE STARTED: 'hospitals in Thiruvananthapuram, kerala, India' ==========
2026-05-16 02:05:31,325 - INFO - [MVP_Pipeline] - Phase 1: Scraping Google Maps...
2026-05-16 02:05:31,479 - WARNING - [MVP_Pipeline] - No businesses scraped. Pipeline halting.
2026-05-16 02:05:31,479 - INFO - [MVP_Pipeline] - Executing search for: 'hospitals in Thiruvananthapuram, kerala, India'
2026-05-16 02:05:31,479 - INFO - [MVP_Pipeline] - ========== PIPELINE STARTED: 'hospitals in Thiruvananthapuram, kerala, India' ==========
2026-05-16 02:05:31,479 - INFO - [MVP_Pipeline] - Phase 1: Scraping Google Maps...
2026-05-16 02:05:35,337 - WARNING - [MVP_Pipeline] - No businesses scraped. Pipeline halting.
2026-05-16 02:05:35,337 - INFO - [MVP_Pipeline] - Executing search for: 'shops in Thiruvananthapuram, kerala, India'
2026-05-16 02:05:35,337 - INFO - [MVP_Pipeline] - ========== PIPELINE STARTED: 'shops in Thiruvananthapuram, kerala, India' ==========
2026-05-16 02:05:35,338 - INFO - [MVP_Pipeline] - Phase 1: Scraping Google Maps...
2026-05-16 02:05:35,419 - WARNING - [MVP_Pipeline] - No businesses scraped. Pipeline halting.
2026-05-16 02:05:35,419 - INFO - [MVP_Pipeline] - Executing search for: 'clinics in Thiruvananthapuram, kerala, India'
2026-05-16 02:05:35,419 - INFO - [MVP_Pipeline] - ========== PIPELINE STARTED: 'clinics in Thiruvananthapuram, kerala, India' ==========
2026-05-16 02:05:35,420 - INFO - [MVP_Pipeline] - Phase 1: Scraping Google Maps...
2026-05-16 02:06:23,765 - INFO - [MVP_Pipeline] - Scraped 3 businesses. Moving to processing phase.
2026-05-16 02:06:23,765 - INFO - [MVP_Pipeline] - --- Processing 1/3: SP Medifort Hospital ---
2026-05-16 02:06:23,930 - INFO - [MVP_Pipeline] - Scraped 2 businesses. Moving to processing phase.
2026-05-16 02:06:23,930 - INFO - [MVP_Pipeline] - --- Processing 1/2: SP Medifort Hospital ---
2026-05-16 02:06:23,953 - INFO - [MVP_Pipeline] - [SP Medifort Hospital] Stored. DB ID: 31. Commencing analysis...
2026-05-16 02:06:24,044 - INFO - [MVP_Pipeline] - [SP Medifort Hospital] Stored. DB ID: 31. Commencing analysis...
2026-05-16 02:06:24,505 - INFO - [MVP_Pipeline] - [SP Medifort Hospital] Pipeline completed successfully. Opportunity Score: 75.5
2026-05-16 02:06:24,505 - INFO - [MVP_Pipeline] - --- Processing 2/3: Sree Uthradom Thirunal (SUT) Hospital ---
2026-05-16 02:06:24,554 - INFO - [MVP_Pipeline] - [SP Medifort Hospital] Pipeline completed successfully. Opportunity Score: 75.5
2026-05-16 02:06:24,554 - INFO - [MVP_Pipeline] - --- Processing 2/2: Sree Uthradom Thirunal (SUT) Hospital ---
2026-05-16 02:06:24,603 - INFO - [MVP_Pipeline] - [Sree Uthradom Thirunal (SUT) Hospital] Stored. DB ID: 33. Commencing analysis...
2026-05-16 02:06:24,668 - INFO - [MVP_Pipeline] - [Sree Uthradom Thirunal (SUT) Hospital] Stored. DB ID: 33. Commencing analysis...
2026-05-16 02:06:24,927 - INFO - [MVP_Pipeline] - [Sree Uthradom Thirunal (SUT) Hospital] Pipeline completed successfully. Opportunity Score: 75.5
2026-05-16 02:06:24,928 - INFO - [MVP_Pipeline] - --- Processing 3/3: GG Hospital ---
2026-05-16 02:06:25,025 - INFO - [MVP_Pipeline] - [GG Hospital] Stored. DB ID: 35. Commencing analysis...
2026-05-16 02:06:25,170 - INFO - [MVP_Pipeline] - [Sree Uthradom Thirunal (SUT) Hospital] Pipeline completed successfully. Opportunity Score: 75.5
2026-05-16 02:06:25,171 - INFO - [MVP_Pipeline] - ========== PIPELINE FINISHED ==========
2026-05-16 02:06:25,171 - INFO - [MVP_Pipeline] - Successfully processed 2/2 businesses end-to-end.
2026-05-16 02:06:25,221 - INFO - [MVP_Pipeline] - Identified 3 high-priority leads:
2026-05-16 02:06:25,221 - INFO - [MVP_Pipeline] - - SP Medifort Hospital (75.50/100 opportunity)
2026-05-16 02:06:25,221 - INFO - [MVP_Pipeline] - - SP Medifort Hospital (75.50/100 opportunity)
2026-05-16 02:06:25,221 - INFO - [MVP_Pipeline] - - SP Medifort Hospital (75.50/100 opportunity)
2026-05-16 02:06:25,221 - INFO - [MVP_Pipeline] - Executing search for: 'clinics in Thiruvananthapuram, kerala, India'
2026-05-16 02:06:25,221 - INFO - [MVP_Pipeline] - ========== PIPELINE STARTED: 'clinics in Thiruvananthapuram, kerala, India' ==========
2026-05-16 02:06:25,221 - INFO - [MVP_Pipeline] - Phase 1: Scraping Google Maps...
2026-05-16 02:06:25,333 - INFO - [MVP_Pipeline] - [GG Hospital] Pipeline completed successfully. Opportunity Score: 75.5
2026-05-16 02:06:25,333 - INFO - [MVP_Pipeline] - ========== PIPELINE FINISHED ==========
2026-05-16 02:06:25,333 - INFO - [MVP_Pipeline] - Successfully processed 3/3 businesses end-to-end.
2026-05-16 02:06:25,336 - INFO - [MVP_Pipeline] - Identified 3 high-priority leads:
2026-05-16 02:06:25,336 - INFO - [MVP_Pipeline] - - SP Medifort Hospital (75.50/100 opportunity)
2026-05-16 02:06:25,336 - INFO - [MVP_Pipeline] - - SP Medifort Hospital (75.50/100 opportunity)
2026-05-16 02:06:25,337 - INFO - [MVP_Pipeline] - - SP Medifort Hospital (75.50/100 opportunity)
2026-05-16 02:06:25,337 - INFO - [MVP_Pipeline] - Executing search for: 'clinics in Thiruvananthapuram, kerala, India'
2026-05-16 02:06:25,337 - INFO - [MVP_Pipeline] - ========== PIPELINE STARTED: 'clinics in Thiruvananthapuram, kerala, India' ==========
2026-05-16 02:06:25,337 - INFO - [MVP_Pipeline] - Phase 1: Scraping Google Maps...
2026-05-16 02:06:27,404 - WARNING - [MVP_Pipeline] - No businesses scraped. Pipeline halting.
2026-05-16 02:06:27,404 - INFO - [MVP_Pipeline] - Executing search for: 'hospitals in Thiruvananthapuram, kerala, India'
2026-05-16 02:06:27,404 - INFO - [MVP_Pipeline] - ========== PIPELINE STARTED: 'hospitals in Thiruvananthapuram, kerala, India' ==========
2026-05-16 02:06:27,404 - INFO - [MVP_Pipeline] - Phase 1: Scraping Google Maps...
2026-05-16 02:06:27,680 - WARNING - [MVP_Pipeline] - No businesses scraped. Pipeline halting.
2026-05-16 02:06:27,680 - INFO - [MVP_Pipeline] - Executing search for: 'restaurants in Thiruvananthapuram, kerala, India'
2026-05-16 02:06:27,680 - INFO - [MVP_Pipeline] - ========== PIPELINE STARTED: 'restaurants in Thiruvananthapuram, kerala, India' ==========
2026-05-16 02:06:27,680 - INFO - [MVP_Pipeline] - Phase 1: Scraping Google Maps...
2026-05-16 02:07:51,275 - INFO - [MVP_Pipeline] - Scraped 3 businesses. Moving to processing phase.
2026-05-16 02:07:51,276 - INFO - [MVP_Pipeline] - --- Processing 1/3: Sree Uthradom Thirunal (SUT) Hospital ---
2026-05-16 02:07:51,335 - INFO - [MVP_Pipeline] - [Sree Uthradom Thirunal (SUT) Hospital] Stored. DB ID: 33. Commencing analysis...
2026-05-16 02:07:51,518 - INFO - [MVP_Pipeline] - [Sree Uthradom Thirunal (SUT) Hospital] Pipeline completed successfully. Opportunity Score: 75.5
2026-05-16 02:07:51,519 - INFO - [MVP_Pipeline] - --- Processing 2/3: India Hospital ---
2026-05-16 02:07:51,564 - INFO - [MVP_Pipeline] - [India Hospital] Stored. DB ID: 37. Commencing analysis...
2026-05-16 02:07:51,747 - INFO - [MVP_Pipeline] - [India Hospital] Pipeline completed successfully. Opportunity Score: 75.5
2026-05-16 02:07:51,747 - INFO - [MVP_Pipeline] - --- Processing 3/3: Ananthapuri Hospitals and Research Institute (AHRI) ---
2026-05-16 02:07:51,793 - INFO - [MVP_Pipeline] - [Ananthapuri Hospitals and Research Institute (AHRI)] Stored. DB ID: 38. Commencing analysis...
2026-05-16 02:07:52,053 - INFO - [MVP_Pipeline] - [Ananthapuri Hospitals and Research Institute (AHRI)] Pipeline completed successfully. Opportunity Score: 75.5
2026-05-16 02:07:52,054 - INFO - [MVP_Pipeline] - ========== PIPELINE FINISHED ==========
2026-05-16 02:07:52,054 - INFO - [MVP_Pipeline] - Successfully processed 3/3 businesses end-to-end.
2026-05-16 02:07:52,057 - INFO - [MVP_Pipeline] - Identified 3 high-priority leads:
2026-05-16 02:07:52,058 - INFO - [MVP_Pipeline] - - SP Medifort Hospital (75.50/100 opportunity)
2026-05-16 02:07:52,058 - INFO - [MVP_Pipeline] - - SP Medifort Hospital (75.50/100 opportunity)
2026-05-16 02:07:52,058 - INFO - [MVP_Pipeline] - - SP Medifort Hospital (75.50/100 opportunity)
2026-05-16 02:07:52,058 - INFO - [MVP_Pipeline] - Executing search for: 'clinics in Thiruvananthapuram, kerala, India'
2026-05-16 02:07:52,058 - INFO - [MVP_Pipeline] - ========== PIPELINE STARTED: 'clinics in Thiruvananthapuram, kerala, India' ==========
2026-05-16 02:07:52,058 - INFO - [MVP_Pipeline] - Phase 1: Scraping Google Maps...
2026-05-16 02:07:54,409 - INFO - [MVP_Pipeline] - Scraped 3 businesses. Moving to processing phase.
2026-05-16 02:07:54,409 - INFO - [MVP_Pipeline] - --- Processing 1/3: Alpha Heal MG Road Trivandrum ---
2026-05-16 02:07:54,604 - INFO - [MVP_Pipeline] - [Alpha Heal MG Road Trivandrum] Stored. DB ID: 39. Commencing analysis...
2026-05-16 02:07:55,330 - INFO - [MVP_Pipeline] - [Alpha Heal MG Road Trivandrum] Pipeline completed successfully. Opportunity Score: 75.5
2026-05-16 02:07:55,330 - INFO - [MVP_Pipeline] - --- Processing 2/3: Chaithanya Eye Hospital & Research Institute ---
2026-05-16 02:07:55,446 - INFO - [MVP_Pipeline] - [Chaithanya Eye Hospital & Research Institute] Stored. DB ID: 40. Commencing analysis...
2026-05-16 02:07:56,060 - INFO - [MVP_Pipeline] - [Chaithanya Eye Hospital & Research Institute] Pipeline completed successfully. Opportunity Score: 75.5
2026-05-16 02:07:56,061 - INFO - [MVP_Pipeline] - --- Processing 3/3: Therefore I'm Trivandrum - Best Skin, Body & Hair Clinic in Trivandrum ---
2026-05-16 02:07:56,117 - INFO - [MVP_Pipeline] - [Therefore I'm Trivandrum - Best Skin, Body & Hair Clinic in Trivandrum] Stored. DB ID: 41. Commencing analysis...
2026-05-16 02:07:56,807 - INFO - [MVP_Pipeline] - [Therefore I'm Trivandrum - Best Skin, Body & Hair Clinic in Trivandrum] Pipeline completed successfully. Opportunity Score: 75.5
2026-05-16 02:07:56,807 - INFO - [MVP_Pipeline] - ========== PIPELINE FINISHED ==========
2026-05-16 02:07:56,807 - INFO - [MVP_Pipeline] - Successfully processed 3/3 businesses end-to-end.
2026-05-16 02:07:56,809 - INFO - [MVP_Pipeline] - Identified 3 high-priority leads:
2026-05-16 02:07:56,810 - INFO - [MVP_Pipeline] - - SP Medifort Hospital (75.50/100 opportunity)
2026-05-16 02:07:56,810 - INFO - [MVP_Pipeline] - - SP Medifort Hospital (75.50/100 opportunity)
2026-05-16 02:07:56,810 - INFO - [MVP_Pipeline] - - SP Medifort Hospital (75.50/100 opportunity)
2026-05-16 02:07:56,810 - INFO - [MVP_Pipeline] - Executing search for: 'restaurants in Thiruvananthapuram, kerala, India'
2026-05-16 02:07:56,810 - INFO - [MVP_Pipeline] - ========== PIPELINE STARTED: 'restaurants in Thiruvananthapuram, kerala, India' ==========
2026-05-16 02:07:56,810 - INFO - [MVP_Pipeline] - Phase 1: Scraping Google Maps...
2026-05-16 02:09:26,101 - INFO - [MVP_Pipeline] - Scraped 3 businesses. Moving to processing phase.
2026-05-16 02:09:26,102 - INFO - [MVP_Pipeline] - --- Processing 1/3: Dr. Yogiraj Centre for Dermatology & Cosmetology Hair transplantation ---
2026-05-16 02:09:26,277 - INFO - [MVP_Pipeline] - [Dr. Yogiraj Centre for Dermatology & Cosmetology Hair transplantation] Stored. DB ID: 42. Commencing analysis...
2026-05-16 02:09:26,796 - INFO - [MVP_Pipeline] - [Dr. Yogiraj Centre for Dermatology & Cosmetology Hair transplantation] Pipeline completed successfully. Opportunity Score: 75.5
2026-05-16 02:09:26,796 - INFO - [MVP_Pipeline] - --- Processing 2/3: Dr.Nathanis Diagnostic Clinic ---
2026-05-16 02:09:26,886 - INFO - [MVP_Pipeline] - [Dr.Nathanis Diagnostic Clinic] Stored. DB ID: 43. Commencing analysis...
2026-05-16 02:09:26,916 - INFO - [MVP_Pipeline] - Scraped 3 businesses. Moving to processing phase.
2026-05-16 02:09:26,916 - INFO - [MVP_Pipeline] - --- Processing 1/3: Aryaas Park Veg Restaurant ---
2026-05-16 02:09:26,985 - INFO - [MVP_Pipeline] - [Aryaas Park Veg Restaurant] Stored. DB ID: 44. Commencing analysis...
2026-05-16 02:09:27,240 - INFO - [MVP_Pipeline] - [Dr.Nathanis Diagnostic Clinic] Pipeline completed successfully. Opportunity Score: 90.0
2026-05-16 02:09:27,240 - INFO - [MVP_Pipeline] - --- Processing 3/3: Therefore I'm Trivandrum - Best Skin, Body & Hair Clinic in Trivandrum ---
2026-05-16 02:09:27,355 - INFO - [MVP_Pipeline] - [Therefore I'm Trivandrum - Best Skin, Body & Hair Clinic in Trivandrum] Stored. DB ID: 41. Commencing analysis...
2026-05-16 02:09:27,404 - INFO - [MVP_Pipeline] - [Aryaas Park Veg Restaurant] Pipeline completed successfully. Opportunity Score: 90.0
2026-05-16 02:09:27,405 - INFO - [MVP_Pipeline] - --- Processing 2/3: Restaurant Chef Pillai Trivandrum ---
2026-05-16 02:09:27,512 - INFO - [MVP_Pipeline] - [Restaurant Chef Pillai Trivandrum] Stored. DB ID: 46. Commencing analysis...
2026-05-16 02:09:32,681 - INFO - [MVP_Pipeline] - [Therefore I'm Trivandrum - Best Skin, Body & Hair Clinic in Trivandrum] Pipeline completed successfully. Opportunity Score: 75.5
2026-05-16 02:09:32,681 - INFO - [MVP_Pipeline] - ========== PIPELINE FINISHED ==========
2026-05-16 02:09:32,681 - INFO - [MVP_Pipeline] - Successfully processed 3/3 businesses end-to-end.
2026-05-16 02:09:32,683 - INFO - [MVP_Pipeline] - Identified 3 high-priority leads:
2026-05-16 02:09:32,683 - INFO - [MVP_Pipeline] - - Dr.Nathanis Diagnostic Clinic (90.00/100 opportunity)
2026-05-16 02:09:32,683 - INFO - [MVP_Pipeline] - - Aryaas Park Veg Restaurant (90.00/100 opportunity)
2026-05-16 02:09:32,683 - INFO - [MVP_Pipeline] - - SP Medifort Hospital (75.50/100 opportunity)
2026-05-16 02:09:32,683 - INFO - [MVP_Pipeline] - Executing search for: 'restaurants in Thiruvananthapuram, kerala, India'
2026-05-16 02:09:32,683 - INFO - [MVP_Pipeline] - ========== PIPELINE STARTED: 'restaurants in Thiruvananthapuram, kerala, India' ==========
2026-05-16 02:09:32,683 - INFO - [MVP_Pipeline] - Phase 1: Scraping Google Maps...
2026-05-16 02:09:32,919 - INFO - [MVP_Pipeline] - [Restaurant Chef Pillai Trivandrum] Pipeline completed successfully. Opportunity Score: 75.5
2026-05-16 02:09:32,920 - INFO - [MVP_Pipeline] - --- Processing 3/3: Cafe Jade - All Day Dining (24X7) ---
2026-05-16 02:09:33,001 - INFO - [MVP_Pipeline] - [Cafe Jade - All Day Dining (24X7)] Stored. DB ID: 47. Commencing analysis...
2026-05-16 02:09:33,257 - INFO - [MVP_Pipeline] - [Cafe Jade - All Day Dining (24X7)] Pipeline completed successfully. Opportunity Score: 75.5
2026-05-16 02:09:33,257 - INFO - [MVP_Pipeline] - ========== PIPELINE FINISHED ==========
2026-05-16 02:09:33,257 - INFO - [MVP_Pipeline] - Successfully processed 3/3 businesses end-to-end.
2026-05-16 02:09:33,260 - INFO - [MVP_Pipeline] - Identified 3 high-priority leads:
2026-05-16 02:09:33,261 - INFO - [MVP_Pipeline] - - Dr.Nathanis Diagnostic Clinic (90.00/100 opportunity)
2026-05-16 02:09:33,261 - INFO - [MVP_Pipeline] - - Aryaas Park Veg Restaurant (90.00/100 opportunity)
2026-05-16 02:09:33,261 - INFO - [MVP_Pipeline] - - SP Medifort Hospital (75.50/100 opportunity)
2026-05-16 02:09:33,261 - INFO - [MVP_Pipeline] - Executing search for: 'retail stores in Thiruvananthapuram, kerala, India'
2026-05-16 02:09:33,261 - INFO - [MVP_Pipeline] - ========== PIPELINE STARTED: 'retail stores in Thiruvananthapuram, kerala, India' ==========
2026-05-16 02:09:33,261 - INFO - [MVP_Pipeline] - Phase 1: Scraping Google Maps...
2026-05-16 02:10:26,622 - WARNING - [MVP_Pipeline] - No businesses scraped. Pipeline halting.
2026-05-16 02:10:26,622 - INFO - [MVP_Pipeline] - Executing search for: 'agencies in Thiruvananthapuram, kerala, India'
2026-05-16 02:10:26,622 - INFO - [MVP_Pipeline] - ========== PIPELINE STARTED: 'agencies in Thiruvananthapuram, kerala, India' ==========
2026-05-16 02:10:26,622 - INFO - [MVP_Pipeline] - Phase 1: Scraping Google Maps...
2026-05-16 02:11:27,836 - INFO - [MVP_Pipeline] - Scraped 3 businesses. Moving to processing phase.
2026-05-16 02:11:27,836 - INFO - [MVP_Pipeline] - --- Processing 1/3: Villa Maya ---
2026-05-16 02:11:27,947 - INFO - [MVP_Pipeline] - [Villa Maya] Stored. DB ID: 48. Commencing analysis...
2026-05-16 02:11:28,556 - INFO - [MVP_Pipeline] - [Villa Maya] Pipeline completed successfully. Opportunity Score: 75.5
2026-05-16 02:11:28,556 - INFO - [MVP_Pipeline] - --- Processing 2/3: Paragon Restaurant ---
2026-05-16 02:11:28,715 - INFO - [MVP_Pipeline] - [Paragon Restaurant] Stored. DB ID: 49. Commencing analysis...
2026-05-16 02:11:29,143 - INFO - [MVP_Pipeline] - [Paragon Restaurant] Pipeline completed successfully. Opportunity Score: 75.5
2026-05-16 02:11:29,144 - INFO - [MVP_Pipeline] - --- Processing 3/3: Aryaas Park Veg Restaurant ---
2026-05-16 02:11:29,330 - INFO - [MVP_Pipeline] - [Aryaas Park Veg Restaurant] Stored. DB ID: 44. Commencing analysis...
2026-05-16 02:11:29,780 - INFO - [MVP_Pipeline] - [Aryaas Park Veg Restaurant] Pipeline completed successfully. Opportunity Score: 90.0
2026-05-16 02:11:29,780 - INFO - [MVP_Pipeline] - ========== PIPELINE FINISHED ==========
2026-05-16 02:11:29,780 - INFO - [MVP_Pipeline] - Successfully processed 3/3 businesses end-to-end.
2026-05-16 02:11:29,781 - INFO - [MVP_Pipeline] - Identified 3 high-priority leads:
2026-05-16 02:11:29,782 - INFO - [MVP_Pipeline] - - Dr.Nathanis Diagnostic Clinic (90.00/100 opportunity)
2026-05-16 02:11:29,782 - INFO - [MVP_Pipeline] - - Aryaas Park Veg Restaurant (90.00/100 opportunity)
2026-05-16 02:11:29,782 - INFO - [MVP_Pipeline] - - Aryaas Park Veg Restaurant (90.00/100 opportunity)
2026-05-16 02:11:29,782 - INFO - [MVP_Pipeline] - Executing search for: 'retail stores in Thiruvananthapuram, kerala, India'
2026-05-16 02:11:29,782 - INFO - [MVP_Pipeline] - ========== PIPELINE STARTED: 'retail stores in Thiruvananthapuram, kerala, India' ==========
2026-05-16 02:11:29,782 - INFO - [MVP_Pipeline] - Phase 1: Scraping Google Maps...
2026-05-16 02:12:14,532 - INFO - [MVP_Pipeline] - Scraped 3 businesses. Moving to processing phase.
2026-05-16 02:12:14,532 - INFO - [MVP_Pipeline] - --- Processing 1/3: Worldstar Enterprises, Trivandrum jobs ---
2026-05-16 02:12:14,708 - INFO - [MVP_Pipeline] - [Worldstar Enterprises, Trivandrum jobs] Stored. DB ID: 51. Commencing analysis...
2026-05-16 02:12:15,481 - INFO - [MVP_Pipeline] - [Worldstar Enterprises, Trivandrum jobs] Pipeline completed successfully. Opportunity Score: 75.5
2026-05-16 02:12:15,481 - INFO - [MVP_Pipeline] - --- Processing 2/3: RCD HR SOLUTIONS ---
2026-05-16 02:12:15,590 - INFO - [MVP_Pipeline] - [RCD HR SOLUTIONS] Stored. DB ID: 52. Commencing analysis...
2026-05-16 02:12:16,056 - INFO - [MVP_Pipeline] - [RCD HR SOLUTIONS] Pipeline completed successfully. Opportunity Score: 90.0
2026-05-16 02:12:16,056 - INFO - [MVP_Pipeline] - --- Processing 3/3: Connecting2Work HR Solutions ---
2026-05-16 02:12:16,131 - INFO - [MVP_Pipeline] - [Connecting2Work HR Solutions] Stored. DB ID: 53. Commencing analysis...
2026-05-16 02:12:17,958 - INFO - [MVP_Pipeline] - [Connecting2Work HR Solutions] Pipeline completed successfully. Opportunity Score: 75.5
2026-05-16 02:12:17,959 - INFO - [MVP_Pipeline] - ========== PIPELINE FINISHED ==========
2026-05-16 02:12:17,959 - INFO - [MVP_Pipeline] - Successfully processed 3/3 businesses end-to-end.
2026-05-16 02:12:17,962 - INFO - [MVP_Pipeline] - Identified 3 high-priority leads:
2026-05-16 02:12:17,962 - INFO - [MVP_Pipeline] - - Dr.Nathanis Diagnostic Clinic (90.00/100 opportunity)
2026-05-16 02:12:17,962 - INFO - [MVP_Pipeline] - - Aryaas Park Veg Restaurant (90.00/100 opportunity)
2026-05-16 02:12:17,962 - INFO - [MVP_Pipeline] - - Aryaas Park Veg Restaurant (90.00/100 opportunity)
2026-05-16 02:12:17,962 - INFO - [MVP_Pipeline] - Executing search for: 'services in Thiruvananthapuram, kerala, India'
2026-05-16 02:12:17,962 - INFO - [MVP_Pipeline] - ========== PIPELINE STARTED: 'services in Thiruvananthapuram, kerala, India' ==========
2026-05-16 02:12:17,962 - INFO - [MVP_Pipeline] - Phase 1: Scraping Google Maps...
2026-05-16 02:13:07,245 - WARNING - [MVP_Pipeline] - No businesses scraped. Pipeline halting.
2026-05-16 02:13:07,245 - INFO - [MVP_Pipeline] - Executing search for: 'agencies in Thiruvananthapuram, kerala, India'
2026-05-16 02:13:07,245 - INFO - [MVP_Pipeline] - ========== PIPELINE STARTED: 'agencies in Thiruvananthapuram, kerala, India' ==========
2026-05-16 02:13:07,245 - INFO - [MVP_Pipeline] - Phase 1: Scraping Google Maps...
2026-05-16 02:14:09,131 - INFO - [MVP_Pipeline] - Scraped 3 businesses. Moving to processing phase.
2026-05-16 02:14:09,131 - INFO - [MVP_Pipeline] - --- Processing 1/3: AM Customer Service Point ---
2026-05-16 02:14:09,308 - INFO - [MVP_Pipeline] - [AM Customer Service Point] Stored. DB ID: 54. Commencing analysis...
2026-05-16 02:14:10,193 - INFO - [MVP_Pipeline] - [AM Customer Service Point] Pipeline completed successfully. Opportunity Score: 90.0
2026-05-16 02:14:10,194 - INFO - [MVP_Pipeline] - --- Processing 2/3: My Secretary Services ---
2026-05-16 02:14:10,274 - INFO - [MVP_Pipeline] - [My Secretary Services] Stored. DB ID: 55. Commencing analysis...
2026-05-16 02:14:10,764 - INFO - [MVP_Pipeline] - [My Secretary Services] Pipeline completed successfully. Opportunity Score: 75.5
2026-05-16 02:14:10,764 - INFO - [MVP_Pipeline] - --- Processing 3/3: Trinity Solutions- Sony Authorized Service Center, Trivandrum ---
2026-05-16 02:14:10,878 - INFO - [MVP_Pipeline] - [Trinity Solutions- Sony Authorized Service Center, Trivandrum] Stored. DB ID: 56. Commencing analysis...
2026-05-16 02:14:11,361 - INFO - [MVP_Pipeline] - [Trinity Solutions- Sony Authorized Service Center, Trivandrum] Pipeline completed successfully. Opportunity Score: 75.5
2026-05-16 02:14:11,361 - INFO - [MVP_Pipeline] - ========== PIPELINE FINISHED ==========
2026-05-16 02:14:11,362 - INFO - [MVP_Pipeline] - Successfully processed 3/3 businesses end-to-end.
2026-05-16 02:14:11,364 - INFO - [MVP_Pipeline] - Identified 3 high-priority leads:
2026-05-16 02:14:11,364 - INFO - [MVP_Pipeline] - - Dr.Nathanis Diagnostic Clinic (90.00/100 opportunity)
2026-05-16 02:14:11,364 - INFO - [MVP_Pipeline] - - Aryaas Park Veg Restaurant (90.00/100 opportunity)
2026-05-16 02:14:11,364 - INFO - [MVP_Pipeline] - - Aryaas Park Veg Restaurant (90.00/100 opportunity)
2026-05-16 02:14:11,364 - INFO - [MVP_Pipeline] - Executing search for: 'factories in Thiruvananthapuram, kerala, India'
2026-05-16 02:14:11,364 - INFO - [MVP_Pipeline] - ========== PIPELINE STARTED: 'factories in Thiruvananthapuram, kerala, India' ==========
2026-05-16 02:14:11,364 - INFO - [MVP_Pipeline] - Phase 1: Scraping Google Maps...
2026-05-16 02:14:59,121 - INFO - [MVP_Pipeline] - Scraped 3 businesses. Moving to processing phase.
2026-05-16 02:14:59,121 - INFO - [MVP_Pipeline] - --- Processing 1/3: Worldstar Enterprises, Trivandrum jobs ---
2026-05-16 02:14:59,430 - INFO - [MVP_Pipeline] - [Worldstar Enterprises, Trivandrum jobs] Stored. DB ID: 51. Commencing analysis...
2026-05-16 02:15:00,165 - INFO - [MVP_Pipeline] - [Worldstar Enterprises, Trivandrum jobs] Pipeline completed successfully. Opportunity Score: 75.5
2026-05-16 02:15:00,166 - INFO - [MVP_Pipeline] - --- Processing 2/3: RCD HR SOLUTIONS ---
2026-05-16 02:15:00,262 - INFO - [MVP_Pipeline] - [RCD HR SOLUTIONS] Stored. DB ID: 52. Commencing analysis...
2026-05-16 02:15:00,899 - INFO - [MVP_Pipeline] - [RCD HR SOLUTIONS] Pipeline completed successfully. Opportunity Score: 90.0
2026-05-16 02:15:00,899 - INFO - [MVP_Pipeline] - --- Processing 3/3: Connecting2Work HR Solutions ---
2026-05-16 02:15:01,014 - INFO - [MVP_Pipeline] - [Connecting2Work HR Solutions] Stored. DB ID: 53. Commencing analysis...
2026-05-16 02:15:01,609 - INFO - [MVP_Pipeline] - [Connecting2Work HR Solutions] Pipeline completed successfully. Opportunity Score: 75.5
2026-05-16 02:15:01,609 - INFO - [MVP_Pipeline] - ========== PIPELINE FINISHED ==========
2026-05-16 02:15:01,609 - INFO - [MVP_Pipeline] - Successfully processed 3/3 businesses end-to-end.
2026-05-16 02:15:01,612 - INFO - [MVP_Pipeline] - Identified 3 high-priority leads:
2026-05-16 02:15:01,613 - INFO - [MVP_Pipeline] - - Dr.Nathanis Diagnostic Clinic (90.00/100 opportunity)
2026-05-16 02:15:01,613 - INFO - [MVP_Pipeline] - - Aryaas Park Veg Restaurant (90.00/100 opportunity)
2026-05-16 02:15:01,613 - INFO - [MVP_Pipeline] - - Aryaas Park Veg Restaurant (90.00/100 opportunity)
2026-05-16 02:15:01,613 - INFO - [MVP_Pipeline] - Executing search for: 'services in Thiruvananthapuram, kerala, India'
2026-05-16 02:15:01,613 - INFO - [MVP_Pipeline] - ========== PIPELINE STARTED: 'services in Thiruvananthapuram, kerala, India' ==========
2026-05-16 02:15:01,613 - INFO - [MVP_Pipeline] - Phase 1: Scraping Google Maps...
2026-05-16 02:16:41,722 - INFO - [MVP_Pipeline] - Scraped 3 businesses. Moving to processing phase.
2026-05-16 02:16:41,722 - INFO - [MVP_Pipeline] - --- Processing 1/3: MAHASREEVARI FOOD INDUSTRIES PRIVATE LIMITED ---
2026-05-16 02:16:42,159 - INFO - [MVP_Pipeline] - [MAHASREEVARI FOOD INDUSTRIES PRIVATE LIMITED] Stored. DB ID: 60. Commencing analysis...
2026-05-16 02:16:44,298 - INFO - [MVP_Pipeline] - [MAHASREEVARI FOOD INDUSTRIES PRIVATE LIMITED] Pipeline completed successfully. Opportunity Score: 75.5
2026-05-16 02:16:44,298 - INFO - [MVP_Pipeline] - --- Processing 2/3: Dr. FOOD NUTRI INDUSTRIES ---
2026-05-16 02:16:44,894 - INFO - [MVP_Pipeline] - [Dr. FOOD NUTRI INDUSTRIES] Stored. DB ID: 61. Commencing analysis...
2026-05-16 02:16:46,567 - INFO - [MVP_Pipeline] - [Dr. FOOD NUTRI INDUSTRIES] Pipeline completed successfully. Opportunity Score: 75.5
2026-05-16 02:16:46,568 - INFO - [MVP_Pipeline] - --- Processing 3/3: The India Cements Ltd ---
2026-05-16 02:16:47,048 - INFO - [MVP_Pipeline] - [The India Cements Ltd] Stored. DB ID: 62. Commencing analysis...
2026-05-16 02:16:52,796 - INFO - [MVP_Pipeline] - [The India Cements Ltd] Pipeline completed successfully. Opportunity Score: 75.5
2026-05-16 02:16:52,796 - INFO - [MVP_Pipeline] - ========== PIPELINE FINISHED ==========
2026-05-16 02:16:52,796 - INFO - [MVP_Pipeline] - Successfully processed 3/3 businesses end-to-end.
2026-05-16 02:16:52,798 - INFO - [MVP_Pipeline] - Identified 3 high-priority leads:
2026-05-16 02:16:52,798 - INFO - [MVP_Pipeline] - - Dr.Nathanis Diagnostic Clinic (90.00/100 opportunity)
2026-05-16 02:16:52,798 - INFO - [MVP_Pipeline] - - Aryaas Park Veg Restaurant (90.00/100 opportunity)
2026-05-16 02:16:52,798 - INFO - [MVP_Pipeline] - - Aryaas Park Veg Restaurant (90.00/100 opportunity)
2026-05-16 02:17:05,865 - INFO - [MVP_Pipeline] - Scraped 3 businesses. Moving to processing phase.
2026-05-16 02:17:05,865 - INFO - [MVP_Pipeline] - --- Processing 1/3: Capital house keeping service ---
2026-05-16 02:17:06,077 - INFO - [MVP_Pipeline] - [Capital house keeping service] Stored. DB ID: 63. Commencing analysis...
2026-05-16 02:17:06,375 - INFO - [MVP_Pipeline] - [Capital house keeping service] Pipeline completed successfully. Opportunity Score: 75.5
2026-05-16 02:17:06,375 - INFO - [MVP_Pipeline] - --- Processing 2/3: AM Customer Service Point ---
2026-05-16 02:17:06,430 - INFO - [MVP_Pipeline] - [AM Customer Service Point] Stored. DB ID: 54. Commencing analysis...
2026-05-16 02:17:06,663 - INFO - [MVP_Pipeline] - [AM Customer Service Point] Pipeline completed successfully. Opportunity Score: 90.0
2026-05-16 02:17:06,663 - INFO - [MVP_Pipeline] - --- Processing 3/3: KERALA UNIVERSITY TRANSCRIPT/ATTESTATION SERVICES/ABS TRANSCRIPT/ABSEDUCATIONSERVICE ---
2026-05-16 02:17:06,780 - INFO - [MVP_Pipeline] - [KERALA UNIVERSITY TRANSCRIPT/ATTESTATION SERVICES/ABS TRANSCRIPT/ABSEDUCATIONSERVICE] Stored. DB ID: 65. Commencing analysis...
2026-05-16 02:17:07,013 - INFO - [MVP_Pipeline] - [KERALA UNIVERSITY TRANSCRIPT/ATTESTATION SERVICES/ABS TRANSCRIPT/ABSEDUCATIONSERVICE] Pipeline completed successfully. Opportunity Score: 75.5
2026-05-16 02:17:07,014 - INFO - [MVP_Pipeline] - ========== PIPELINE FINISHED ==========
2026-05-16 02:17:07,014 - INFO - [MVP_Pipeline] - Successfully processed 3/3 businesses end-to-end.
2026-05-16 02:17:07,018 - INFO - [MVP_Pipeline] - Identified 3 high-priority leads:
2026-05-16 02:17:07,019 - INFO - [MVP_Pipeline] - - Dr.Nathanis Diagnostic Clinic (90.00/100 opportunity)
2026-05-16 02:17:07,019 - INFO - [MVP_Pipeline] - - Aryaas Park Veg Restaurant (90.00/100 opportunity)
2026-05-16 02:17:07,019 - INFO - [MVP_Pipeline] - - Aryaas Park Veg Restaurant (90.00/100 opportunity)
2026-05-16 02:17:07,019 - INFO - [MVP_Pipeline] - Executing search for: 'factories in Thiruvananthapuram, kerala, India'
2026-05-16 02:17:07,019 - INFO - [MVP_Pipeline] - ========== PIPELINE STARTED: 'factories in Thiruvananthapuram, kerala, India' ==========
2026-05-16 02:17:07,019 - INFO - [MVP_Pipeline] - Phase 1: Scraping Google Maps...
2026-05-16 02:18:22,091 - WARNING - [MVP_Pipeline] - No businesses scraped. Pipeline halting.
2026-05-16 03:13:40,352 - INFO - [MVP_Pipeline] - Scraped 100 businesses. Moving to processing phase.
2026-05-16 03:13:40,435 - INFO - [MVP_Pipeline] - --- Processing 1/100: Dr Anugra Baburaj Cosmetologist | Skin Care Clinic Trivandrum ---
2026-05-16 03:13:40,896 - INFO - [MVP_Pipeline] - [Dr Anugra Baburaj Cosmetologist | Skin Care Clinic Trivandrum] Stored. DB ID: 66. Commencing analysis...
2026-05-16 03:13:41,393 - INFO - [MVP_Pipeline] - [Dr Anugra Baburaj Cosmetologist | Skin Care Clinic Trivandrum] Pipeline completed successfully. Opportunity Score: 75.5
2026-05-16 03:13:41,393 - INFO - [MVP_Pipeline] - --- Processing 2/100: Alpha Heal MG Road Trivandrum ---
2026-05-16 03:13:41,449 - INFO - [MVP_Pipeline] - [Alpha Heal MG Road Trivandrum] Stored. DB ID: 39. Commencing analysis...
2026-05-16 03:13:41,693 - INFO - [MVP_Pipeline] - [Alpha Heal MG Road Trivandrum] Pipeline completed successfully. Opportunity Score: 75.5
2026-05-16 03:13:41,694 - INFO - [MVP_Pipeline] - --- Processing 3/100: Dr. Yogiraj Centre for Dermatology & Cosmetology Hair transplantation ---
2026-05-16 03:13:41,750 - INFO - [MVP_Pipeline] - [Dr. Yogiraj Centre for Dermatology & Cosmetology Hair transplantation] Stored. DB ID: 42. Commencing analysis...
2026-05-16 03:13:42,027 - INFO - [MVP_Pipeline] - [Dr. Yogiraj Centre for Dermatology & Cosmetology Hair transplantation] Pipeline completed successfully. Opportunity Score: 75.5
2026-05-16 03:13:42,027 - INFO - [MVP_Pipeline] - --- Processing 4/100: Dr.Nathanis Diagnostic Clinic ---
2026-05-16 03:13:42,084 - INFO - [MVP_Pipeline] - [Dr.Nathanis Diagnostic Clinic] Stored. DB ID: 43. Commencing analysis...
2026-05-16 03:13:42,426 - INFO - [MVP_Pipeline] - [Dr.Nathanis Diagnostic Clinic] Pipeline completed successfully. Opportunity Score: 90.0
2026-05-16 03:13:42,426 - INFO - [MVP_Pipeline] - --- Processing 5/100: Dr Sai Ganesh Medical Centre - Trivandrum ---
2026-05-16 03:13:42,483 - INFO - [MVP_Pipeline] - [Dr Sai Ganesh Medical Centre - Trivandrum] Stored. DB ID: 70. Commencing analysis...
2026-05-16 03:13:42,759 - INFO - [MVP_Pipeline] - [Dr Sai Ganesh Medical Centre - Trivandrum] Pipeline completed successfully. Opportunity Score: 75.5
2026-05-16 03:13:42,759 - INFO - [MVP_Pipeline] - --- Processing 6/100: Therefore I'm Trivandrum - Best Skin, Body & Hair Clinic in Trivandrum ---
2026-05-16 03:13:42,816 - INFO - [MVP_Pipeline] - [Therefore I'm Trivandrum - Best Skin, Body & Hair Clinic in Trivandrum] Stored. DB ID: 41. Commencing analysis...
2026-05-16 03:13:43,093 - INFO - [MVP_Pipeline] - [Therefore I'm Trivandrum - Best Skin, Body & Hair Clinic in Trivandrum] Pipeline completed successfully. Opportunity Score: 75.5
2026-05-16 03:13:43,093 - INFO - [MVP_Pipeline] - --- Processing 7/100: UpHeal.Clinic ---
2026-05-16 03:13:43,149 - INFO - [MVP_Pipeline] - [UpHeal.Clinic] Stored. DB ID: 72. Commencing analysis...
2026-05-16 03:13:43,491 - INFO - [MVP_Pipeline] - [UpHeal.Clinic] Pipeline completed successfully. Opportunity Score: 75.5
2026-05-16 03:13:43,491 - INFO - [MVP_Pipeline] - --- Processing 8/100: VSSC Poly Clinic ---
2026-05-16 03:13:43,565 - INFO - [MVP_Pipeline] - [VSSC Poly Clinic] Stored. DB ID: 73. Commencing analysis...
2026-05-16 03:13:43,849 - INFO - [MVP_Pipeline] - [VSSC Poly Clinic] Pipeline completed successfully. Opportunity Score: 75.5
2026-05-16 03:13:43,850 - INFO - [MVP_Pipeline] - --- Processing 9/100: SP Medifort Hospital ---
2026-05-16 03:13:43,906 - INFO - [MVP_Pipeline] - [SP Medifort Hospital] Stored. DB ID: 31. Commencing analysis...
2026-05-16 03:13:44,191 - INFO - [MVP_Pipeline] - [SP Medifort Hospital] Pipeline completed successfully. Opportunity Score: 75.5
2026-05-16 03:13:44,191 - INFO - [MVP_Pipeline] - --- Processing 10/100: Clinic ---
2026-05-16 03:13:44,281 - INFO - [MVP_Pipeline] - [Clinic] Stored. DB ID: 75. Commencing analysis...
2026-05-16 03:13:44,509 - INFO - [MVP_Pipeline] - [Clinic] Pipeline completed successfully. Opportunity Score: 90.0
2026-05-16 03:13:44,509 - INFO - [MVP_Pipeline] - --- Processing 11/100: WowFactor MediCosmetic Skin & Laser Centre ---
2026-05-16 03:13:44,622 - INFO - [MVP_Pipeline] - [WowFactor MediCosmetic Skin & Laser Centre] Stored. DB ID: 76. Commencing analysis...
2026-05-16 03:13:44,850 - INFO - [MVP_Pipeline] - [WowFactor MediCosmetic Skin & Laser Centre] Pipeline completed successfully. Opportunity Score: 75.5
2026-05-16 03:13:44,850 - INFO - [MVP_Pipeline] - --- Processing 12/100: Chaithanya Eye Hospital & Research Institute ---
2026-05-16 03:13:44,908 - INFO - [MVP_Pipeline] - [Chaithanya Eye Hospital & Research Institute] Stored. DB ID: 40. Commencing analysis...
2026-05-16 03:13:45,200 - INFO - [MVP_Pipeline] - [Chaithanya Eye Hospital & Research Institute] Pipeline completed successfully. Opportunity Score: 75.5
2026-05-16 03:13:45,200 - INFO - [MVP_Pipeline] - --- Processing 13/100: SPOTLESS SKIN & HAIR CLINIC ---
2026-05-16 03:13:45,257 - INFO - [MVP_Pipeline] - [SPOTLESS SKIN & HAIR CLINIC] Stored. DB ID: 78. Commencing analysis...
2026-05-16 03:13:45,533 - INFO - [MVP_Pipeline] - [SPOTLESS SKIN & HAIR CLINIC] Pipeline completed successfully. Opportunity Score: 90.0
2026-05-16 03:13:45,534 - INFO - [MVP_Pipeline] - --- Processing 14/100: Ageless Skin Clinic ---
2026-05-16 03:13:45,631 - INFO - [MVP_Pipeline] - [Ageless Skin Clinic] Stored. DB ID: 79. Commencing analysis...
2026-05-16 03:13:45,900 - INFO - [MVP_Pipeline] - [Ageless Skin Clinic] Pipeline completed successfully. Opportunity Score: 75.5
2026-05-16 03:13:45,900 - INFO - [MVP_Pipeline] - --- Processing 15/100: Aeka Holistic Skin Clinic ---
2026-05-16 03:13:45,957 - INFO - [MVP_Pipeline] - [Aeka Holistic Skin Clinic] Stored. DB ID: 80. Commencing analysis...
2026-05-16 03:13:46,233 - INFO - [MVP_Pipeline] - [Aeka Holistic Skin Clinic] Pipeline completed successfully. Opportunity Score: 75.5
2026-05-16 03:13:46,233 - INFO - [MVP_Pipeline] - --- Processing 16/100: Wellness Clinic ---
2026-05-16 03:13:46,290 - INFO - [MVP_Pipeline] - [Wellness Clinic] Stored. DB ID: 81. Commencing analysis...
2026-05-16 03:13:46,697 - INFO - [MVP_Pipeline] - [Wellness Clinic] Pipeline completed successfully. Opportunity Score: 90.0
2026-05-16 03:13:46,698 - INFO - [MVP_Pipeline] - --- Processing 17/100: V Care Skin Clinic& Piles Centre ---
2026-05-16 03:13:46,811 - INFO - [MVP_Pipeline] - [V Care Skin Clinic& Piles Centre] Stored. DB ID: 82. Commencing analysis...
2026-05-16 03:13:47,259 - INFO - [MVP_Pipeline] - [V Care Skin Clinic& Piles Centre] Pipeline completed successfully. Opportunity Score: 90.0
2026-05-16 03:13:47,259 - INFO - [MVP_Pipeline] - --- Processing 18/100: Cosmopolitan Hospital Pvt.Ltd ---
2026-05-16 03:13:47,356 - INFO - [MVP_Pipeline] - [Cosmopolitan Hospital Pvt.Ltd] Stored. DB ID: 83. Commencing analysis...
2026-05-16 03:13:47,682 - INFO - [MVP_Pipeline] - [Cosmopolitan Hospital Pvt.Ltd] Pipeline completed successfully. Opportunity Score: 75.5
2026-05-16 03:13:47,682 - INFO - [MVP_Pipeline] - --- Processing 19/100: Clear Clinic - Best ENT Clinic in Trivandrum ---
2026-05-16 03:13:47,739 - INFO - [MVP_Pipeline] - [Clear Clinic - Best ENT Clinic in Trivandrum] Stored. DB ID: 84. Commencing analysis...
2026-05-16 03:13:48,016 - INFO - [MVP_Pipeline] - [Clear Clinic - Best ENT Clinic in Trivandrum] Pipeline completed successfully. Opportunity Score: 75.5
2026-05-16 03:13:48,016 - INFO - [MVP_Pipeline] - --- Processing 20/100: SP Fort Hospital ---
2026-05-16 03:13:48,121 - INFO - [MVP_Pipeline] - [SP Fort Hospital] Stored. DB ID: 85. Commencing analysis...
2026-05-16 03:13:48,478 - INFO - [MVP_Pipeline] - [SP Fort Hospital] Pipeline completed successfully. Opportunity Score: 75.5
2026-05-16 03:13:48,479 - INFO - [MVP_Pipeline] - --- Processing 21/100: Rainbow Speciality Clinics ---
2026-05-16 03:13:48,553 - INFO - [MVP_Pipeline] - [Rainbow Speciality Clinics] Stored. DB ID: 86. Commencing analysis...
2026-05-16 03:13:48,837 - INFO - [MVP_Pipeline] - [Rainbow Speciality Clinics] Pipeline completed successfully. Opportunity Score: 90.0
2026-05-16 03:13:48,837 - INFO - [MVP_Pipeline] - --- Processing 22/100: Serene Derma ---
2026-05-16 03:13:48,943 - INFO - [MVP_Pipeline] - [Serene Derma] Stored. DB ID: 87. Commencing analysis...
2026-05-16 03:13:49,301 - INFO - [MVP_Pipeline] - [Serene Derma] Pipeline completed successfully. Opportunity Score: 75.5
2026-05-16 03:13:49,301 - INFO - [MVP_Pipeline] - --- Processing 23/100: GG Hospital ---
2026-05-16 03:13:49,350 - INFO - [MVP_Pipeline] - [GG Hospital] Stored. DB ID: 35. Commencing analysis...
2026-05-16 03:13:49,569 - INFO - [MVP_Pipeline] - [GG Hospital] Pipeline completed successfully. Opportunity Score: 75.5
2026-05-16 03:13:49,570 - INFO - [MVP_Pipeline] - --- Processing 24/100: Ananthapuri Hospitals and Research Institute (AHRI) ---
2026-05-16 03:13:49,676 - INFO - [MVP_Pipeline] - [Ananthapuri Hospitals and Research Institute (AHRI)] Stored. DB ID: 38. Commencing analysis...
2026-05-16 03:13:49,887 - INFO - [MVP_Pipeline] - [Ananthapuri Hospitals and Research Institute (AHRI)] Pipeline completed successfully. Opportunity Score: 75.5
2026-05-16 03:13:49,887 - INFO - [MVP_Pipeline] - --- Processing 25/100: Karthika Clinic ---
2026-05-16 03:13:49,944 - INFO - [MVP_Pipeline] - [Karthika Clinic] Stored. DB ID: 90. Commencing analysis...
2026-05-16 03:13:50,213 - INFO - [MVP_Pipeline] - [Karthika Clinic] Pipeline completed successfully. Opportunity Score: 90.0
2026-05-16 03:13:50,213 - INFO - [MVP_Pipeline] - --- Processing 26/100: Diabetes Care Centre ---
2026-05-16 03:13:50,270 - INFO - [MVP_Pipeline] - [Diabetes Care Centre] Stored. DB ID: 91. Commencing analysis...
2026-05-16 03:13:50,538 - INFO - [MVP_Pipeline] - [Diabetes Care Centre] Pipeline completed successfully. Opportunity Score: 75.5
2026-05-16 03:13:50,538 - INFO - [MVP_Pipeline] - --- Processing 27/100: PRS Hospital ---
2026-05-16 03:13:50,602 - INFO - [MVP_Pipeline] - [PRS Hospital] Stored. DB ID: 92. Commencing analysis...
2026-05-16 03:13:50,847 - INFO - [MVP_Pipeline] - [PRS Hospital] Pipeline completed successfully. Opportunity Score: 75.5
2026-05-16 03:13:50,847 - INFO - [MVP_Pipeline] - --- Processing 28/100: Dr Suchithra's Skin and Hair care ---
2026-05-16 03:13:50,896 - INFO - [MVP_Pipeline] - [Dr Suchithra's Skin and Hair care] Stored. DB ID: 93. Commencing analysis...
2026-05-16 03:13:51,197 - INFO - [MVP_Pipeline] - [Dr Suchithra's Skin and Hair care] Pipeline completed successfully. Opportunity Score: 90.0
2026-05-16 03:13:51,198 - INFO - [MVP_Pipeline] - --- Processing 29/100: Trivandrum Medical Centre ---
2026-05-16 03:13:51,253 - INFO - [MVP_Pipeline] - [Trivandrum Medical Centre] Stored. DB ID: 94. Commencing analysis...
2026-05-16 03:13:51,530 - INFO - [MVP_Pipeline] - [Trivandrum Medical Centre] Pipeline completed successfully. Opportunity Score: 90.0
2026-05-16 03:13:51,531 - INFO - [MVP_Pipeline] - --- Processing 30/100: Saatwika Ayurveda Treatment Centre and Hospital Trivandrum ---
2026-05-16 03:13:51,579 - INFO - [MVP_Pipeline] - [Saatwika Ayurveda Treatment Centre and Hospital Trivandrum] Stored. DB ID: 95. Commencing analysis...
2026-05-16 03:13:51,880 - INFO - [MVP_Pipeline] - [Saatwika Ayurveda Treatment Centre and Hospital Trivandrum] Pipeline completed successfully. Opportunity Score: 75.5
2026-05-16 03:13:51,881 - INFO - [MVP_Pipeline] - --- Processing 31/100: Credence Hospital - Multi-speciality Family Hospital and IVF Center ---
2026-05-16 03:13:51,929 - INFO - [MVP_Pipeline] - [Credence Hospital - Multi-speciality Family Hospital and IVF Center] Stored. DB ID: 96. Commencing analysis...
2026-05-16 03:13:52,189 - INFO - [MVP_Pipeline] - [Credence Hospital - Multi-speciality Family Hospital and IVF Center] Pipeline completed successfully. Opportunity Score: 75.5
2026-05-16 03:13:52,189 - INFO - [MVP_Pipeline] - --- Processing 32/100: Sree Uthradom Thirunal (SUT) Hospital ---
2026-05-16 03:13:52,238 - INFO - [MVP_Pipeline] - [Sree Uthradom Thirunal (SUT) Hospital] Stored. DB ID: 33. Commencing analysis...
2026-05-16 03:13:52,482 - INFO - [MVP_Pipeline] - [Sree Uthradom Thirunal (SUT) Hospital] Pipeline completed successfully. Opportunity Score: 75.5
2026-05-16 03:13:52,483 - INFO - [MVP_Pipeline] - --- Processing 33/100: Jubilee Memorial Hospital ---
2026-05-16 03:13:52,539 - INFO - [MVP_Pipeline] - [Jubilee Memorial Hospital] Stored. DB ID: 98. Commencing analysis...
2026-05-16 03:13:52,800 - INFO - [MVP_Pipeline] - [Jubilee Memorial Hospital] Pipeline completed successfully. Opportunity Score: 75.5
2026-05-16 03:13:52,800 - INFO - [MVP_Pipeline] - --- Processing 34/100: Aeka Skin Care Clinic - Lulu Mall Trivandrum ---
2026-05-16 03:13:52,848 - INFO - [MVP_Pipeline] - [Aeka Skin Care Clinic - Lulu Mall Trivandrum] Stored. DB ID: 99. Commencing analysis...
2026-05-16 03:13:53,044 - INFO - [MVP_Pipeline] - [Aeka Skin Care Clinic - Lulu Mall Trivandrum] Pipeline completed successfully. Opportunity Score: 75.5
2026-05-16 03:13:53,044 - INFO - [MVP_Pipeline] - --- Processing 35/100: Dr. Mohan's Diabetes Specialities Centre - Trivandrum | Best Diabetes Clinic | Best Diabetologist ---
2026-05-16 03:13:53,150 - INFO - [MVP_Pipeline] - [Dr. Mohan's Diabetes Specialities Centre - Trivandrum | Best Diabetes Clinic | Best Diabetologist] Stored. DB ID: 100. Commencing analysis...
2026-05-16 03:13:54,296 - INFO - [MVP_Pipeline] - [Dr. Mohan's Diabetes Specialities Centre - Trivandrum | Best Diabetes Clinic | Best Diabetologist] Pipeline completed successfully. Opportunity Score: 75.5
2026-05-16 03:13:54,297 - INFO - [MVP_Pipeline] - --- Processing 36/100: Skin Essential Clinic ---
2026-05-16 03:13:54,353 - INFO - [MVP_Pipeline] - [Skin Essential Clinic] Stored. DB ID: 101. Commencing analysis...
2026-05-16 03:13:54,614 - INFO - [MVP_Pipeline] - [Skin Essential Clinic] Pipeline completed successfully. Opportunity Score: 90.0
2026-05-16 03:13:54,614 - INFO - [MVP_Pipeline] - --- Processing 37/100: SkinCare Speciality Centre ---
2026-05-16 03:13:54,663 - INFO - [MVP_Pipeline] - [SkinCare Speciality Centre] Stored. DB ID: 102. Commencing analysis...
2026-05-16 03:13:56,029 - INFO - [MVP_Pipeline] - [SkinCare Speciality Centre] Pipeline completed successfully. Opportunity Score: 75.5
2026-05-16 03:13:56,030 - INFO - [MVP_Pipeline] - --- Processing 38/100: Sasikala Poly Clinic ---
2026-05-16 03:13:56,087 - INFO - [MVP_Pipeline] - [Sasikala Poly Clinic] Stored. DB ID: 103. Commencing analysis...
2026-05-16 03:13:56,339 - INFO - [MVP_Pipeline] - [Sasikala Poly Clinic] Pipeline completed successfully. Opportunity Score: 90.0
2026-05-16 03:13:56,339 - INFO - [MVP_Pipeline] - --- Processing 39/100: Skinn Health By Dr.Shruthi ---
2026-05-16 03:13:56,387 - INFO - [MVP_Pipeline] - [Skinn Health By Dr.Shruthi] Stored. DB ID: 104. Commencing analysis...
2026-05-16 03:13:56,648 - INFO - [MVP_Pipeline] - [Skinn Health By Dr.Shruthi] Pipeline completed successfully. Opportunity Score: 75.5
2026-05-16 03:13:56,648 - INFO - [MVP_Pipeline] - --- Processing 40/100: SKINFINITY- Skin Hair Lasers and Anti-aging Clinic ---
2026-05-16 03:13:56,697 - INFO - [MVP_Pipeline] - [SKINFINITY- Skin Hair Lasers and Anti-aging Clinic] Stored. DB ID: 105. Commencing analysis...
2026-05-16 03:13:56,966 - INFO - [MVP_Pipeline] - [SKINFINITY- Skin Hair Lasers and Anti-aging Clinic] Pipeline completed successfully. Opportunity Score: 75.5
2026-05-16 03:13:56,966 - INFO - [MVP_Pipeline] - --- Processing 41/100: AJ Hospital ---
2026-05-16 03:13:57,022 - INFO - [MVP_Pipeline] - [AJ Hospital] Stored. DB ID: 106. Commencing analysis...
2026-05-16 03:13:57,397 - INFO - [MVP_Pipeline] - [AJ Hospital] Pipeline completed successfully. Opportunity Score: 75.5
2026-05-16 03:13:57,397 - INFO - [MVP_Pipeline] - --- Processing 42/100: Hormone India ENDOCRINOLOGY & UROLOGY ---
2026-05-16 03:13:57,494 - INFO - [MVP_Pipeline] - [Hormone India ENDOCRINOLOGY & UROLOGY] Stored. DB ID: 107. Commencing analysis...
2026-05-16 03:13:57,730 - INFO - [MVP_Pipeline] - [Hormone India ENDOCRINOLOGY & UROLOGY] Pipeline completed successfully. Opportunity Score: 75.5
2026-05-16 03:13:57,730 - INFO - [MVP_Pipeline] - --- Processing 43/100: The Royal Medical Centre ---
2026-05-16 03:13:57,763 - INFO - [MVP_Pipeline] - [The Royal Medical Centre] Stored. DB ID: 108. Commencing analysis...
2026-05-16 03:13:57,894 - INFO - [MVP_Pipeline] - [The Royal Medical Centre] Pipeline completed successfully. Opportunity Score: 75.5
2026-05-16 03:13:57,895 - INFO - [MVP_Pipeline] - --- Processing 44/100: Dr M Vipin Das Dermatologist ---
2026-05-16 03:13:57,983 - INFO - [MVP_Pipeline] - [Dr M Vipin Das Dermatologist] Stored. DB ID: 109. Commencing analysis...
2026-05-16 03:13:58,112 - INFO - [MVP_Pipeline] - [Dr M Vipin Das Dermatologist] Pipeline completed successfully. Opportunity Score: 75.5
2026-05-16 03:13:58,113 - INFO - [MVP_Pipeline] - --- Processing 45/100: Cutis International Cosmetic Clinics | Best Hair Transplant & Skin Care Clinic in Trivandrum ---
2026-05-16 03:13:58,145 - INFO - [MVP_Pipeline] - [Cutis International Cosmetic Clinics | Best Hair Transplant & Skin Care Clinic in Trivandrum] Stored. DB ID: 110. Commencing analysis...
2026-05-16 03:13:58,357 - INFO - [MVP_Pipeline] - [Cutis International Cosmetic Clinics | Best Hair Transplant & Skin Care Clinic in Trivandrum] Pipeline completed successfully. Opportunity Score: 75.5
2026-05-16 03:13:58,357 - INFO - [MVP_Pipeline] - --- Processing 46/100: KIMSHEALTH Hospital Trivandrum ---
2026-05-16 03:13:58,389 - INFO - [MVP_Pipeline] - [KIMSHEALTH Hospital Trivandrum] Stored. DB ID: 111. Commencing analysis...
2026-05-16 03:13:58,625 - INFO - [MVP_Pipeline] - [KIMSHEALTH Hospital Trivandrum] Pipeline completed successfully. Opportunity Score: 75.5
2026-05-16 03:13:58,625 - INFO - [MVP_Pipeline] - --- Processing 47/100: Dr. Derma Skin, Hair & Cosmetic Center ---
2026-05-16 03:13:58,715 - INFO - [MVP_Pipeline] - [Dr. Derma Skin, Hair & Cosmetic Center] Stored. DB ID: 112. Commencing analysis...
2026-05-16 03:13:58,845 - INFO - [MVP_Pipeline] - [Dr. Derma Skin, Hair & Cosmetic Center] Pipeline completed successfully. Opportunity Score: 90.0
2026-05-16 03:13:58,845 - INFO - [MVP_Pipeline] - --- Processing 48/100: DermaVue Skin & Plastic Surgery, Lasers & Hair Transplant | Dermatologist Thiruvananthapuram ---
2026-05-16 03:13:58,926 - INFO - [MVP_Pipeline] - [DermaVue Skin & Plastic Surgery, Lasers & Hair Transplant | Dermatologist Thiruvananthapuram] Stored. DB ID: 113. Commencing analysis...
2026-05-16 03:13:59,065 - INFO - [MVP_Pipeline] - [DermaVue Skin & Plastic Surgery, Lasers & Hair Transplant | Dermatologist Thiruvananthapuram] Pipeline completed successfully. Opportunity Score: 75.5
2026-05-16 03:13:59,065 - INFO - [MVP_Pipeline] - --- Processing 49/100: The Skin Clinic ---
2026-05-16 03:13:59,146 - INFO - [MVP_Pipeline] - [The Skin Clinic] Stored. DB ID: 114. Commencing analysis...
2026-05-16 03:13:59,447 - INFO - [MVP_Pipeline] - [The Skin Clinic] Pipeline completed successfully. Opportunity Score: 90.0
2026-05-16 03:13:59,448 - INFO - [MVP_Pipeline] - --- Processing 50/100: Dr. Zeen Aesthetics Clinic Pvt Ltd (poly clinic) ---
2026-05-16 03:13:59,480 - INFO - [MVP_Pipeline] - [Dr. Zeen Aesthetics Clinic Pvt Ltd (poly clinic)] Stored. DB ID: 115. Commencing analysis...
2026-05-16 03:13:59,667 - INFO - [MVP_Pipeline] - [Dr. Zeen Aesthetics Clinic Pvt Ltd (poly clinic)] Pipeline completed successfully. Opportunity Score: 90.0
2026-05-16 03:13:59,667 - INFO - [MVP_Pipeline] - --- Processing 51/100: Gitanjali Eye and ENT Hospital ---
2026-05-16 03:13:59,748 - INFO - [MVP_Pipeline] - [Gitanjali Eye and ENT Hospital] Stored. DB ID: 116. Commencing analysis...
2026-05-16 03:13:59,960 - INFO - [MVP_Pipeline] - [Gitanjali Eye and ENT Hospital] Pipeline completed successfully. Opportunity Score: 75.5
2026-05-16 03:13:59,960 - INFO - [MVP_Pipeline] - --- Processing 52/100: La Densitae Hair Transplant Clinic in Trivandrum ---
2026-05-16 03:14:00,106 - INFO - [MVP_Pipeline] - [La Densitae Hair Transplant Clinic in Trivandrum] Stored. DB ID: 117. Commencing analysis...
2026-05-16 03:14:00,334 - INFO - [MVP_Pipeline] - [La Densitae Hair Transplant Clinic in Trivandrum] Pipeline completed successfully. Opportunity Score: 75.5
2026-05-16 03:14:00,334 - INFO - [MVP_Pipeline] - --- Processing 53/100: Yana IVF - Yana Women's Hospital and Fertility Centre - Thiruvananthapuram ---
2026-05-16 03:14:00,366 - INFO - [MVP_Pipeline] - [Yana IVF - Yana Women's Hospital and Fertility Centre - Thiruvananthapuram] Stored. DB ID: 118. Commencing analysis...
2026-05-16 03:14:00,546 - INFO - [MVP_Pipeline] - [Yana IVF - Yana Women's Hospital and Fertility Centre - Thiruvananthapuram] Pipeline completed successfully. Opportunity Score: 75.5
2026-05-16 03:14:00,546 - INFO - [MVP_Pipeline] - --- Processing 54/100: ARYA NAVEEN / Physiotherapist /Thiruvananthapuram/ Remambika Pain Clinic and Physiotherapy Centre ---
2026-05-16 03:14:00,578 - INFO - [MVP_Pipeline] - [ARYA NAVEEN / Physiotherapist /Thiruvananthapuram/ Remambika Pain Clinic and Physiotherapy Centre] Stored. DB ID: 119. Commencing analysis...
2026-05-16 03:14:06,967 - INFO - [MVP_Pipeline] - [ARYA NAVEEN / Physiotherapist /Thiruvananthapuram/ Remambika Pain Clinic and Physiotherapy Centre] Pipeline completed successfully. Opportunity Score: 90.0
2026-05-16 03:14:06,967 - INFO - [MVP_Pipeline] - --- Processing 55/100: Dr.RK's Laser Skin Care Center ---
2026-05-16 03:14:07,057 - INFO - [MVP_Pipeline] - [Dr.RK's Laser Skin Care Center] Stored. DB ID: 120. Commencing analysis...
2026-05-16 03:14:07,333 - INFO - [MVP_Pipeline] - [Dr.RK's Laser Skin Care Center] Pipeline completed successfully. Opportunity Score: 75.5
2026-05-16 03:14:07,333 - INFO - [MVP_Pipeline] - --- Processing 56/100: Pran Hospital ---
2026-05-16 03:14:07,366 - INFO - [MVP_Pipeline] - [Pran Hospital] Stored. DB ID: 121. Commencing analysis...
2026-05-16 03:14:07,552 - INFO - [MVP_Pipeline] - [Pran Hospital] Pipeline completed successfully. Opportunity Score: 75.5
2026-05-16 03:14:07,553 - INFO - [MVP_Pipeline] - --- Processing 57/100: CLINIC ---
2026-05-16 03:14:07,585 - INFO - [MVP_Pipeline] - [CLINIC] Stored. DB ID: 122. Commencing analysis...
2026-05-16 03:14:07,772 - INFO - [MVP_Pipeline] - [CLINIC] Pipeline completed successfully. Opportunity Score: 90.0
2026-05-16 03:14:07,772 - INFO - [MVP_Pipeline] - --- Processing 58/100: Chitra MultiSpeciality Dental Clinic ---
2026-05-16 03:14:07,805 - INFO - [MVP_Pipeline] - [Chitra MultiSpeciality Dental Clinic] Stored. DB ID: 123. Commencing analysis...
2026-05-16 03:14:08,000 - INFO - [MVP_Pipeline] - [Chitra MultiSpeciality Dental Clinic] Pipeline completed successfully. Opportunity Score: 75.5
2026-05-16 03:14:08,001 - INFO - [MVP_Pipeline] - --- Processing 59/100: WE CARE CLINIC ---
2026-05-16 03:14:08,073 - INFO - [MVP_Pipeline] - [WE CARE CLINIC] Stored. DB ID: 124. Commencing analysis...
2026-05-16 03:14:08,260 - INFO - [MVP_Pipeline] - [WE CARE CLINIC] Pipeline completed successfully. Opportunity Score: 75.5
2026-05-16 03:14:08,261 - INFO - [MVP_Pipeline] - --- Processing 60/100: Sree Avittam Thirunal Hospital(SAT) ---
2026-05-16 03:14:08,293 - INFO - [MVP_Pipeline] - [Sree Avittam Thirunal Hospital(SAT)] Stored. DB ID: 125. Commencing analysis...
2026-05-16 03:14:08,505 - INFO - [MVP_Pipeline] - [Sree Avittam Thirunal Hospital(SAT)] Pipeline completed successfully. Opportunity Score: 75.5
2026-05-16 03:14:08,505 - INFO - [MVP_Pipeline] - --- Processing 61/100: Santhwana Hospital ---
2026-05-16 03:14:08,537 - INFO - [MVP_Pipeline] - [Santhwana Hospital] Stored. DB ID: 126. Commencing analysis...
2026-05-16 03:14:08,716 - INFO - [MVP_Pipeline] - [Santhwana Hospital] Pipeline completed successfully. Opportunity Score: 90.0
2026-05-16 03:14:08,716 - INFO - [MVP_Pipeline] - --- Processing 62/100: Dr Kashi's Super Speciality Dental Centre ---
2026-05-16 03:14:08,749 - INFO - [MVP_Pipeline] - [Dr Kashi's Super Speciality Dental Centre] Stored. DB ID: 127. Commencing analysis...
2026-05-16 03:14:08,952 - INFO - [MVP_Pipeline] - [Dr Kashi's Super Speciality Dental Centre] Pipeline completed successfully. Opportunity Score: 75.5
2026-05-16 03:14:08,952 - INFO - [MVP_Pipeline] - --- Processing 63/100: Dr.Jose Mammen Clinic ---
2026-05-16 03:14:08,985 - INFO - [MVP_Pipeline] - [Dr.Jose Mammen Clinic] Stored. DB ID: 128. Commencing analysis...
2026-05-16 03:14:09,114 - INFO - [MVP_Pipeline] - [Dr.Jose Mammen Clinic] Pipeline completed successfully. Opportunity Score: 90.0
2026-05-16 03:14:09,115 - INFO - [MVP_Pipeline] - --- Processing 64/100: Keyhole Clinic ---
2026-05-16 03:14:09,204 - INFO - [MVP_Pipeline] - [Keyhole Clinic] Stored. DB ID: 129. Commencing analysis...
2026-05-16 03:14:09,334 - INFO - [MVP_Pipeline] - [Keyhole Clinic] Pipeline completed successfully. Opportunity Score: 75.5
2026-05-16 03:14:09,334 - INFO - [MVP_Pipeline] - --- Processing 65/100: Facelit Skin Hair Wellness ---
2026-05-16 03:14:09,367 - INFO - [MVP_Pipeline] - [Facelit Skin Hair Wellness] Stored. DB ID: 130. Commencing analysis...
2026-05-16 03:14:09,733 - INFO - [MVP_Pipeline] - [Facelit Skin Hair Wellness] Pipeline completed successfully. Opportunity Score: 75.5
2026-05-16 03:14:09,733 - INFO - [MVP_Pipeline] - --- Processing 66/100: Elixir Ayurveda Hospital & Wellness Center ---
2026-05-16 03:14:09,798 - INFO - [MVP_Pipeline] - [Elixir Ayurveda Hospital & Wellness Center] Stored. DB ID: 131. Commencing analysis...
2026-05-16 03:14:09,977 - INFO - [MVP_Pipeline] - [Elixir Ayurveda Hospital & Wellness Center] Pipeline completed successfully. Opportunity Score: 75.5
2026-05-16 03:14:09,977 - INFO - [MVP_Pipeline] - --- Processing 67/100: TSC Hospital ---
2026-05-16 03:14:10,010 - INFO - [MVP_Pipeline] - [TSC Hospital] Stored. DB ID: 132. Commencing analysis...
2026-05-16 03:14:10,140 - INFO - [MVP_Pipeline] - [TSC Hospital] Pipeline completed successfully. Opportunity Score: 75.5
2026-05-16 03:14:10,140 - INFO - [MVP_Pipeline] - --- Processing 68/100: Precise Speciality Eye Care Thiruvananthapuram ---
2026-05-16 03:14:10,229 - INFO - [MVP_Pipeline] - [Precise Speciality Eye Care Thiruvananthapuram] Stored. DB ID: 133. Commencing analysis...
2026-05-16 03:14:10,359 - INFO - [MVP_Pipeline] - [Precise Speciality Eye Care Thiruvananthapuram] Pipeline completed successfully. Opportunity Score: 75.5
2026-05-16 03:14:10,359 - INFO - [MVP_Pipeline] - --- Processing 69/100: Mittayi clinic ---
2026-05-16 03:14:10,392 - INFO - [MVP_Pipeline] - [Mittayi clinic] Stored. DB ID: 134. Commencing analysis...
2026-05-16 03:14:10,587 - INFO - [MVP_Pipeline] - [Mittayi clinic] Pipeline completed successfully. Opportunity Score: 75.5
2026-05-16 03:14:10,588 - INFO - [MVP_Pipeline] - --- Processing 70/100: Nirmala Hospital ---
2026-05-16 03:14:10,619 - INFO - [MVP_Pipeline] - [Nirmala Hospital] Stored. DB ID: 135. Commencing analysis...
2026-05-16 03:14:10,798 - INFO - [MVP_Pipeline] - [Nirmala Hospital] Pipeline completed successfully. Opportunity Score: 90.0
2026-05-16 03:14:10,799 - INFO - [MVP_Pipeline] - --- Processing 71/100: Chitra Multispeciality Dental Centre ---
2026-05-16 03:14:10,831 - INFO - [MVP_Pipeline] - [Chitra Multispeciality Dental Centre] Stored. DB ID: 136. Commencing analysis...
2026-05-16 03:14:11,010 - INFO - [MVP_Pipeline] - [Chitra Multispeciality Dental Centre] Pipeline completed successfully. Opportunity Score: 75.5
2026-05-16 03:14:11,010 - INFO - [MVP_Pipeline] - --- Processing 72/100: Palazhi Multispeciality Ayush Clinic - Thirumala ---
2026-05-16 03:14:11,042 - INFO - [MVP_Pipeline] - [Palazhi Multispeciality Ayush Clinic - Thirumala] Stored. DB ID: 137. Commencing analysis...
2026-05-16 03:14:11,221 - INFO - [MVP_Pipeline] - [Palazhi Multispeciality Ayush Clinic - Thirumala] Pipeline completed successfully. Opportunity Score: 75.5
2026-05-16 03:14:11,222 - INFO - [MVP_Pipeline] - --- Processing 73/100: Dr Akhil Krishna - AKNA Diabetes and Endocrine Centre ---
2026-05-16 03:14:11,254 - INFO - [MVP_Pipeline] - [Dr Akhil Krishna - AKNA Diabetes and Endocrine Centre] Stored. DB ID: 138. Commencing analysis...
2026-05-16 03:14:11,384 - INFO - [MVP_Pipeline] - [Dr Akhil Krishna - AKNA Diabetes and Endocrine Centre] Pipeline completed successfully. Opportunity Score: 75.5
2026-05-16 03:14:11,385 - INFO - [MVP_Pipeline] - --- Processing 74/100: Longevity Diet Clinic ---
2026-05-16 03:14:11,474 - INFO - [MVP_Pipeline] - [Longevity Diet Clinic] Stored. DB ID: 139. Commencing analysis...
2026-05-16 03:14:11,612 - INFO - [MVP_Pipeline] - [Longevity Diet Clinic] Pipeline completed successfully. Opportunity Score: 75.5
2026-05-16 03:14:11,612 - INFO - [MVP_Pipeline] - --- Processing 75/100: Hindlabs Diagnostic Centre and Specialty Clinic ---
2026-05-16 03:14:11,645 - INFO - [MVP_Pipeline] - [Hindlabs Diagnostic Centre and Specialty Clinic] Stored. DB ID: 140. Commencing analysis...
2026-05-16 03:14:11,824 - INFO - [MVP_Pipeline] - [Hindlabs Diagnostic Centre and Specialty Clinic] Pipeline completed successfully. Opportunity Score: 75.5
2026-05-16 03:14:11,824 - INFO - [MVP_Pipeline] - --- Processing 76/100: Vedic Wellness Center ---
2026-05-16 03:14:11,856 - INFO - [MVP_Pipeline] - [Vedic Wellness Center] Stored. DB ID: 141. Commencing analysis...
2026-05-16 03:14:12,035 - INFO - [MVP_Pipeline] - [Vedic Wellness Center] Pipeline completed successfully. Opportunity Score: 90.0
2026-05-16 03:14:12,035 - INFO - [MVP_Pipeline] - --- Processing 77/100: Kaigo Home Healthcare ---
2026-05-16 03:14:12,068 - INFO - [MVP_Pipeline] - [Kaigo Home Healthcare] Stored. DB ID: 142. Commencing analysis...
2026-05-16 03:14:12,247 - INFO - [MVP_Pipeline] - [Kaigo Home Healthcare] Pipeline completed successfully. Opportunity Score: 75.5
2026-05-16 03:14:12,247 - INFO - [MVP_Pipeline] - --- Processing 78/100: REVIV Trivandrum ---
2026-05-16 03:14:12,279 - INFO - [MVP_Pipeline] - [REVIV Trivandrum] Stored. DB ID: 143. Commencing analysis...
2026-05-16 03:14:12,523 - INFO - [MVP_Pipeline] - [REVIV Trivandrum] Pipeline completed successfully. Opportunity Score: 75.5
2026-05-16 03:14:12,523 - INFO - [MVP_Pipeline] - --- Processing 79/100: Amicus Plastic Surgery Clinic ---
2026-05-16 03:14:12,556 - INFO - [MVP_Pipeline] - [Amicus Plastic Surgery Clinic] Stored. DB ID: 144. Commencing analysis...
2026-05-16 03:14:12,857 - INFO - [MVP_Pipeline] - [Amicus Plastic Surgery Clinic] Pipeline completed successfully. Opportunity Score: 75.5
2026-05-16 03:14:12,857 - INFO - [MVP_Pipeline] - --- Processing 80/100: Royal Ortho Care ---
2026-05-16 03:14:12,889 - INFO - [MVP_Pipeline] - [Royal Ortho Care] Stored. DB ID: 145. Commencing analysis...
2026-05-16 03:14:13,019 - INFO - [MVP_Pipeline] - [Royal Ortho Care] Pipeline completed successfully. Opportunity Score: 75.5
2026-05-16 03:14:13,020 - INFO - [MVP_Pipeline] - --- Processing 81/100: Allergy And Chest Clinic ---
2026-05-16 03:14:13,101 - INFO - [MVP_Pipeline] - [Allergy And Chest Clinic] Stored. DB ID: 146. Commencing analysis...
2026-05-16 03:14:13,297 - INFO - [MVP_Pipeline] - [Allergy And Chest Clinic] Pipeline completed successfully. Opportunity Score: 90.0
2026-05-16 03:14:13,297 - INFO - [MVP_Pipeline] - --- Processing 82/100: Dr Jacob's Omega Dental Clinic & Implant Centre ---
2026-05-16 03:14:13,410 - INFO - [MVP_Pipeline] - [Dr Jacob's Omega Dental Clinic & Implant Centre] Stored. DB ID: 147. Commencing analysis...
2026-05-16 03:14:13,720 - INFO - [MVP_Pipeline] - [Dr Jacob's Omega Dental Clinic & Implant Centre] Pipeline completed successfully. Opportunity Score: 90.0
2026-05-16 03:14:13,720 - INFO - [MVP_Pipeline] - --- Processing 83/100: DDRC Agilus Diagnostics - Ulloor, Trivandrum ---
2026-05-16 03:14:13,874 - INFO - [MVP_Pipeline] - [DDRC Agilus Diagnostics - Ulloor, Trivandrum] Stored. DB ID: 148. Commencing analysis...
2026-05-16 03:14:14,183 - INFO - [MVP_Pipeline] - [DDRC Agilus Diagnostics - Ulloor, Trivandrum] Pipeline completed successfully. Opportunity Score: 75.5
2026-05-16 03:14:14,184 - INFO - [MVP_Pipeline] - --- Processing 84/100: Royal Health care ---
2026-05-16 03:14:14,216 - INFO - [MVP_Pipeline] - [Royal Health care] Stored. DB ID: 149. Commencing analysis...
2026-05-16 03:14:14,387 - INFO - [MVP_Pipeline] - [Royal Health care] Pipeline completed successfully. Opportunity Score: 75.5
2026-05-16 03:14:14,387 - INFO - [MVP_Pipeline] - --- Processing 85/100: Metro Scans and Laboratory,Trivandrum ---
2026-05-16 03:14:14,411 - INFO - [MVP_Pipeline] - [Metro Scans and Laboratory,Trivandrum] Stored. DB ID: 150. Commencing analysis...
2026-05-16 03:14:14,874 - INFO - [MVP_Pipeline] - [Metro Scans and Laboratory,Trivandrum] Pipeline completed successfully. Opportunity Score: 75.5
2026-05-16 03:14:14,874 - INFO - [MVP_Pipeline] - --- Processing 86/100: Ayurchakra Ayurveda Wellness Center ---
2026-05-16 03:14:14,907 - INFO - [MVP_Pipeline] - [Ayurchakra Ayurveda Wellness Center] Stored. DB ID: 151. Commencing analysis...
2026-05-16 03:14:15,094 - INFO - [MVP_Pipeline] - [Ayurchakra Ayurveda Wellness Center] Pipeline completed successfully. Opportunity Score: 75.5
2026-05-16 03:14:15,095 - INFO - [MVP_Pipeline] - --- Processing 87/100: Santhigiri Ayurveda & Siddha Hospital Pattom ---
2026-05-16 03:14:15,127 - INFO - [MVP_Pipeline] - [Santhigiri Ayurveda & Siddha Hospital Pattom] Stored. DB ID: 152. Commencing analysis...
2026-05-16 03:14:15,330 - INFO - [MVP_Pipeline] - [Santhigiri Ayurveda & Siddha Hospital Pattom] Pipeline completed successfully. Opportunity Score: 75.5
2026-05-16 03:14:15,330 - INFO - [MVP_Pipeline] - --- Processing 88/100: Thejaswini Ayurveda Clinic & Panchakarma Center ---
2026-05-16 03:14:15,363 - INFO - [MVP_Pipeline] - [Thejaswini Ayurveda Clinic & Panchakarma Center] Stored. DB ID: 153. Commencing analysis...
2026-05-16 03:14:15,615 - INFO - [MVP_Pipeline] - [Thejaswini Ayurveda Clinic & Panchakarma Center] Pipeline completed successfully. Opportunity Score: 75.5
2026-05-16 03:14:15,615 - INFO - [MVP_Pipeline] - --- Processing 89/100: VAYALIL MAXILLOFACIAL CENTRE & SPECIALIST DENTAL CARE ---
2026-05-16 03:14:15,647 - INFO - [MVP_Pipeline] - [VAYALIL MAXILLOFACIAL CENTRE & SPECIALIST DENTAL CARE] Stored. DB ID: 154. Commencing analysis...
2026-05-16 03:14:15,777 - INFO - [MVP_Pipeline] - [VAYALIL MAXILLOFACIAL CENTRE & SPECIALIST DENTAL CARE] Pipeline completed successfully. Opportunity Score: 75.5
2026-05-16 03:14:15,778 - INFO - [MVP_Pipeline] - --- Processing 90/100: Spring Garden Health Care ---
2026-05-16 03:14:15,867 - INFO - [MVP_Pipeline] - [Spring Garden Health Care] Stored. DB ID: 155. Commencing analysis...
2026-05-16 03:14:15,997 - INFO - [MVP_Pipeline] - [Spring Garden Health Care] Pipeline completed successfully. Opportunity Score: 75.5
2026-05-16 03:14:15,998 - INFO - [MVP_Pipeline] - --- Processing 91/100: Regional Cancer Centre, Thiruvananthapuram ---
2026-05-16 03:14:16,030 - INFO - [MVP_Pipeline] - [Regional Cancer Centre, Thiruvananthapuram] Stored. DB ID: 156. Commencing analysis...
2026-05-16 03:14:16,241 - INFO - [MVP_Pipeline] - [Regional Cancer Centre, Thiruvananthapuram] Pipeline completed successfully. Opportunity Score: 75.5
2026-05-16 03:14:16,241 - INFO - [MVP_Pipeline] - --- Processing 92/100: Impulse Evening Clinic ---
2026-05-16 03:14:16,274 - INFO - [MVP_Pipeline] - [Impulse Evening Clinic] Stored. DB ID: 157. Commencing analysis...
2026-05-16 03:14:16,461 - INFO - [MVP_Pipeline] - [Impulse Evening Clinic] Pipeline completed successfully. Opportunity Score: 90.0
2026-05-16 03:14:16,462 - INFO - [MVP_Pipeline] - --- Processing 93/100: Sree Agasthya Clinical Laboratory And Research Centre ---
2026-05-16 03:14:16,493 - INFO - [MVP_Pipeline] - [Sree Agasthya Clinical Laboratory And Research Centre] Stored. DB ID: 158. Commencing analysis...
2026-05-16 03:14:16,689 - INFO - [MVP_Pipeline] - [Sree Agasthya Clinical Laboratory And Research Centre] Pipeline completed successfully. Opportunity Score: 90.0
2026-05-16 03:14:16,689 - INFO - [MVP_Pipeline] - --- Processing 94/100: ENT CLINIC ---
2026-05-16 03:14:16,721 - INFO - [MVP_Pipeline] - [ENT CLINIC] Stored. DB ID: 159. Commencing analysis...
2026-05-16 03:14:16,900 - INFO - [MVP_Pipeline] - [ENT CLINIC] Pipeline completed successfully. Opportunity Score: 90.0
2026-05-16 03:14:16,901 - INFO - [MVP_Pipeline] - --- Processing 95/100: Your Center Diagnostic Services ---
2026-05-16 03:14:16,933 - INFO - [MVP_Pipeline] - [Your Center Diagnostic Services] Stored. DB ID: 160. Commencing analysis...
2026-05-16 03:14:17,063 - INFO - [MVP_Pipeline] - [Your Center Diagnostic Services] Pipeline completed successfully. Opportunity Score: 75.5
2026-05-16 03:14:17,064 - INFO - [MVP_Pipeline] - --- Processing 96/100: Royal Medical Center ---
2026-05-16 03:14:17,145 - INFO - [MVP_Pipeline] - [Royal Medical Center] Stored. DB ID: 161. Commencing analysis...
2026-05-16 03:14:17,275 - INFO - [MVP_Pipeline] - [Royal Medical Center] Pipeline completed successfully. Opportunity Score: 75.5
2026-05-16 03:14:17,275 - INFO - [MVP_Pipeline] - --- Processing 97/100: TrueSelf Aesthetic Makeovers* ---
2026-05-16 03:14:17,307 - INFO - [MVP_Pipeline] - [TrueSelf Aesthetic Makeovers*] Stored. DB ID: 162. Commencing analysis...
2026-05-16 03:14:17,486 - INFO - [MVP_Pipeline] - [TrueSelf Aesthetic Makeovers*] Pipeline completed successfully. Opportunity Score: 90.0
2026-05-16 03:14:17,486 - INFO - [MVP_Pipeline] - --- Processing 98/100: S S POLYCLINIC & SURGICAL CENTRE ---
2026-05-16 03:14:17,561 - INFO - [MVP_Pipeline] - [S S POLYCLINIC & SURGICAL CENTRE] Stored. DB ID: 163. Commencing analysis...
2026-05-16 03:14:17,771 - INFO - [MVP_Pipeline] - [S S POLYCLINIC & SURGICAL CENTRE] Pipeline completed successfully. Opportunity Score: 75.5
2026-05-16 03:14:17,771 - INFO - [MVP_Pipeline] - --- Processing 99/100: DDNMRC PVT LTD ---
2026-05-16 03:14:17,803 - INFO - [MVP_Pipeline] - [DDNMRC PVT LTD] Stored. DB ID: 164. Commencing analysis...
2026-05-16 03:14:17,990 - INFO - [MVP_Pipeline] - [DDNMRC PVT LTD] Pipeline completed successfully. Opportunity Score: 75.5
2026-05-16 03:14:17,991 - INFO - [MVP_Pipeline] - --- Processing 100/100: Dr Lawrence Healthcare & Diagnostic centre ---
2026-05-16 03:14:18,023 - INFO - [MVP_Pipeline] - [Dr Lawrence Healthcare & Diagnostic centre] Stored. DB ID: 165. Commencing analysis...
2026-05-16 03:14:18,218 - INFO - [MVP_Pipeline] - [Dr Lawrence Healthcare & Diagnostic centre] Pipeline completed successfully. Opportunity Score: 90.0
2026-05-16 03:14:18,219 - INFO - [MVP_Pipeline] - ========== PIPELINE FINISHED ==========
2026-05-16 03:14:18,219 - INFO - [MVP_Pipeline] - Successfully processed 100/100 businesses end-to-end.
2026-05-16 03:14:18,277 - INFO - [MVP_Pipeline] - Identified 3 high-priority leads:
2026-05-16 03:14:18,277 - INFO - [MVP_Pipeline] - - Dr.Nathanis Diagnostic Clinic (90.00/100 opportunity)
2026-05-16 03:14:18,278 - INFO - [MVP_Pipeline] - - Dr.Nathanis Diagnostic Clinic (90.00/100 opportunity)
2026-05-16 03:14:18,278 - INFO - [MVP_Pipeline] - - Aryaas Park Veg Restaurant (90.00/100 opportunity)
2026-05-16 03:14:18,278 - INFO - [MVP_Pipeline] - Executing search for: 'restaurants in Thiruvananthapuram, kerala, India'
2026-05-16 03:14:18,278 - INFO - [MVP_Pipeline] - ========== PIPELINE STARTED: 'restaurants in Thiruvananthapuram, kerala, India' ==========
2026-05-16 03:14:18,278 - INFO - [MVP_Pipeline] - Phase 1: Scraping Google Maps...
2026-05-16 03:37:45,574 - INFO - [MVP_Pipeline] - Scraped 100 businesses. Moving to processing phase.
2026-05-16 03:37:45,616 - INFO - [MVP_Pipeline] - --- Processing 1/100: Villa Maya ---
2026-05-16 03:37:45,677 - INFO - [MVP_Pipeline] - [Villa Maya] Stored. DB ID: 48. Commencing analysis...
2026-05-16 03:37:45,944 - INFO - [MVP_Pipeline] - [Villa Maya] Pipeline completed successfully. Opportunity Score: 75.5
2026-05-16 03:37:45,944 - INFO - [MVP_Pipeline] - --- Processing 2/100: Aryaas Park Veg Restaurant ---
2026-05-16 03:37:45,976 - INFO - [MVP_Pipeline] - [Aryaas Park Veg Restaurant] Stored. DB ID: 44. Commencing analysis...
2026-05-16 03:37:46,155 - INFO - [MVP_Pipeline] - [Aryaas Park Veg Restaurant] Pipeline completed successfully. Opportunity Score: 90.0
2026-05-16 03:37:46,155 - INFO - [MVP_Pipeline] - --- Processing 3/100: Restaurant Chef Pillai Trivandrum ---
2026-05-16 03:37:46,187 - INFO - [MVP_Pipeline] - [Restaurant Chef Pillai Trivandrum] Stored. DB ID: 46. Commencing analysis...
2026-05-16 03:37:46,382 - INFO - [MVP_Pipeline] - [Restaurant Chef Pillai Trivandrum] Pipeline completed successfully. Opportunity Score: 75.5
2026-05-16 03:37:46,382 - INFO - [MVP_Pipeline] - --- Processing 4/100: Cafe Jade - All Day Dining (24X7) ---
2026-05-16 03:37:46,414 - INFO - [MVP_Pipeline] - [Cafe Jade - All Day Dining (24X7)] Stored. DB ID: 47. Commencing analysis...
2026-05-16 03:37:46,592 - INFO - [MVP_Pipeline] - [Cafe Jade - All Day Dining (24X7)] Pipeline completed successfully. Opportunity Score: 75.5
2026-05-16 03:37:46,593 - INFO - [MVP_Pipeline] - --- Processing 5/100: Imperial Kitchen Venpalavattom ---
2026-05-16 03:37:46,625 - INFO - [MVP_Pipeline] - [Imperial Kitchen Venpalavattom] Stored. DB ID: 170. Commencing analysis...
2026-05-16 03:37:46,755 - INFO - [MVP_Pipeline] - [Imperial Kitchen Venpalavattom] Pipeline completed successfully. Opportunity Score: 75.5
2026-05-16 03:37:46,755 - INFO - [MVP_Pipeline] - --- Processing 6/100: The Olive Restaurant ---
2026-05-16 03:37:46,877 - INFO - [MVP_Pipeline] - [The Olive Restaurant] Stored. DB ID: 171. Commencing analysis...
2026-05-16 03:37:47,006 - INFO - [MVP_Pipeline] - [The Olive Restaurant] Pipeline completed successfully. Opportunity Score: 75.5
2026-05-16 03:37:47,006 - INFO - [MVP_Pipeline] - --- Processing 7/100: Zam Zam Restaurant ---
2026-05-16 03:37:47,039 - INFO - [MVP_Pipeline] - [Zam Zam Restaurant] Stored. DB ID: 172. Commencing analysis...
2026-05-16 03:37:47,217 - INFO - [MVP_Pipeline] - [Zam Zam Restaurant] Pipeline completed successfully. Opportunity Score: 75.5
2026-05-16 03:37:47,218 - INFO - [MVP_Pipeline] - --- Processing 8/100: Azad Restaurant at Over Bridge ---
2026-05-16 03:37:47,250 - INFO - [MVP_Pipeline] - [Azad Restaurant at Over Bridge] Stored. DB ID: 173. Commencing analysis...
2026-05-16 03:37:47,469 - INFO - [MVP_Pipeline] - [Azad Restaurant at Over Bridge] Pipeline completed successfully. Opportunity Score: 75.5
2026-05-16 03:37:47,469 - INFO - [MVP_Pipeline] - --- Processing 9/100: Pankayam ---
2026-05-16 03:37:47,501 - INFO - [MVP_Pipeline] - [Pankayam] Stored. DB ID: 174. Commencing analysis...
2026-05-16 03:37:47,680 - INFO - [MVP_Pipeline] - [Pankayam] Pipeline completed successfully. Opportunity Score: 75.5
2026-05-16 03:37:47,680 - INFO - [MVP_Pipeline] - --- Processing 10/100: Longtime ---
2026-05-16 03:37:47,712 - INFO - [MVP_Pipeline] - [Longtime] Stored. DB ID: 175. Commencing analysis...
2026-05-16 03:37:47,890 - INFO - [MVP_Pipeline] - [Longtime] Pipeline completed successfully. Opportunity Score: 75.5
2026-05-16 03:37:47,891 - INFO - [MVP_Pipeline] - --- Processing 11/100: Imperial Kitchen Kowdiar ---
2026-05-16 03:37:47,923 - INFO - [MVP_Pipeline] - [Imperial Kitchen Kowdiar] Stored. DB ID: 176. Commencing analysis...
2026-05-16 03:37:48,053 - INFO - [MVP_Pipeline] - [Imperial Kitchen Kowdiar] Pipeline completed successfully. Opportunity Score: 75.5
2026-05-16 03:37:48,053 - INFO - [MVP_Pipeline] - --- Processing 12/100: Nadan Restaurant ---
2026-05-16 03:37:48,134 - INFO - [MVP_Pipeline] - [Nadan Restaurant] Stored. DB ID: 177. Commencing analysis...
2026-05-16 03:37:48,264 - INFO - [MVP_Pipeline] - [Nadan Restaurant] Pipeline completed successfully. Opportunity Score: 90.0
2026-05-16 03:37:48,264 - INFO - [MVP_Pipeline] - --- Processing 13/100: Deyvee Restaurant ---
2026-05-16 03:37:48,296 - INFO - [MVP_Pipeline] - [Deyvee Restaurant] Stored. DB ID: 178. Commencing analysis...
2026-05-16 03:37:48,475 - INFO - [MVP_Pipeline] - [Deyvee Restaurant] Pipeline completed successfully. Opportunity Score: 75.5
2026-05-16 03:37:48,476 - INFO - [MVP_Pipeline] - --- Processing 14/100: Paragon Restaurant ---
2026-05-16 03:37:48,507 - INFO - [MVP_Pipeline] - [Paragon Restaurant] Stored. DB ID: 49. Commencing analysis...
2026-05-16 03:37:48,686 - INFO - [MVP_Pipeline] - [Paragon Restaurant] Pipeline completed successfully. Opportunity Score: 75.5
2026-05-16 03:37:48,686 - INFO - [MVP_Pipeline] - --- Processing 15/100: O Café ---
2026-05-16 03:37:48,783 - INFO - [MVP_Pipeline] - [O Café] Stored. DB ID: 180. Commencing analysis...
2026-05-16 03:37:48,962 - INFO - [MVP_Pipeline] - [O Café] Pipeline completed successfully. Opportunity Score: 75.5
2026-05-16 03:37:48,962 - INFO - [MVP_Pipeline] - --- Processing 16/100: The Yellow Chilli ---
2026-05-16 03:37:48,994 - INFO - [MVP_Pipeline] - [The Yellow Chilli] Stored. DB ID: 181. Commencing analysis...
2026-05-16 03:37:49,185 - INFO - [MVP_Pipeline] - [The Yellow Chilli] Pipeline completed successfully. Opportunity Score: 75.5
2026-05-16 03:37:49,185 - INFO - [MVP_Pipeline] - --- Processing 17/100: Plated Trivandrum ---
2026-05-16 03:37:49,213 - INFO - [MVP_Pipeline] - [Plated Trivandrum] Stored. DB ID: 182. Commencing analysis...
2026-05-16 03:37:49,343 - INFO - [MVP_Pipeline] - [Plated Trivandrum] Pipeline completed successfully. Opportunity Score: 75.5
2026-05-16 03:37:49,343 - INFO - [MVP_Pipeline] - --- Processing 18/100: Amrutam Vegetarian Restaurant ---
2026-05-16 03:37:49,423 - INFO - [MVP_Pipeline] - [Amrutam Vegetarian Restaurant] Stored. DB ID: 183. Commencing analysis...
2026-05-16 03:37:49,553 - INFO - [MVP_Pipeline] - [Amrutam Vegetarian Restaurant] Pipeline completed successfully. Opportunity Score: 75.5
2026-05-16 03:37:49,553 - INFO - [MVP_Pipeline] - --- Processing 19/100: Lantern Grove Restaurant ---
2026-05-16 03:37:49,586 - INFO - [MVP_Pipeline] - [Lantern Grove Restaurant] Stored. DB ID: 184. Commencing analysis...
2026-05-16 03:37:49,773 - INFO - [MVP_Pipeline] - [Lantern Grove Restaurant] Pipeline completed successfully. Opportunity Score: 75.5
2026-05-16 03:37:49,773 - INFO - [MVP_Pipeline] - --- Processing 20/100: Alibaba & 41 Dishes - Trivandrum ---
2026-05-16 03:37:49,805 - INFO - [MVP_Pipeline] - [Alibaba & 41 Dishes - Trivandrum] Stored. DB ID: 185. Commencing analysis...
2026-05-16 03:37:49,983 - INFO - [MVP_Pipeline] - [Alibaba & 41 Dishes - Trivandrum] Pipeline completed successfully. Opportunity Score: 75.5
2026-05-16 03:37:49,984 - INFO - [MVP_Pipeline] - --- Processing 21/100: Bab Arabia ---
2026-05-16 03:37:50,016 - INFO - [MVP_Pipeline] - [Bab Arabia] Stored. DB ID: 186. Commencing analysis...
2026-05-16 03:37:50,292 - INFO - [MVP_Pipeline] - [Bab Arabia] Pipeline completed successfully. Opportunity Score: 90.0
2026-05-16 03:37:50,292 - INFO - [MVP_Pipeline] - --- Processing 22/100: The Kanchipuram Cafe ---
2026-05-16 03:37:50,340 - INFO - [MVP_Pipeline] - [The Kanchipuram Cafe] Stored. DB ID: 187. Commencing analysis...
2026-05-16 03:37:50,495 - INFO - [MVP_Pipeline] - [The Kanchipuram Cafe] Pipeline completed successfully. Opportunity Score: 90.0
2026-05-16 03:37:50,495 - INFO - [MVP_Pipeline] - --- Processing 23/100: Sree Arul Jyothi ---
2026-05-16 03:37:50,528 - INFO - [MVP_Pipeline] - [Sree Arul Jyothi] Stored. DB ID: 188. Commencing analysis...
2026-05-16 03:37:50,730 - INFO - [MVP_Pipeline] - [Sree Arul Jyothi] Pipeline completed successfully. Opportunity Score: 90.0
2026-05-16 03:37:50,731 - INFO - [MVP_Pipeline] - --- Processing 24/100: Trivanz Food Court – Seafood Restaurant in Trivandrum ---
2026-05-16 03:37:50,762 - INFO - [MVP_Pipeline] - [Trivanz Food Court – Seafood Restaurant in Trivandrum] Stored. DB ID: 189. Commencing analysis...
2026-05-16 03:37:50,941 - INFO - [MVP_Pipeline] - [Trivanz Food Court – Seafood Restaurant in Trivandrum] Pipeline completed successfully. Opportunity Score: 75.5
2026-05-16 03:37:50,941 - INFO - [MVP_Pipeline] - --- Processing 25/100: Café Mojo ---
2026-05-16 03:37:50,973 - INFO - [MVP_Pipeline] - [Café Mojo] Stored. DB ID: 190. Commencing analysis...
2026-05-16 03:37:51,152 - INFO - [MVP_Pipeline] - [Café Mojo] Pipeline completed successfully. Opportunity Score: 75.5
2026-05-16 03:37:51,152 - INFO - [MVP_Pipeline] - --- Processing 26/100: Steampot Restaurant ---
2026-05-16 03:37:51,184 - INFO - [MVP_Pipeline] - [Steampot Restaurant] Stored. DB ID: 191. Commencing analysis...
2026-05-16 03:37:51,354 - INFO - [MVP_Pipeline] - [Steampot Restaurant] Pipeline completed successfully. Opportunity Score: 75.5
2026-05-16 03:37:51,355 - INFO - [MVP_Pipeline] - --- Processing 27/100: Zam Zam Restaurants YMR ---
2026-05-16 03:37:51,387 - INFO - [MVP_Pipeline] - [Zam Zam Restaurants YMR] Stored. DB ID: 192. Commencing analysis...
2026-05-16 03:37:51,518 - INFO - [MVP_Pipeline] - [Zam Zam Restaurants YMR] Pipeline completed successfully. Opportunity Score: 75.5
2026-05-16 03:37:51,518 - INFO - [MVP_Pipeline] - --- Processing 28/100: Mothers Veg Plaza ---
2026-05-16 03:37:51,598 - INFO - [MVP_Pipeline] - [Mothers Veg Plaza] Stored. DB ID: 193. Commencing analysis...
2026-05-16 03:37:51,727 - INFO - [MVP_Pipeline] - [Mothers Veg Plaza] Pipeline completed successfully. Opportunity Score: 75.5
2026-05-16 03:37:51,728 - INFO - [MVP_Pipeline] - --- Processing 29/100: Garden Grille & Bar ---
2026-05-16 03:37:51,760 - INFO - [MVP_Pipeline] - [Garden Grille & Bar] Stored. DB ID: 194. Commencing analysis...
2026-05-16 03:37:51,939 - INFO - [MVP_Pipeline] - [Garden Grille & Bar] Pipeline completed successfully. Opportunity Score: 90.0
2026-05-16 03:37:51,939 - INFO - [MVP_Pipeline] - --- Processing 30/100: BLND Restobar ---
2026-05-16 03:37:51,971 - INFO - [MVP_Pipeline] - [BLND Restobar] Stored. DB ID: 195. Commencing analysis...
2026-05-16 03:37:52,141 - INFO - [MVP_Pipeline] - [BLND Restobar] Pipeline completed successfully. Opportunity Score: 75.5
2026-05-16 03:37:52,142 - INFO - [MVP_Pipeline] - --- Processing 31/100: Khana Peena ---
2026-05-16 03:37:52,174 - INFO - [MVP_Pipeline] - [Khana Peena] Stored. DB ID: 196. Commencing analysis...
2026-05-16 03:37:52,353 - INFO - [MVP_Pipeline] - [Khana Peena] Pipeline completed successfully. Opportunity Score: 90.0
2026-05-16 03:37:52,353 - INFO - [MVP_Pipeline] - --- Processing 32/100: Varnam Seafood Restaurant ---
2026-05-16 03:37:52,385 - INFO - [MVP_Pipeline] - [Varnam Seafood Restaurant] Stored. DB ID: 197. Commencing analysis...
2026-05-16 03:37:52,571 - INFO - [MVP_Pipeline] - [Varnam Seafood Restaurant] Pipeline completed successfully. Opportunity Score: 75.5
2026-05-16 03:37:52,571 - INFO - [MVP_Pipeline] - --- Processing 33/100: Ruchi Veg Restaurant ---
2026-05-16 03:37:52,604 - INFO - [MVP_Pipeline] - [Ruchi Veg Restaurant] Stored. DB ID: 198. Commencing analysis...
2026-05-16 03:37:52,734 - INFO - [MVP_Pipeline] - [Ruchi Veg Restaurant] Pipeline completed successfully. Opportunity Score: 75.5
2026-05-16 03:37:52,734 - INFO - [MVP_Pipeline] - --- Processing 34/100: Diners' Summit - Restaurant, North Indian, Naden food, buffet, vegetarian restaurant ---
2026-05-16 03:37:52,815 - INFO - [MVP_Pipeline] - [Diners' Summit - Restaurant, North Indian, Naden food, buffet, vegetarian restaurant] Stored. DB ID: 199. Commencing analysis...
2026-05-16 03:37:52,993 - INFO - [MVP_Pipeline] - [Diners' Summit - Restaurant, North Indian, Naden food, buffet, vegetarian restaurant] Pipeline completed successfully. Opportunity Score: 90.0
2026-05-16 03:37:52,993 - INFO - [MVP_Pipeline] - --- Processing 35/100: PLAV ---
2026-05-16 03:37:53,026 - INFO - [MVP_Pipeline] - [PLAV] Stored. DB ID: 200. Commencing analysis...
2026-05-16 03:37:53,366 - INFO - [MVP_Pipeline] - [PLAV] Pipeline completed successfully. Opportunity Score: 90.0
2026-05-16 03:37:53,367 - INFO - [MVP_Pipeline] - --- Processing 36/100: Vayalil Restaurant, The Finedine, eanchakkal ---
2026-05-16 03:37:53,399 - INFO - [MVP_Pipeline] - [Vayalil Restaurant, The Finedine, eanchakkal] Stored. DB ID: 201. Commencing analysis...
2026-05-16 03:37:53,577 - INFO - [MVP_Pipeline] - [Vayalil Restaurant, The Finedine, eanchakkal] Pipeline completed successfully. Opportunity Score: 90.0
2026-05-16 03:37:53,578 - INFO - [MVP_Pipeline] - --- Processing 37/100: Ariya Nivaas Restaurant ---
2026-05-16 03:37:53,610 - INFO - [MVP_Pipeline] - [Ariya Nivaas Restaurant] Stored. DB ID: 202. Commencing analysis...
2026-05-16 03:37:53,788 - INFO - [MVP_Pipeline] - [Ariya Nivaas Restaurant] Pipeline completed successfully. Opportunity Score: 90.0
2026-05-16 03:37:53,789 - INFO - [MVP_Pipeline] - --- Processing 38/100: Supreme Upper Crust ---
2026-05-16 03:37:53,821 - INFO - [MVP_Pipeline] - [Supreme Upper Crust] Stored. DB ID: 203. Commencing analysis...
2026-05-16 03:37:54,007 - INFO - [MVP_Pipeline] - [Supreme Upper Crust] Pipeline completed successfully. Opportunity Score: 90.0
2026-05-16 03:37:54,007 - INFO - [MVP_Pipeline] - --- Processing 39/100: Mani Mess ---
2026-05-16 03:37:54,040 - INFO - [MVP_Pipeline] - [Mani Mess] Stored. DB ID: 204. Commencing analysis...
2026-05-16 03:37:54,226 - INFO - [MVP_Pipeline] - [Mani Mess] Pipeline completed successfully. Opportunity Score: 90.0
2026-05-16 03:37:54,227 - INFO - [MVP_Pipeline] - --- Processing 40/100: Aryaas Vegetarian Restaurant ---
2026-05-16 03:37:54,259 - INFO - [MVP_Pipeline] - [Aryaas Vegetarian Restaurant] Stored. DB ID: 205. Commencing analysis...
2026-05-16 03:37:54,437 - INFO - [MVP_Pipeline] - [Aryaas Vegetarian Restaurant] Pipeline completed successfully. Opportunity Score: 90.0
2026-05-16 03:37:54,437 - INFO - [MVP_Pipeline] - --- Processing 41/100: Salkkaram Edavazhi ---
2026-05-16 03:37:54,470 - INFO - [MVP_Pipeline] - [Salkkaram Edavazhi] Stored. DB ID: 206. Commencing analysis...
2026-05-16 03:37:54,754 - INFO - [MVP_Pipeline] - [Salkkaram Edavazhi] Pipeline completed successfully. Opportunity Score: 75.5
2026-05-16 03:37:54,754 - INFO - [MVP_Pipeline] - --- Processing 42/100: Taste of Kerala ---
2026-05-16 03:37:54,791 - INFO - [MVP_Pipeline] - [Taste of Kerala] Stored. DB ID: 207. Commencing analysis...
2026-05-16 03:37:55,005 - INFO - [MVP_Pipeline] - [Taste of Kerala] Pipeline completed successfully. Opportunity Score: 90.0
2026-05-16 03:37:55,005 - INFO - [MVP_Pipeline] - --- Processing 43/100: Burj Al Mandi Restaurant ---
2026-05-16 03:37:55,037 - INFO - [MVP_Pipeline] - [Burj Al Mandi Restaurant] Stored. DB ID: 208. Commencing analysis...
2026-05-16 03:37:55,313 - INFO - [MVP_Pipeline] - [Burj Al Mandi Restaurant] Pipeline completed successfully. Opportunity Score: 90.0
2026-05-16 03:37:55,313 - INFO - [MVP_Pipeline] - --- Processing 44/100: Neerali Restaurant ---
2026-05-16 03:37:55,362 - INFO - [MVP_Pipeline] - [Neerali Restaurant] Stored. DB ID: 209. Commencing analysis...
2026-05-16 03:37:55,622 - INFO - [MVP_Pipeline] - [Neerali Restaurant] Pipeline completed successfully. Opportunity Score: 90.0
2026-05-16 03:37:55,622 - INFO - [MVP_Pipeline] - --- Processing 45/100: The Chef's Studio ---
2026-05-16 03:37:55,654 - INFO - [MVP_Pipeline] - [The Chef's Studio] Stored. DB ID: 210. Commencing analysis...
2026-05-16 03:37:55,848 - INFO - [MVP_Pipeline] - [The Chef's Studio] Pipeline completed successfully. Opportunity Score: 90.0
2026-05-16 03:37:55,849 - INFO - [MVP_Pipeline] - --- Processing 46/100: Azad Star at Vazhuthacaud ---
2026-05-16 03:37:55,881 - INFO - [MVP_Pipeline] - [Azad Star at Vazhuthacaud] Stored. DB ID: 211. Commencing analysis...
2026-05-16 03:37:56,064 - INFO - [MVP_Pipeline] - [Azad Star at Vazhuthacaud] Pipeline completed successfully. Opportunity Score: 75.5
2026-05-16 03:37:56,064 - INFO - [MVP_Pipeline] - --- Processing 47/100: Pai's kitchen ---
2026-05-16 03:37:56,084 - INFO - [MVP_Pipeline] - [Pai's kitchen] Stored. DB ID: 212. Commencing analysis...
2026-05-16 03:37:56,213 - INFO - [MVP_Pipeline] - [Pai's kitchen] Pipeline completed successfully. Opportunity Score: 90.0
2026-05-16 03:37:56,214 - INFO - [MVP_Pipeline] - --- Processing 48/100: Huddles Cafe ---
2026-05-16 03:37:56,295 - INFO - [MVP_Pipeline] - [Huddles Cafe] Stored. DB ID: 213. Commencing analysis...
2026-05-16 03:37:56,425 - INFO - [MVP_Pipeline] - [Huddles Cafe] Pipeline completed successfully. Opportunity Score: 75.5
2026-05-16 03:37:56,425 - INFO - [MVP_Pipeline] - --- Processing 49/100: Kerala Hotel ---
2026-05-16 03:37:56,457 - INFO - [MVP_Pipeline] - [Kerala Hotel] Stored. DB ID: 214. Commencing analysis...
2026-05-16 03:37:56,636 - INFO - [MVP_Pipeline] - [Kerala Hotel] Pipeline completed successfully. Opportunity Score: 90.0
2026-05-16 03:37:56,637 - INFO - [MVP_Pipeline] - --- Processing 50/100: Open House Restaurant ---
2026-05-16 03:37:56,669 - INFO - [MVP_Pipeline] - [Open House Restaurant] Stored. DB ID: 215. Commencing analysis...
2026-05-16 03:37:56,847 - INFO - [MVP_Pipeline] - [Open House Restaurant] Pipeline completed successfully. Opportunity Score: 90.0
2026-05-16 03:37:56,847 - INFO - [MVP_Pipeline] - --- Processing 51/100: Sri Aiswariya Vegetarian Restaurant ---
2026-05-16 03:37:56,879 - INFO - [MVP_Pipeline] - [Sri Aiswariya Vegetarian Restaurant] Stored. DB ID: 216. Commencing analysis...
2026-05-16 03:37:57,066 - INFO - [MVP_Pipeline] - [Sri Aiswariya Vegetarian Restaurant] Pipeline completed successfully. Opportunity Score: 90.0
2026-05-16 03:37:57,066 - INFO - [MVP_Pipeline] - --- Processing 52/100: RASOI by RUCHI ---
2026-05-16 03:37:57,098 - INFO - [MVP_Pipeline] - [RASOI by RUCHI] Stored. DB ID: 217. Commencing analysis...
2026-05-16 03:37:57,277 - INFO - [MVP_Pipeline] - [RASOI by RUCHI] Pipeline completed successfully. Opportunity Score: 75.5
2026-05-16 03:37:57,277 - INFO - [MVP_Pipeline] - --- Processing 53/100: Malabar Cafe ---
2026-05-16 03:37:57,309 - INFO - [MVP_Pipeline] - [Malabar Cafe] Stored. DB ID: 218. Commencing analysis...
2026-05-16 03:37:57,553 - INFO - [MVP_Pipeline] - [Malabar Cafe] Pipeline completed successfully. Opportunity Score: 75.5
2026-05-16 03:37:57,553 - INFO - [MVP_Pipeline] - --- Processing 54/100: Cafe Hive ---
2026-05-16 03:37:57,593 - INFO - [MVP_Pipeline] - [Cafe Hive] Stored. DB ID: 219. Commencing analysis...
2026-05-16 03:37:57,804 - INFO - [MVP_Pipeline] - [Cafe Hive] Pipeline completed successfully. Opportunity Score: 90.0
2026-05-16 03:37:57,804 - INFO - [MVP_Pipeline] - --- Processing 55/100: Dindigul Thalappakatti Restaurant ---
2026-05-16 03:37:57,845 - INFO - [MVP_Pipeline] - [Dindigul Thalappakatti Restaurant] Stored. DB ID: 220. Commencing analysis...
2026-05-16 03:37:58,007 - INFO - [MVP_Pipeline] - [Dindigul Thalappakatti Restaurant] Pipeline completed successfully. Opportunity Score: 75.5
2026-05-16 03:37:58,007 - INFO - [MVP_Pipeline] - --- Processing 56/100: The Tides ---
2026-05-16 03:37:58,096 - INFO - [MVP_Pipeline] - [The Tides] Stored. DB ID: 221. Commencing analysis...
2026-05-16 03:37:58,258 - INFO - [MVP_Pipeline] - [The Tides] Pipeline completed successfully. Opportunity Score: 75.5
2026-05-16 03:37:58,258 - INFO - [MVP_Pipeline] - --- Processing 57/100: PARAGON RESTAURANT LULU TRIVANDRUM ---
2026-05-16 03:37:58,299 - INFO - [MVP_Pipeline] - [PARAGON RESTAURANT LULU TRIVANDRUM] Stored. DB ID: 222. Commencing analysis...
2026-05-16 03:37:58,510 - INFO - [MVP_Pipeline] - [PARAGON RESTAURANT LULU TRIVANDRUM] Pipeline completed successfully. Opportunity Score: 75.5
2026-05-16 03:37:58,510 - INFO - [MVP_Pipeline] - --- Processing 58/100: Le Lumiere Restaurant ---
2026-05-16 03:37:58,550 - INFO - [MVP_Pipeline] - [Le Lumiere Restaurant] Stored. DB ID: 223. Commencing analysis...
2026-05-16 03:37:58,761 - INFO - [MVP_Pipeline] - [Le Lumiere Restaurant] Pipeline completed successfully. Opportunity Score: 75.5
2026-05-16 03:37:58,762 - INFO - [MVP_Pipeline] - --- Processing 59/100: Poorna Family Restaurant ---
2026-05-16 03:37:58,802 - INFO - [MVP_Pipeline] - [Poorna Family Restaurant] Stored. DB ID: 224. Commencing analysis...
2026-05-16 03:37:59,013 - INFO - [MVP_Pipeline] - [Poorna Family Restaurant] Pipeline completed successfully. Opportunity Score: 90.0
2026-05-16 03:37:59,013 - INFO - [MVP_Pipeline] - --- Processing 60/100: Poomaram Ram's Kitchen ---
2026-05-16 03:37:59,053 - INFO - [MVP_Pipeline] - [Poomaram Ram's Kitchen] Stored. DB ID: 225. Commencing analysis...
2026-05-16 03:37:59,264 - INFO - [MVP_Pipeline] - [Poomaram Ram's Kitchen] Pipeline completed successfully. Opportunity Score: 75.5
2026-05-16 03:37:59,264 - INFO - [MVP_Pipeline] - --- Processing 61/100: Narayana Bhavan NB ---
2026-05-16 03:37:59,305 - INFO - [MVP_Pipeline] - [Narayana Bhavan NB] Stored. DB ID: 226. Commencing analysis...
2026-05-16 03:37:59,459 - INFO - [MVP_Pipeline] - [Narayana Bhavan NB] Pipeline completed successfully. Opportunity Score: 90.0
2026-05-16 03:37:59,459 - INFO - [MVP_Pipeline] - --- Processing 62/100: Nikunjam Restaurant ---
2026-05-16 03:37:59,548 - INFO - [MVP_Pipeline] - [Nikunjam Restaurant] Stored. DB ID: 227. Commencing analysis...
2026-05-16 03:37:59,710 - INFO - [MVP_Pipeline] - [Nikunjam Restaurant] Pipeline completed successfully. Opportunity Score: 75.5
2026-05-16 03:37:59,711 - INFO - [MVP_Pipeline] - --- Processing 63/100: SK Restaurant ---
2026-05-16 03:37:59,751 - INFO - [MVP_Pipeline] - [SK Restaurant] Stored. DB ID: 228. Commencing analysis...
2026-05-16 03:37:59,955 - INFO - [MVP_Pipeline] - [SK Restaurant] Pipeline completed successfully. Opportunity Score: 90.0
2026-05-16 03:37:59,955 - INFO - [MVP_Pipeline] - --- Processing 64/100: Good Morning Hotel ---
2026-05-16 03:38:00,002 - INFO - [MVP_Pipeline] - [Good Morning Hotel] Stored. DB ID: 229. Commencing analysis...
2026-05-16 03:38:00,392 - INFO - [MVP_Pipeline] - [Good Morning Hotel] Pipeline completed successfully. Opportunity Score: 90.0
2026-05-16 03:38:00,392 - INFO - [MVP_Pipeline] - --- Processing 65/100: Malabar BitEs Restaurant ---
2026-05-16 03:38:00,440 - INFO - [MVP_Pipeline] - [Malabar BitEs Restaurant] Stored. DB ID: 230. Commencing analysis...
2026-05-16 03:38:00,643 - INFO - [MVP_Pipeline] - [Malabar BitEs Restaurant] Pipeline completed successfully. Opportunity Score: 90.0
2026-05-16 03:38:00,643 - INFO - [MVP_Pipeline] - --- Processing 66/100: Hotel Aruna (Pure veg) ---
2026-05-16 03:38:00,676 - INFO - [MVP_Pipeline] - [Hotel Aruna (Pure veg)] Stored. DB ID: 231. Commencing analysis...
2026-05-16 03:38:00,838 - INFO - [MVP_Pipeline] - [Hotel Aruna (Pure veg)] Pipeline completed successfully. Opportunity Score: 90.0
2026-05-16 03:38:00,838 - INFO - [MVP_Pipeline] - --- Processing 67/100: Oriental Spice ---
2026-05-16 03:38:00,935 - INFO - [MVP_Pipeline] - [Oriental Spice] Stored. DB ID: 232. Commencing analysis...
2026-05-16 03:38:01,090 - INFO - [MVP_Pipeline] - [Oriental Spice] Pipeline completed successfully. Opportunity Score: 90.0
2026-05-16 03:38:01,090 - INFO - [MVP_Pipeline] - --- Processing 68/100: MANDI MANZIL ---
2026-05-16 03:38:05,886 - INFO - [MVP_Pipeline] - [MANDI MANZIL] Stored. DB ID: 233. Commencing analysis...
2026-05-16 03:38:06,368 - INFO - [MVP_Pipeline] - [MANDI MANZIL] Pipeline completed successfully. Opportunity Score: 75.5
2026-05-16 03:38:06,369 - INFO - [MVP_Pipeline] - --- Processing 69/100: Hotel Dimora Thiruvananthapuram ---
2026-05-16 03:38:06,409 - INFO - [MVP_Pipeline] - [Hotel Dimora Thiruvananthapuram] Stored. DB ID: 234. Commencing analysis...
2026-05-16 03:38:06,604 - INFO - [MVP_Pipeline] - [Hotel Dimora Thiruvananthapuram] Pipeline completed successfully. Opportunity Score: 75.5
2026-05-16 03:38:06,604 - INFO - [MVP_Pipeline] - --- Processing 70/100: O by Tamara Trivandrum ---
2026-05-16 03:38:06,627 - INFO - [MVP_Pipeline] - [O by Tamara Trivandrum] Stored. DB ID: 235. Commencing analysis...
2026-05-16 03:38:06,880 - INFO - [MVP_Pipeline] - [O by Tamara Trivandrum] Pipeline completed successfully. Opportunity Score: 75.5
2026-05-16 03:38:06,881 - INFO - [MVP_Pipeline] - --- Processing 71/100: Paradise Family Restaurant ---
2026-05-16 03:38:06,921 - INFO - [MVP_Pipeline] - [Paradise Family Restaurant] Stored. DB ID: 236. Commencing analysis...
2026-05-16 03:38:07,066 - INFO - [MVP_Pipeline] - [Paradise Family Restaurant] Pipeline completed successfully. Opportunity Score: 90.0
2026-05-16 03:38:07,066 - INFO - [MVP_Pipeline] - --- Processing 72/100: Ummees Seafood Restaurant ---
2026-05-16 03:38:07,164 - INFO - [MVP_Pipeline] - [Ummees Seafood Restaurant] Stored. DB ID: 237. Commencing analysis...
2026-05-16 03:38:07,310 - INFO - [MVP_Pipeline] - [Ummees Seafood Restaurant] Pipeline completed successfully. Opportunity Score: 90.0
2026-05-16 03:38:07,310 - INFO - [MVP_Pipeline] - --- Processing 73/100: Irani kuzhimandi restaurant ---
2026-05-16 03:38:07,350 - INFO - [MVP_Pipeline] - [Irani kuzhimandi restaurant] Stored. DB ID: 238. Commencing analysis...
2026-05-16 03:38:07,537 - INFO - [MVP_Pipeline] - [Irani kuzhimandi restaurant] Pipeline completed successfully. Opportunity Score: 90.0
2026-05-16 03:38:07,538 - INFO - [MVP_Pipeline] - --- Processing 74/100: The Central Residency ---
2026-05-16 03:38:07,578 - INFO - [MVP_Pipeline] - [The Central Residency] Stored. DB ID: 239. Commencing analysis...
2026-05-16 03:38:07,887 - INFO - [MVP_Pipeline] - [The Central Residency] Pipeline completed successfully. Opportunity Score: 75.5
2026-05-16 03:38:07,887 - INFO - [MVP_Pipeline] - --- Processing 75/100: Porotta Hut ---
2026-05-16 03:38:07,927 - INFO - [MVP_Pipeline] - [Porotta Hut] Stored. DB ID: 240. Commencing analysis...
2026-05-16 03:38:08,170 - INFO - [MVP_Pipeline] - [Porotta Hut] Pipeline completed successfully. Opportunity Score: 75.5
2026-05-16 03:38:08,171 - INFO - [MVP_Pipeline] - --- Processing 76/100: Azad Restaurant at Medical College ---
2026-05-16 03:38:08,211 - INFO - [MVP_Pipeline] - [Azad Restaurant at Medical College] Stored. DB ID: 241. Commencing analysis...
2026-05-16 03:38:08,406 - INFO - [MVP_Pipeline] - [Azad Restaurant at Medical College] Pipeline completed successfully. Opportunity Score: 75.5
2026-05-16 03:38:08,406 - INFO - [MVP_Pipeline] - --- Processing 77/100: Jasmine Bay Restaurant ---
2026-05-16 03:38:08,446 - INFO - [MVP_Pipeline] - [Jasmine Bay Restaurant] Stored. DB ID: 242. Commencing analysis...
2026-05-16 03:38:08,657 - INFO - [MVP_Pipeline] - [Jasmine Bay Restaurant] Pipeline completed successfully. Opportunity Score: 75.5
2026-05-16 03:38:08,657 - INFO - [MVP_Pipeline] - --- Processing 78/100: Ariya Jyothi Vegetarian Restaurant ---
2026-05-16 03:38:08,698 - INFO - [MVP_Pipeline] - [Ariya Jyothi Vegetarian Restaurant] Stored. DB ID: 243. Commencing analysis...
2026-05-16 03:38:08,908 - INFO - [MVP_Pipeline] - [Ariya Jyothi Vegetarian Restaurant] Pipeline completed successfully. Opportunity Score: 90.0
2026-05-16 03:38:08,908 - INFO - [MVP_Pipeline] - --- Processing 79/100: Palace Restaurant ---
2026-05-16 03:38:08,933 - INFO - [MVP_Pipeline] - [Palace Restaurant] Stored. DB ID: 244. Commencing analysis...
2026-05-16 03:38:09,160 - INFO - [MVP_Pipeline] - [Palace Restaurant] Pipeline completed successfully. Opportunity Score: 90.0
2026-05-16 03:38:09,160 - INFO - [MVP_Pipeline] - --- Processing 80/100: Mynt ---
2026-05-16 03:38:09,193 - INFO - [MVP_Pipeline] - [Mynt] Stored. DB ID: 245. Commencing analysis...
2026-05-16 03:38:09,339 - INFO - [MVP_Pipeline] - [Mynt] Pipeline completed successfully. Opportunity Score: 75.5
2026-05-16 03:38:09,339 - INFO - [MVP_Pipeline] - --- Processing 81/100: Ambadi Kannan Restaurant ---
2026-05-16 03:38:09,428 - INFO - [MVP_Pipeline] - [Ambadi Kannan Restaurant] Stored. DB ID: 246. Commencing analysis...
2026-05-16 03:38:09,566 - INFO - [MVP_Pipeline] - [Ambadi Kannan Restaurant] Pipeline completed successfully. Opportunity Score: 90.0
2026-05-16 03:38:09,566 - INFO - [MVP_Pipeline] - --- Processing 82/100: Park Rajadhani ---
2026-05-16 03:38:09,599 - INFO - [MVP_Pipeline] - [Park Rajadhani] Stored. DB ID: 247. Commencing analysis...
2026-05-16 03:38:09,802 - INFO - [MVP_Pipeline] - [Park Rajadhani] Pipeline completed successfully. Opportunity Score: 75.5
2026-05-16 03:38:09,802 - INFO - [MVP_Pipeline] - --- Processing 83/100: Kuttanadan Puncha Family Restaurant ---
2026-05-16 03:38:09,842 - INFO - [MVP_Pipeline] - [Kuttanadan Puncha Family Restaurant] Stored. DB ID: 248. Commencing analysis...
2026-05-16 03:38:10,053 - INFO - [MVP_Pipeline] - [Kuttanadan Puncha Family Restaurant] Pipeline completed successfully. Opportunity Score: 75.5
2026-05-16 03:38:10,054 - INFO - [MVP_Pipeline] - --- Processing 84/100: Ambalapatt Restaurant ---
2026-05-16 03:38:10,094 - INFO - [MVP_Pipeline] - [Ambalapatt Restaurant] Stored. DB ID: 249. Commencing analysis...
2026-05-16 03:38:10,313 - INFO - [MVP_Pipeline] - [Ambalapatt Restaurant] Pipeline completed successfully. Opportunity Score: 90.0
2026-05-16 03:38:10,313 - INFO - [MVP_Pipeline] - --- Processing 85/100: Al Taza - Trivandrum ---
2026-05-16 03:38:10,354 - INFO - [MVP_Pipeline] - [Al Taza - Trivandrum] Stored. DB ID: 250. Commencing analysis...
2026-05-16 03:38:10,564 - INFO - [MVP_Pipeline] - [Al Taza - Trivandrum] Pipeline completed successfully. Opportunity Score: 75.5
2026-05-16 03:38:10,564 - INFO - [MVP_Pipeline] - --- Processing 86/100: Sri Ananthapuri Vegetarian Restaurant ---
2026-05-16 03:38:10,597 - INFO - [MVP_Pipeline] - [Sri Ananthapuri Vegetarian Restaurant] Stored. DB ID: 251. Commencing analysis...
2026-05-16 03:38:10,808 - INFO - [MVP_Pipeline] - [Sri Ananthapuri Vegetarian Restaurant] Pipeline completed successfully. Opportunity Score: 90.0
2026-05-16 03:38:10,809 - INFO - [MVP_Pipeline] - --- Processing 87/100: Le Capital Seafood & Grills ---
2026-05-16 03:38:10,848 - INFO - [MVP_Pipeline] - [Le Capital Seafood & Grills] Stored. DB ID: 252. Commencing analysis...
2026-05-16 03:38:11,148 - INFO - [MVP_Pipeline] - [Le Capital Seafood & Grills] Pipeline completed successfully. Opportunity Score: 90.0
2026-05-16 03:38:11,149 - INFO - [MVP_Pipeline] - --- Processing 88/100: Meenamma's Kitchen ---
2026-05-16 03:38:11,189 - INFO - [MVP_Pipeline] - [Meenamma's Kitchen] Stored. DB ID: 253. Commencing analysis...
2026-05-16 03:38:11,425 - INFO - [MVP_Pipeline] - [Meenamma's Kitchen] Pipeline completed successfully. Opportunity Score: 90.0
2026-05-16 03:38:11,425 - INFO - [MVP_Pipeline] - --- Processing 89/100: Konkan Café Vivanta Thiruvananthapuram ---
2026-05-16 03:38:11,465 - INFO - [MVP_Pipeline] - [Konkan Café Vivanta Thiruvananthapuram] Stored. DB ID: 254. Commencing analysis...
2026-05-16 03:38:11,652 - INFO - [MVP_Pipeline] - [Konkan Café Vivanta Thiruvananthapuram] Pipeline completed successfully. Opportunity Score: 75.5
2026-05-16 03:38:11,652 - INFO - [MVP_Pipeline] - --- Processing 90/100: Park Malabar Restaurant Trivandrum ---
2026-05-16 03:38:11,684 - INFO - [MVP_Pipeline] - [Park Malabar Restaurant Trivandrum] Stored. DB ID: 255. Commencing analysis...
2026-05-16 03:38:11,862 - INFO - [MVP_Pipeline] - [Park Malabar Restaurant Trivandrum] Pipeline completed successfully. Opportunity Score: 90.0
2026-05-16 03:38:11,862 - INFO - [MVP_Pipeline] - --- Processing 91/100: T & Company (T & Co) ---
2026-05-16 03:38:11,895 - INFO - [MVP_Pipeline] - [T & Company (T & Co)] Stored. DB ID: 256. Commencing analysis...
2026-05-16 03:38:12,082 - INFO - [MVP_Pipeline] - [T & Company (T & Co)] Pipeline completed successfully. Opportunity Score: 90.0
2026-05-16 03:38:12,082 - INFO - [MVP_Pipeline] - --- Processing 92/100: Krishna Hotel ---
2026-05-16 03:38:12,114 - INFO - [MVP_Pipeline] - [Krishna Hotel] Stored. DB ID: 257. Commencing analysis...
2026-05-16 03:38:12,260 - INFO - [MVP_Pipeline] - [Krishna Hotel] Pipeline completed successfully. Opportunity Score: 90.0
2026-05-16 03:38:12,260 - INFO - [MVP_Pipeline] - --- Processing 93/100: Garam Masala Restaurant ---
2026-05-16 03:38:12,342 - INFO - [MVP_Pipeline] - [Garam Masala Restaurant] Stored. DB ID: 258. Commencing analysis...
2026-05-16 03:38:13,308 - INFO - [MVP_Pipeline] - [Garam Masala Restaurant] Pipeline completed successfully. Opportunity Score: 90.0
2026-05-16 03:38:13,309 - INFO - [MVP_Pipeline] - --- Processing 94/100: Akshayam Pure Vegetarian Restaurant ---
2026-05-16 03:38:13,607 - INFO - [MVP_Pipeline] - [Akshayam Pure Vegetarian Restaurant] Stored. DB ID: 259. Commencing analysis...
2026-05-16 03:38:13,835 - INFO - [MVP_Pipeline] - [Akshayam Pure Vegetarian Restaurant] Pipeline completed successfully. Opportunity Score: 90.0
2026-05-16 03:38:13,835 - INFO - [MVP_Pipeline] - --- Processing 95/100: Sri Gavuri Nivas ---
2026-05-16 03:38:13,867 - INFO - [MVP_Pipeline] - [Sri Gavuri Nivas] Stored. DB ID: 260. Commencing analysis...
2026-05-16 03:38:13,997 - INFO - [MVP_Pipeline] - [Sri Gavuri Nivas] Pipeline completed successfully. Opportunity Score: 90.0
2026-05-16 03:38:13,997 - INFO - [MVP_Pipeline] - --- Processing 96/100: Food in style ---
2026-05-16 03:38:14,078 - INFO - [MVP_Pipeline] - [Food in style] Stored. DB ID: 261. Commencing analysis...
2026-05-16 03:38:14,208 - INFO - [MVP_Pipeline] - [Food in style] Pipeline completed successfully. Opportunity Score: 90.0
2026-05-16 03:38:14,208 - INFO - [MVP_Pipeline] - --- Processing 97/100: MANDI MANZIL ULLOOR ---
2026-05-16 03:38:14,240 - INFO - [MVP_Pipeline] - [MANDI MANZIL ULLOOR] Stored. DB ID: 262. Commencing analysis...
2026-05-16 03:38:14,467 - INFO - [MVP_Pipeline] - [MANDI MANZIL ULLOOR] Pipeline completed successfully. Opportunity Score: 75.5
2026-05-16 03:38:14,467 - INFO - [MVP_Pipeline] - --- Processing 98/100: Indian Coffee House ---
2026-05-16 03:38:14,500 - INFO - [MVP_Pipeline] - [Indian Coffee House] Stored. DB ID: 263. Commencing analysis...
2026-05-16 03:38:14,686 - INFO - [MVP_Pipeline] - [Indian Coffee House] Pipeline completed successfully. Opportunity Score: 75.5
2026-05-16 03:38:14,687 - INFO - [MVP_Pipeline] - --- Processing 99/100: Thakazhi Pedika - Restaurant ---
2026-05-16 03:38:14,718 - INFO - [MVP_Pipeline] - [Thakazhi Pedika - Restaurant] Stored. DB ID: 264. Commencing analysis...
2026-05-16 03:38:14,897 - INFO - [MVP_Pipeline] - [Thakazhi Pedika - Restaurant] Pipeline completed successfully. Opportunity Score: 75.5
2026-05-16 03:38:14,897 - INFO - [MVP_Pipeline] - --- Processing 100/100: New Pantry Restaurant ---
2026-05-16 03:38:14,930 - INFO - [MVP_Pipeline] - [New Pantry Restaurant] Stored. DB ID: 265. Commencing analysis...
2026-05-16 03:38:15,116 - INFO - [MVP_Pipeline] - [New Pantry Restaurant] Pipeline completed successfully. Opportunity Score: 90.0
2026-05-16 03:38:15,116 - INFO - [MVP_Pipeline] - ========== PIPELINE FINISHED ==========
2026-05-16 03:38:15,117 - INFO - [MVP_Pipeline] - Successfully processed 100/100 businesses end-to-end.
2026-05-16 03:38:15,120 - INFO - [MVP_Pipeline] - Identified 3 high-priority leads:
2026-05-16 03:38:15,120 - INFO - [MVP_Pipeline] - - Dr.Nathanis Diagnostic Clinic (90.00/100 opportunity)
2026-05-16 03:38:15,120 - INFO - [MVP_Pipeline] - - Dr.Nathanis Diagnostic Clinic (90.00/100 opportunity)
2026-05-16 03:38:15,120 - INFO - [MVP_Pipeline] - - Aryaas Park Veg Restaurant (90.00/100 opportunity)
2026-05-16 03:38:15,120 - INFO - [MVP_Pipeline] - Executing search for: 'retail stores in Thiruvananthapuram, kerala, India'
2026-05-16 03:38:15,121 - INFO - [MVP_Pipeline] - ========== PIPELINE STARTED: 'retail stores in Thiruvananthapuram, kerala, India' ==========
2026-05-16 03:38:15,121 - INFO - [MVP_Pipeline] - Phase 1: Scraping Google Maps...
2026-05-16 03:51:32,347 - INFO - [MVP_Pipeline] - Scraped 18 businesses. Moving to processing phase.
2026-05-16 03:51:32,347 - INFO - [MVP_Pipeline] - --- Processing 1/18: Ramachandran Textiles ---
2026-05-16 03:51:32,485 - INFO - [MVP_Pipeline] - [Ramachandran Textiles] Stored. DB ID: 266. Commencing analysis...
2026-05-16 03:51:32,648 - INFO - [MVP_Pipeline] - [Ramachandran Textiles] Pipeline completed successfully. Opportunity Score: 75.5
2026-05-16 03:51:32,648 - INFO - [MVP_Pipeline] - --- Processing 2/18: Fashion Factory ---
2026-05-16 03:51:32,729 - INFO - [MVP_Pipeline] - [Fashion Factory] Stored. DB ID: 267. Commencing analysis...
2026-05-16 03:51:32,859 - INFO - [MVP_Pipeline] - [Fashion Factory] Pipeline completed successfully. Opportunity Score: 75.5
2026-05-16 03:51:32,859 - INFO - [MVP_Pipeline] - --- Processing 3/18: Style PLUS ---
2026-05-16 03:51:32,891 - INFO - [MVP_Pipeline] - [Style PLUS] Stored. DB ID: 268. Commencing analysis...
2026-05-16 03:51:33,078 - INFO - [MVP_Pipeline] - [Style PLUS] Pipeline completed successfully. Opportunity Score: 75.5
2026-05-16 03:51:33,079 - INFO - [MVP_Pipeline] - --- Processing 4/18: Reliance SMART Bazaar ---
2026-05-16 03:51:33,110 - INFO - [MVP_Pipeline] - [Reliance SMART Bazaar] Stored. DB ID: 269. Commencing analysis...
2026-05-16 03:51:33,289 - INFO - [MVP_Pipeline] - [Reliance SMART Bazaar] Pipeline completed successfully. Opportunity Score: 75.5
2026-05-16 03:51:33,289 - INFO - [MVP_Pipeline] - --- Processing 5/18: LuLu Fashion Store ---
2026-05-16 03:51:33,321 - INFO - [MVP_Pipeline] - [LuLu Fashion Store] Stored. DB ID: 270. Commencing analysis...
2026-05-16 03:51:33,508 - INFO - [MVP_Pipeline] - [LuLu Fashion Store] Pipeline completed successfully. Opportunity Score: 75.5
2026-05-16 03:51:33,508 - INFO - [MVP_Pipeline] - --- Processing 6/18: Variety Mall ---
2026-05-16 03:51:33,540 - INFO - [MVP_Pipeline] - [Variety Mall] Stored. DB ID: 271. Commencing analysis...
2026-05-16 03:51:33,727 - INFO - [MVP_Pipeline] - [Variety Mall] Pipeline completed successfully. Opportunity Score: 75.5
2026-05-16 03:51:33,727 - INFO - [MVP_Pipeline] - --- Processing 7/18: Mall of Travancore ---
2026-05-16 03:51:33,759 - INFO - [MVP_Pipeline] - [Mall of Travancore] Stored. DB ID: 272. Commencing analysis...
2026-05-16 03:51:33,889 - INFO - [MVP_Pipeline] - [Mall of Travancore] Pipeline completed successfully. Opportunity Score: 75.5
2026-05-16 03:51:33,890 - INFO - [MVP_Pipeline] - --- Processing 8/18: EasyBuy ---
2026-05-16 03:51:33,987 - INFO - [MVP_Pipeline] - [EasyBuy] Stored. DB ID: 273. Commencing analysis...
2026-05-16 03:51:34,117 - INFO - [MVP_Pipeline] - [EasyBuy] Pipeline completed successfully. Opportunity Score: 75.5
2026-05-16 03:51:34,117 - INFO - [MVP_Pipeline] - --- Processing 9/18: Bean Town, The Pop-Up Store, Trivandrum ---
2026-05-16 03:51:34,149 - INFO - [MVP_Pipeline] - [Bean Town, The Pop-Up Store, Trivandrum] Stored. DB ID: 274. Commencing analysis...
2026-05-16 03:51:34,335 - INFO - [MVP_Pipeline] - [Bean Town, The Pop-Up Store, Trivandrum] Pipeline completed successfully. Opportunity Score: 75.5
2026-05-16 03:51:34,336 - INFO - [MVP_Pipeline] - --- Processing 10/18: LuLu Hypermarket Thiruvananthapuram ---
2026-05-16 03:51:34,367 - INFO - [MVP_Pipeline] - [LuLu Hypermarket Thiruvananthapuram] Stored. DB ID: 275. Commencing analysis...
2026-05-16 03:51:34,546 - INFO - [MVP_Pipeline] - [LuLu Hypermarket Thiruvananthapuram] Pipeline completed successfully. Opportunity Score: 75.5
2026-05-16 03:51:34,546 - INFO - [MVP_Pipeline] - --- Processing 11/18: City Stores ---
2026-05-16 03:51:34,579 - INFO - [MVP_Pipeline] - [City Stores] Stored. DB ID: 276. Commencing analysis...
2026-05-16 03:51:34,757 - INFO - [MVP_Pipeline] - [City Stores] Pipeline completed successfully. Opportunity Score: 90.0
2026-05-16 03:51:34,757 - INFO - [MVP_Pipeline] - --- Processing 12/18: Babu Store Wholesale and Retail ---
2026-05-16 03:51:34,789 - INFO - [MVP_Pipeline] - [Babu Store Wholesale and Retail] Stored. DB ID: 277. Commencing analysis...
2026-05-16 03:51:34,968 - INFO - [MVP_Pipeline] - [Babu Store Wholesale and Retail] Pipeline completed successfully. Opportunity Score: 90.0
2026-05-16 03:51:34,968 - INFO - [MVP_Pipeline] - --- Processing 13/18: RETAIL.ROAD EXPORT SURPLUS ---
2026-05-16 03:51:35,001 - INFO - [MVP_Pipeline] - [RETAIL.ROAD EXPORT SURPLUS] Stored. DB ID: 278. Commencing analysis...
2026-05-16 03:51:35,130 - INFO - [MVP_Pipeline] - [RETAIL.ROAD EXPORT SURPLUS] Pipeline completed successfully. Opportunity Score: 90.0
2026-05-16 03:51:35,131 - INFO - [MVP_Pipeline] - --- Processing 14/18: Max ---
2026-05-16 03:51:35,211 - INFO - [MVP_Pipeline] - [Max] Stored. DB ID: 279. Commencing analysis...
2026-05-16 03:51:35,341 - INFO - [MVP_Pipeline] - [Max] Pipeline completed successfully. Opportunity Score: 75.5
2026-05-16 03:51:35,342 - INFO - [MVP_Pipeline] - --- Processing 15/18: Basics Life. Trivandrum ---
2026-05-16 03:51:35,376 - INFO - [MVP_Pipeline] - [Basics Life. Trivandrum] Stored. DB ID: 280. Commencing analysis...
2026-05-16 03:51:35,561 - INFO - [MVP_Pipeline] - [Basics Life. Trivandrum] Pipeline completed successfully. Opportunity Score: 90.0
2026-05-16 03:51:35,561 - INFO - [MVP_Pipeline] - --- Processing 16/18: Vibe Company ---
2026-05-16 03:51:35,593 - INFO - [MVP_Pipeline] - [Vibe Company] Stored. DB ID: 281. Commencing analysis...
2026-05-16 03:51:35,771 - INFO - [MVP_Pipeline] - [Vibe Company] Pipeline completed successfully. Opportunity Score: 90.0
2026-05-16 03:51:35,771 - INFO - [MVP_Pipeline] - --- Processing 17/18: LuLu Mall Thiruvananthapuram ---
2026-05-16 03:51:35,804 - INFO - [MVP_Pipeline] - [LuLu Mall Thiruvananthapuram] Stored. DB ID: 282. Commencing analysis...
2026-05-16 03:51:35,982 - INFO - [MVP_Pipeline] - [LuLu Mall Thiruvananthapuram] Pipeline completed successfully. Opportunity Score: 75.5
2026-05-16 03:51:35,983 - INFO - [MVP_Pipeline] - --- Processing 18/18: Family Shopping Centre ---
2026-05-16 03:51:36,015 - INFO - [MVP_Pipeline] - [Family Shopping Centre] Stored. DB ID: 283. Commencing analysis...
2026-05-16 03:51:36,193 - INFO - [MVP_Pipeline] - [Family Shopping Centre] Pipeline completed successfully. Opportunity Score: 90.0
2026-05-16 03:51:36,193 - INFO - [MVP_Pipeline] - ========== PIPELINE FINISHED ==========
2026-05-16 03:51:36,193 - INFO - [MVP_Pipeline] - Successfully processed 18/18 businesses end-to-end.
2026-05-16 03:51:36,195 - INFO - [MVP_Pipeline] - Identified 3 high-priority leads:
2026-05-16 03:51:36,196 - INFO - [MVP_Pipeline] - - Dr.Nathanis Diagnostic Clinic (90.00/100 opportunity)
2026-05-16 03:51:36,196 - INFO - [MVP_Pipeline] - - Dr.Nathanis Diagnostic Clinic (90.00/100 opportunity)
2026-05-16 03:51:36,196 - INFO - [MVP_Pipeline] - - Aryaas Park Veg Restaurant (90.00/100 opportunity)
2026-05-16 03:51:36,196 - INFO - [MVP_Pipeline] - Executing search for: 'agencies in Thiruvananthapuram, kerala, India'
2026-05-16 03:51:36,196 - INFO - [MVP_Pipeline] - ========== PIPELINE STARTED: 'agencies in Thiruvananthapuram, kerala, India' ==========
2026-05-16 03:51:36,196 - INFO - [MVP_Pipeline] - Phase 1: Scraping Google Maps...
2026-05-16 04:28:02,252 - INFO - [MVP_Pipeline] - Scraped 90 businesses. Moving to processing phase.
2026-05-16 04:28:02,337 - INFO - [MVP_Pipeline] - --- Processing 1/90: Cafe Jade - All Day Dining (24X7) ---
2026-05-16 04:28:02,601 - INFO - [MVP_Pipeline] - [Cafe Jade - All Day Dining (24X7)] Stored. DB ID: 47. Commencing analysis...
2026-05-16 04:28:03,211 - INFO - [MVP_Pipeline] - [Cafe Jade - All Day Dining (24X7)] Pipeline completed successfully. Opportunity Score: 75.5
2026-05-16 04:28:03,212 - INFO - [MVP_Pipeline] - --- Processing 2/90: Villa Maya ---
2026-05-16 04:28:03,325 - INFO - [MVP_Pipeline] - [Villa Maya] Stored. DB ID: 48. Commencing analysis...
2026-05-16 04:28:03,765 - INFO - [MVP_Pipeline] - [Villa Maya] Pipeline completed successfully. Opportunity Score: 75.5
2026-05-16 04:28:03,765 - INFO - [MVP_Pipeline] - --- Processing 3/90: Paragon Restaurant ---
2026-05-16 04:28:03,854 - INFO - [MVP_Pipeline] - [Paragon Restaurant] Stored. DB ID: 49. Commencing analysis...
2026-05-16 04:28:04,196 - INFO - [MVP_Pipeline] - [Paragon Restaurant] Pipeline completed successfully. Opportunity Score: 75.5
2026-05-16 04:28:04,196 - INFO - [MVP_Pipeline] - --- Processing 4/90: Aryaas Park Veg Restaurant ---
2026-05-16 04:28:04,278 - INFO - [MVP_Pipeline] - [Aryaas Park Veg Restaurant] Stored. DB ID: 44. Commencing analysis...
2026-05-16 04:28:04,709 - INFO - [MVP_Pipeline] - [Aryaas Park Veg Restaurant] Pipeline completed successfully. Opportunity Score: 90.0
2026-05-16 04:28:04,709 - INFO - [MVP_Pipeline] - --- Processing 5/90: O Café ---
2026-05-16 04:28:04,790 - INFO - [MVP_Pipeline] - [O Café] Stored. DB ID: 180. Commencing analysis...
2026-05-16 04:28:05,149 - INFO - [MVP_Pipeline] - [O Café] Pipeline completed successfully. Opportunity Score: 75.5
2026-05-16 04:28:05,149 - INFO - [MVP_Pipeline] - --- Processing 6/90: Restaurant Chef Pillai Trivandrum ---
2026-05-16 04:28:05,222 - INFO - [MVP_Pipeline] - [Restaurant Chef Pillai Trivandrum] Stored. DB ID: 46. Commencing analysis...
2026-05-16 04:28:05,565 - INFO - [MVP_Pipeline] - [Restaurant Chef Pillai Trivandrum] Pipeline completed successfully. Opportunity Score: 75.5
2026-05-16 04:28:05,565 - INFO - [MVP_Pipeline] - --- Processing 7/90: Mothers Veg Plaza ---
2026-05-16 04:28:05,646 - INFO - [MVP_Pipeline] - [Mothers Veg Plaza] Stored. DB ID: 193. Commencing analysis...
2026-05-16 04:28:05,971 - INFO - [MVP_Pipeline] - [Mothers Veg Plaza] Pipeline completed successfully. Opportunity Score: 75.5
2026-05-16 04:28:05,972 - INFO - [MVP_Pipeline] - --- Processing 8/90: Imperial Kitchen Venpalavattom ---
2026-05-16 04:28:06,071 - INFO - [MVP_Pipeline] - [Imperial Kitchen Venpalavattom] Stored. DB ID: 170. Commencing analysis...
2026-05-16 04:28:06,532 - INFO - [MVP_Pipeline] - [Imperial Kitchen Venpalavattom] Pipeline completed successfully. Opportunity Score: 75.5
2026-05-16 04:28:06,533 - INFO - [MVP_Pipeline] - --- Processing 9/90: PLAV ---
2026-05-16 04:28:06,622 - INFO - [MVP_Pipeline] - [PLAV] Stored. DB ID: 200. Commencing analysis...
2026-05-16 04:28:07,152 - INFO - [MVP_Pipeline] - [PLAV] Pipeline completed successfully. Opportunity Score: 90.0
2026-05-16 04:28:07,152 - INFO - [MVP_Pipeline] - --- Processing 10/90: Ruchi Veg Restaurant ---
2026-05-16 04:28:07,257 - INFO - [MVP_Pipeline] - [Ruchi Veg Restaurant] Stored. DB ID: 198. Commencing analysis...
2026-05-16 04:28:07,534 - INFO - [MVP_Pipeline] - [Ruchi Veg Restaurant] Pipeline completed successfully. Opportunity Score: 75.5
2026-05-16 04:28:07,534 - INFO - [MVP_Pipeline] - --- Processing 11/90: Zam Zam Restaurant ---
2026-05-16 04:28:07,575 - INFO - [MVP_Pipeline] - [Zam Zam Restaurant] Stored. DB ID: 172. Commencing analysis...
2026-05-16 04:28:07,778 - INFO - [MVP_Pipeline] - [Zam Zam Restaurant] Pipeline completed successfully. Opportunity Score: 75.5
2026-05-16 04:28:07,779 - INFO - [MVP_Pipeline] - --- Processing 12/90: Café Mojo ---
2026-05-16 04:28:07,819 - INFO - [MVP_Pipeline] - [Café Mojo] Stored. DB ID: 190. Commencing analysis...
2026-05-16 04:28:08,145 - INFO - [MVP_Pipeline] - [Café Mojo] Pipeline completed successfully. Opportunity Score: 75.5
2026-05-16 04:28:08,145 - INFO - [MVP_Pipeline] - --- Processing 13/90: The Olive Restaurant ---
2026-05-16 04:28:08,185 - INFO - [MVP_Pipeline] - [The Olive Restaurant] Stored. DB ID: 171. Commencing analysis...
2026-05-16 04:28:08,348 - INFO - [MVP_Pipeline] - [The Olive Restaurant] Pipeline completed successfully. Opportunity Score: 75.5
2026-05-16 04:28:08,349 - INFO - [MVP_Pipeline] - --- Processing 14/90: Bab Arabia ---
2026-05-16 04:28:08,446 - INFO - [MVP_Pipeline] - [Bab Arabia] Stored. DB ID: 186. Commencing analysis...
2026-05-16 04:28:08,706 - INFO - [MVP_Pipeline] - [Bab Arabia] Pipeline completed successfully. Opportunity Score: 90.0
2026-05-16 04:28:08,706 - INFO - [MVP_Pipeline] - --- Processing 15/90: Pankayam ---
2026-05-16 04:28:08,788 - INFO - [MVP_Pipeline] - [Pankayam] Stored. DB ID: 174. Commencing analysis...
2026-05-16 04:28:09,032 - INFO - [MVP_Pipeline] - [Pankayam] Pipeline completed successfully. Opportunity Score: 75.5
2026-05-16 04:28:09,033 - INFO - [MVP_Pipeline] - --- Processing 16/90: Longtime ---
2026-05-16 04:28:09,073 - INFO - [MVP_Pipeline] - [Longtime] Stored. DB ID: 175. Commencing analysis...
2026-05-16 04:28:09,292 - INFO - [MVP_Pipeline] - [Longtime] Pipeline completed successfully. Opportunity Score: 75.5
2026-05-16 04:28:09,292 - INFO - [MVP_Pipeline] - --- Processing 17/90: Diners' Summit - Restaurant, North Indian, Naden food, buffet, vegetarian restaurant ---
2026-05-16 04:28:09,333 - INFO - [MVP_Pipeline] - [Diners' Summit - Restaurant, North Indian, Naden food, buffet, vegetarian restaurant] Stored. DB ID: 199. Commencing analysis...
2026-05-16 04:28:09,536 - INFO - [MVP_Pipeline] - [Diners' Summit - Restaurant, North Indian, Naden food, buffet, vegetarian restaurant] Pipeline completed successfully. Opportunity Score: 90.0
2026-05-16 04:28:09,537 - INFO - [MVP_Pipeline] - --- Processing 18/90: Garden Grille & Bar ---
2026-05-16 04:28:09,577 - INFO - [MVP_Pipeline] - [Garden Grille & Bar] Stored. DB ID: 194. Commencing analysis...
2026-05-16 04:28:09,739 - INFO - [MVP_Pipeline] - [Garden Grille & Bar] Pipeline completed successfully. Opportunity Score: 90.0
2026-05-16 04:28:09,740 - INFO - [MVP_Pipeline] - --- Processing 19/90: Azad Restaurant at Over Bridge ---
2026-05-16 04:28:09,935 - INFO - [MVP_Pipeline] - [Azad Restaurant at Over Bridge] Stored. DB ID: 173. Commencing analysis...
2026-05-16 04:28:10,244 - INFO - [MVP_Pipeline] - [Azad Restaurant at Over Bridge] Pipeline completed successfully. Opportunity Score: 75.5
2026-05-16 04:28:10,244 - INFO - [MVP_Pipeline] - --- Processing 20/90: Plated Trivandrum ---
2026-05-16 04:28:10,358 - INFO - [MVP_Pipeline] - [Plated Trivandrum] Stored. DB ID: 182. Commencing analysis...
2026-05-16 04:28:10,618 - INFO - [MVP_Pipeline] - [Plated Trivandrum] Pipeline completed successfully. Opportunity Score: 75.5
2026-05-16 04:28:10,619 - INFO - [MVP_Pipeline] - --- Processing 21/90: Taste of Kerala ---
2026-05-16 04:28:10,683 - INFO - [MVP_Pipeline] - [Taste of Kerala] Stored. DB ID: 304. Commencing analysis...
2026-05-16 04:28:10,992 - INFO - [MVP_Pipeline] - [Taste of Kerala] Pipeline completed successfully. Opportunity Score: 90.0
2026-05-16 04:28:10,993 - INFO - [MVP_Pipeline] - --- Processing 22/90: Amrutam Vegetarian Restaurant ---
2026-05-16 04:28:11,058 - INFO - [MVP_Pipeline] - [Amrutam Vegetarian Restaurant] Stored. DB ID: 183. Commencing analysis...
2026-05-16 04:28:11,440 - INFO - [MVP_Pipeline] - [Amrutam Vegetarian Restaurant] Pipeline completed successfully. Opportunity Score: 75.5
2026-05-16 04:28:11,440 - INFO - [MVP_Pipeline] - --- Processing 23/90: Imperial Kitchen Kowdiar ---
2026-05-16 04:28:11,505 - INFO - [MVP_Pipeline] - [Imperial Kitchen Kowdiar] Stored. DB ID: 176. Commencing analysis...
2026-05-16 04:28:11,798 - INFO - [MVP_Pipeline] - [Imperial Kitchen Kowdiar] Pipeline completed successfully. Opportunity Score: 75.5
2026-05-16 04:28:11,799 - INFO - [MVP_Pipeline] - --- Processing 24/90: Nadan Restaurant ---
2026-05-16 04:28:11,961 - INFO - [MVP_Pipeline] - [Nadan Restaurant] Stored. DB ID: 177. Commencing analysis...
2026-05-16 04:28:12,343 - INFO - [MVP_Pipeline] - [Nadan Restaurant] Pipeline completed successfully. Opportunity Score: 90.0
2026-05-16 04:28:12,343 - INFO - [MVP_Pipeline] - --- Processing 25/90: Deyvee Restaurant ---
2026-05-16 04:28:12,449 - INFO - [MVP_Pipeline] - [Deyvee Restaurant] Stored. DB ID: 178. Commencing analysis...
2026-05-16 04:28:12,847 - INFO - [MVP_Pipeline] - [Deyvee Restaurant] Pipeline completed successfully. Opportunity Score: 75.5
2026-05-16 04:28:12,848 - INFO - [MVP_Pipeline] - --- Processing 26/90: The Kanchipuram Cafe ---
2026-05-16 04:28:12,953 - INFO - [MVP_Pipeline] - [The Kanchipuram Cafe] Stored. DB ID: 187. Commencing analysis...
2026-05-16 04:28:13,246 - INFO - [MVP_Pipeline] - [The Kanchipuram Cafe] Pipeline completed successfully. Opportunity Score: 90.0
2026-05-16 04:28:13,247 - INFO - [MVP_Pipeline] - --- Processing 27/90: BLND Restobar ---
2026-05-16 04:28:13,352 - INFO - [MVP_Pipeline] - [BLND Restobar] Stored. DB ID: 195. Commencing analysis...
2026-05-16 04:28:13,726 - INFO - [MVP_Pipeline] - [BLND Restobar] Pipeline completed successfully. Opportunity Score: 75.5
2026-05-16 04:28:13,726 - INFO - [MVP_Pipeline] - --- Processing 28/90: Trivanz Food Court – Seafood Restaurant in Trivandrum ---
2026-05-16 04:28:13,873 - INFO - [MVP_Pipeline] - [Trivanz Food Court – Seafood Restaurant in Trivandrum] Stored. DB ID: 189. Commencing analysis...
2026-05-16 04:28:14,247 - INFO - [MVP_Pipeline] - [Trivanz Food Court – Seafood Restaurant in Trivandrum] Pipeline completed successfully. Opportunity Score: 75.5
2026-05-16 04:28:14,247 - INFO - [MVP_Pipeline] - --- Processing 29/90: The Yellow Chilli ---
2026-05-16 04:28:14,352 - INFO - [MVP_Pipeline] - [The Yellow Chilli] Stored. DB ID: 181. Commencing analysis...
2026-05-16 04:28:15,134 - INFO - [MVP_Pipeline] - [The Yellow Chilli] Pipeline completed successfully. Opportunity Score: 75.5
2026-05-16 04:28:15,134 - INFO - [MVP_Pipeline] - --- Processing 30/90: PARAGON RESTAURANT LULU TRIVANDRUM ---
2026-05-16 04:28:15,215 - INFO - [MVP_Pipeline] - [PARAGON RESTAURANT LULU TRIVANDRUM] Stored. DB ID: 222. Commencing analysis...
2026-05-16 04:28:15,809 - INFO - [MVP_Pipeline] - [PARAGON RESTAURANT LULU TRIVANDRUM] Pipeline completed successfully. Opportunity Score: 75.5
2026-05-16 04:28:15,809 - INFO - [MVP_Pipeline] - --- Processing 31/90: Sree Arul Jyothi ---
2026-05-16 04:28:15,890 - INFO - [MVP_Pipeline] - [Sree Arul Jyothi] Stored. DB ID: 188. Commencing analysis...
2026-05-16 04:28:16,321 - INFO - [MVP_Pipeline] - [Sree Arul Jyothi] Pipeline completed successfully. Opportunity Score: 90.0
2026-05-16 04:28:16,322 - INFO - [MVP_Pipeline] - --- Processing 32/90: Good Morning Hotel ---
2026-05-16 04:28:16,385 - INFO - [MVP_Pipeline] - Scraped 87 businesses. Moving to processing phase.
2026-05-16 04:28:16,386 - INFO - [MVP_Pipeline] - --- Processing 1/87: RCD HR SOLUTIONS ---
2026-05-16 04:28:16,427 - INFO - [MVP_Pipeline] - [Good Morning Hotel] Stored. DB ID: 229. Commencing analysis...
2026-05-16 04:28:16,509 - INFO - [MVP_Pipeline] - [RCD HR SOLUTIONS] Stored. DB ID: 52. Commencing analysis...
2026-05-16 04:28:16,980 - INFO - [MVP_Pipeline] - [Good Morning Hotel] Pipeline completed successfully. Opportunity Score: 90.0
2026-05-16 04:28:16,981 - INFO - [MVP_Pipeline] - --- Processing 33/90: Steampot Restaurant ---
2026-05-16 04:28:17,046 - INFO - [MVP_Pipeline] - [RCD HR SOLUTIONS] Pipeline completed successfully. Opportunity Score: 90.0
2026-05-16 04:28:17,046 - INFO - [MVP_Pipeline] - --- Processing 2/87: Worldstar Enterprises, Trivandrum jobs ---
2026-05-16 04:28:17,110 - INFO - [MVP_Pipeline] - [Steampot Restaurant] Stored. DB ID: 191. Commencing analysis...
2026-05-16 04:28:17,216 - INFO - [MVP_Pipeline] - [Worldstar Enterprises, Trivandrum jobs] Stored. DB ID: 51. Commencing analysis...
2026-05-16 04:28:17,754 - INFO - [MVP_Pipeline] - [Steampot Restaurant] Pipeline completed successfully. Opportunity Score: 75.5
2026-05-16 04:28:17,754 - INFO - [MVP_Pipeline] - --- Processing 34/90: Pai's kitchen ---
2026-05-16 04:28:17,852 - INFO - [MVP_Pipeline] - [Worldstar Enterprises, Trivandrum jobs] Pipeline completed successfully. Opportunity Score: 75.5
2026-05-16 04:28:17,852 - INFO - [MVP_Pipeline] - --- Processing 3/87: Suhail Enterprises ---
2026-05-16 04:28:17,949 - INFO - [MVP_Pipeline] - [Pai's kitchen] Stored. DB ID: 212. Commencing analysis...
2026-05-16 04:28:17,989 - INFO - [MVP_Pipeline] - [Suhail Enterprises] Stored. DB ID: 320. Commencing analysis...
2026-05-16 04:28:18,535 - INFO - [MVP_Pipeline] - [Pai's kitchen] Pipeline completed successfully. Opportunity Score: 90.0
2026-05-16 04:28:18,536 - INFO - [MVP_Pipeline] - --- Processing 35/90: Lantern Grove Restaurant ---
2026-05-16 04:28:18,673 - INFO - [MVP_Pipeline] - [Suhail Enterprises] Pipeline completed successfully. Opportunity Score: 75.5
2026-05-16 04:28:18,673 - INFO - [MVP_Pipeline] - --- Processing 4/87: Connecting2Work - HR Solutions ---
2026-05-16 04:28:18,763 - INFO - [MVP_Pipeline] - [Lantern Grove Restaurant] Stored. DB ID: 184. Commencing analysis...
2026-05-16 04:28:18,861 - INFO - [MVP_Pipeline] - [Connecting2Work - HR Solutions] Stored. DB ID: 322. Commencing analysis...
2026-05-16 04:28:19,372 - INFO - [MVP_Pipeline] - [Lantern Grove Restaurant] Pipeline completed successfully. Opportunity Score: 75.5
2026-05-16 04:28:19,372 - INFO - [MVP_Pipeline] - --- Processing 36/90: Alibaba & 41 Dishes - Trivandrum ---
2026-05-16 04:28:19,438 - INFO - [MVP_Pipeline] - [Connecting2Work - HR Solutions] Pipeline completed successfully. Opportunity Score: 75.5
2026-05-16 04:28:19,438 - INFO - [MVP_Pipeline] - --- Processing 5/87: Connecting2Work HR Solutions ---
2026-05-16 04:28:19,502 - INFO - [MVP_Pipeline] - [Alibaba & 41 Dishes - Trivandrum] Stored. DB ID: 185. Commencing analysis...
2026-05-16 04:28:19,649 - INFO - [MVP_Pipeline] - [Connecting2Work HR Solutions] Stored. DB ID: 53. Commencing analysis...
2026-05-16 04:28:20,186 - INFO - [MVP_Pipeline] - [Alibaba & 41 Dishes - Trivandrum] Pipeline completed successfully. Opportunity Score: 75.5
2026-05-16 04:28:20,186 - INFO - [MVP_Pipeline] - --- Processing 37/90: Zam Zam Restaurants YMR ---
2026-05-16 04:28:20,269 - INFO - [MVP_Pipeline] - [Connecting2Work HR Solutions] Pipeline completed successfully. Opportunity Score: 75.5
2026-05-16 04:28:20,269 - INFO - [MVP_Pipeline] - --- Processing 6/87: Career Home | Placement Service, Facility Management and Job consultancy ---
2026-05-16 04:28:20,340 - INFO - [MVP_Pipeline] - [Zam Zam Restaurants YMR] Stored. DB ID: 192. Commencing analysis...
2026-05-16 04:28:20,438 - INFO - [MVP_Pipeline] - [Career Home | Placement Service, Facility Management and Job consultancy] Stored. DB ID: 326. Commencing analysis...
2026-05-16 04:28:21,065 - INFO - [MVP_Pipeline] - [Zam Zam Restaurants YMR] Pipeline completed successfully. Opportunity Score: 75.5
2026-05-16 04:28:21,065 - INFO - [MVP_Pipeline] - --- Processing 38/90: Vayalil Restaurant, The Finedine, eanchakkal ---
2026-05-16 04:28:21,398 - INFO - [MVP_Pipeline] - [Career Home | Placement Service, Facility Management and Job consultancy] Pipeline completed successfully. Opportunity Score: 75.5
2026-05-16 04:28:21,399 - INFO - [MVP_Pipeline] - --- Processing 7/87: Friends Home Nurse Consultancy ---
2026-05-16 04:28:21,472 - INFO - [MVP_Pipeline] - [Vayalil Restaurant, The Finedine, eanchakkal] Stored. DB ID: 201. Commencing analysis...
2026-05-16 04:28:21,554 - INFO - [MVP_Pipeline] - [Friends Home Nurse Consultancy] Stored. DB ID: 328. Commencing analysis...
2026-05-16 04:28:22,318 - INFO - [MVP_Pipeline] - [Vayalil Restaurant, The Finedine, eanchakkal] Pipeline completed successfully. Opportunity Score: 90.0
2026-05-16 04:28:22,318 - INFO - [MVP_Pipeline] - --- Processing 39/90: Aryaas Vegetarian Restaurant ---
2026-05-16 04:28:22,408 - INFO - [MVP_Pipeline] - [Friends Home Nurse Consultancy] Pipeline completed successfully. Opportunity Score: 90.0
2026-05-16 04:28:22,408 - INFO - [MVP_Pipeline] - --- Processing 8/87: JOBS 'n TA HR Services ---
2026-05-16 04:28:22,515 - INFO - [MVP_Pipeline] - [Aryaas Vegetarian Restaurant] Stored. DB ID: 205. Commencing analysis...
2026-05-16 04:28:22,605 - INFO - [MVP_Pipeline] - [JOBS 'n TA HR Services] Stored. DB ID: 330. Commencing analysis...
2026-05-16 04:28:23,156 - INFO - [MVP_Pipeline] - [Aryaas Vegetarian Restaurant] Pipeline completed successfully. Opportunity Score: 90.0
2026-05-16 04:28:23,156 - INFO - [MVP_Pipeline] - --- Processing 40/90: Ariya Nivaas Restaurant ---
2026-05-16 04:28:23,254 - INFO - [MVP_Pipeline] - [JOBS 'n TA HR Services] Pipeline completed successfully. Opportunity Score: 75.5
2026-05-16 04:28:23,254 - INFO - [MVP_Pipeline] - --- Processing 9/87: New Belief Overseas Recruitment services Pvt.Ltd ---
2026-05-16 04:28:23,319 - INFO - [MVP_Pipeline] - [Ariya Nivaas Restaurant] Stored. DB ID: 202. Commencing analysis...
2026-05-16 04:28:23,394 - INFO - [MVP_Pipeline] - [New Belief Overseas Recruitment services Pvt.Ltd] Stored. DB ID: 332. Commencing analysis...
2026-05-16 04:28:23,945 - INFO - [MVP_Pipeline] - [Ariya Nivaas Restaurant] Pipeline completed successfully. Opportunity Score: 90.0
2026-05-16 04:28:23,945 - INFO - [MVP_Pipeline] - --- Processing 41/90: Malabar Cafe ---
2026-05-16 04:28:24,044 - INFO - [MVP_Pipeline] - [New Belief Overseas Recruitment services Pvt.Ltd] Pipeline completed successfully. Opportunity Score: 75.5
2026-05-16 04:28:24,045 - INFO - [MVP_Pipeline] - --- Processing 10/87: Career world jobs ---
2026-05-16 04:28:24,142 - INFO - [MVP_Pipeline] - [Malabar Cafe] Stored. DB ID: 218. Commencing analysis...
2026-05-16 04:28:24,303 - INFO - [MVP_Pipeline] - [Career world jobs] Stored. DB ID: 334. Commencing analysis...
2026-05-16 04:28:24,954 - INFO - [MVP_Pipeline] - [Malabar Cafe] Pipeline completed successfully. Opportunity Score: 75.5
2026-05-16 04:28:24,954 - INFO - [MVP_Pipeline] - --- Processing 42/90: Khana Peena ---
2026-05-16 04:28:25,029 - INFO - [MVP_Pipeline] - [Career world jobs] Pipeline completed successfully. Opportunity Score: 90.0
2026-05-16 04:28:25,029 - INFO - [MVP_Pipeline] - --- Processing 11/87: Chinmaya Jobs & Travel services ---
2026-05-16 04:28:25,118 - INFO - [MVP_Pipeline] - [Khana Peena] Stored. DB ID: 196. Commencing analysis...
2026-05-16 04:28:25,272 - INFO - [MVP_Pipeline] - [Chinmaya Jobs & Travel services] Stored. DB ID: 336. Commencing analysis...
2026-05-16 04:28:25,916 - INFO - [MVP_Pipeline] - [Khana Peena] Pipeline completed successfully. Opportunity Score: 90.0
2026-05-16 04:28:25,917 - INFO - [MVP_Pipeline] - --- Processing 43/90: Supreme Upper Crust ---
2026-05-16 04:28:26,022 - INFO - [MVP_Pipeline] - [Chinmaya Jobs & Travel services] Pipeline completed successfully. Opportunity Score: 90.0
2026-05-16 04:28:26,022 - INFO - [MVP_Pipeline] - --- Processing 12/87: Dial A Job ---
2026-05-16 04:28:26,297 - INFO - [MVP_Pipeline] - [Supreme Upper Crust] Stored. DB ID: 203. Commencing analysis...
2026-05-16 04:28:26,486 - INFO - [MVP_Pipeline] - [Dial A Job] Stored. DB ID: 338. Commencing analysis...
2026-05-16 04:28:27,176 - INFO - [MVP_Pipeline] - [Supreme Upper Crust] Pipeline completed successfully. Opportunity Score: 90.0
2026-05-16 04:28:27,176 - INFO - [MVP_Pipeline] - --- Processing 44/90: Mani Mess ---
2026-05-16 04:28:27,251 - INFO - [MVP_Pipeline] - [Dial A Job] Pipeline completed successfully. Opportunity Score: 90.0
2026-05-16 04:28:27,251 - INFO - [MVP_Pipeline] - --- Processing 13/87: Space International Travel Service Manpower Consultant ---
2026-05-16 04:28:27,332 - INFO - [MVP_Pipeline] - [Mani Mess] Stored. DB ID: 204. Commencing analysis...
2026-05-16 04:28:27,420 - INFO - [MVP_Pipeline] - [Space International Travel Service Manpower Consultant] Stored. DB ID: 340. Commencing analysis...
2026-05-16 04:28:27,975 - INFO - [MVP_Pipeline] - [Mani Mess] Pipeline completed successfully. Opportunity Score: 90.0
2026-05-16 04:28:27,976 - INFO - [MVP_Pipeline] - --- Processing 45/90: Salkkaram Edavazhi ---
2026-05-16 04:28:28,014 - INFO - [MVP_Pipeline] - [Space International Travel Service Manpower Consultant] Pipeline completed successfully. Opportunity Score: 75.5
2026-05-16 04:28:28,014 - INFO - [MVP_Pipeline] - --- Processing 14/87: Jobcaps HR Consultancy ---
2026-05-16 04:28:28,120 - INFO - [MVP_Pipeline] - [Salkkaram Edavazhi] Stored. DB ID: 206. Commencing analysis...
2026-05-16 04:28:28,185 - INFO - [MVP_Pipeline] - [Jobcaps HR Consultancy] Stored. DB ID: 342. Commencing analysis...
2026-05-16 04:28:28,673 - INFO - [MVP_Pipeline] - [Salkkaram Edavazhi] Pipeline completed successfully. Opportunity Score: 75.5
2026-05-16 04:28:28,673 - INFO - [MVP_Pipeline] - --- Processing 46/90: Huddles Cafe ---
2026-05-16 04:28:28,757 - INFO - [MVP_Pipeline] - [Jobcaps HR Consultancy] Pipeline completed successfully. Opportunity Score: 75.5
2026-05-16 04:28:28,757 - INFO - [MVP_Pipeline] - --- Processing 15/87: Sujina Manpower Consultants ---
2026-05-16 04:28:28,846 - INFO - [MVP_Pipeline] - [Huddles Cafe] Stored. DB ID: 213. Commencing analysis...
2026-05-16 04:28:28,960 - INFO - [MVP_Pipeline] - [Sujina Manpower Consultants] Stored. DB ID: 344. Commencing analysis...
2026-05-16 04:28:29,690 - INFO - [MVP_Pipeline] - [Huddles Cafe] Pipeline completed successfully. Opportunity Score: 75.5
2026-05-16 04:28:29,691 - INFO - [MVP_Pipeline] - --- Processing 47/90: Malabar BitEs Restaurant ---
2026-05-16 04:28:29,756 - INFO - [MVP_Pipeline] - [Sujina Manpower Consultants] Pipeline completed successfully. Opportunity Score: 90.0
2026-05-16 04:28:29,756 - INFO - [MVP_Pipeline] - --- Processing 16/87: C2W ---
2026-05-16 04:28:29,831 - INFO - [MVP_Pipeline] - [Malabar BitEs Restaurant] Stored. DB ID: 230. Commencing analysis...
2026-05-16 04:28:29,870 - INFO - [MVP_Pipeline] - [C2W] Stored. DB ID: 346. Commencing analysis...
2026-05-16 04:28:30,507 - INFO - [MVP_Pipeline] - [Malabar BitEs Restaurant] Pipeline completed successfully. Opportunity Score: 90.0
2026-05-16 04:28:30,507 - INFO - [MVP_Pipeline] - --- Processing 48/90: Cafe Hive ---
2026-05-16 04:28:30,588 - INFO - [MVP_Pipeline] - [C2W] Pipeline completed successfully. Opportunity Score: 75.5
2026-05-16 04:28:30,588 - INFO - [MVP_Pipeline] - --- Processing 17/87: Lakshya job consultancy ---
2026-05-16 04:28:30,667 - INFO - [MVP_Pipeline] - [Cafe Hive] Stored. DB ID: 219. Commencing analysis...
2026-05-16 04:28:30,759 - INFO - [MVP_Pipeline] - [Lakshya job consultancy] Stored. DB ID: 348. Commencing analysis...
2026-05-16 04:28:31,595 - INFO - [MVP_Pipeline] - [Cafe Hive] Pipeline completed successfully. Opportunity Score: 90.0
2026-05-16 04:28:31,595 - INFO - [MVP_Pipeline] - --- Processing 49/90: Neerali Restaurant ---
2026-05-16 04:28:31,701 - INFO - [MVP_Pipeline] - [Lakshya job consultancy] Pipeline completed successfully. Opportunity Score: 90.0
2026-05-16 04:28:31,701 - INFO - [MVP_Pipeline] - --- Processing 18/87: Deepam Employment Service ---
2026-05-16 04:28:31,766 - INFO - [MVP_Pipeline] - [Neerali Restaurant] Stored. DB ID: 209. Commencing analysis...
2026-05-16 04:28:31,850 - INFO - [MVP_Pipeline] - [Deepam Employment Service] Stored. DB ID: 350. Commencing analysis...
2026-05-16 04:28:32,368 - INFO - [MVP_Pipeline] - [Neerali Restaurant] Pipeline completed successfully. Opportunity Score: 90.0
2026-05-16 04:28:32,369 - INFO - [MVP_Pipeline] - --- Processing 50/90: Rajila Hotel ---
2026-05-16 04:28:32,541 - INFO - [MVP_Pipeline] - [Deepam Employment Service] Pipeline completed successfully. Opportunity Score: 90.0
2026-05-16 04:28:32,542 - INFO - [MVP_Pipeline] - --- Processing 19/87: Scintila Recruiter ---
2026-05-16 04:28:32,579 - INFO - [MVP_Pipeline] - [Rajila Hotel] Stored. DB ID: 351. Commencing analysis...
2026-05-16 04:28:32,663 - INFO - [MVP_Pipeline] - [Scintila Recruiter] Stored. DB ID: 352. Commencing analysis...
2026-05-16 04:28:33,255 - INFO - [MVP_Pipeline] - [Rajila Hotel] Pipeline completed successfully. Opportunity Score: 90.0
2026-05-16 04:28:33,255 - INFO - [MVP_Pipeline] - --- Processing 51/90: Hotel Aruna (Pure veg) ---
2026-05-16 04:28:33,331 - INFO - [MVP_Pipeline] - [Scintila Recruiter] Pipeline completed successfully. Opportunity Score: 90.0
2026-05-16 04:28:33,331 - INFO - [MVP_Pipeline] - --- Processing 20/87: Quick Job Consultancy ---
2026-05-16 04:28:33,453 - INFO - [MVP_Pipeline] - [Hotel Aruna (Pure veg)] Stored. DB ID: 231. Commencing analysis...
2026-05-16 04:28:33,516 - INFO - [MVP_Pipeline] - [Quick Job Consultancy] Stored. DB ID: 354. Commencing analysis...
2026-05-16 04:28:33,988 - INFO - [MVP_Pipeline] - [Hotel Aruna (Pure veg)] Pipeline completed successfully. Opportunity Score: 90.0
2026-05-16 04:28:33,988 - INFO - [MVP_Pipeline] - --- Processing 52/90: Varnam Seafood Restaurant ---
2026-05-16 04:28:34,053 - INFO - [MVP_Pipeline] - [Quick Job Consultancy] Pipeline completed successfully. Opportunity Score: 90.0
2026-05-16 04:28:34,054 - INFO - [MVP_Pipeline] - --- Processing 21/87: Riya - The Travel Expert | Thiruvananthapuram ---
2026-05-16 04:28:34,118 - INFO - [MVP_Pipeline] - [Varnam Seafood Restaurant] Stored. DB ID: 197. Commencing analysis...
2026-05-16 04:28:34,184 - INFO - [MVP_Pipeline] - [Riya - The Travel Expert | Thiruvananthapuram] Stored. DB ID: 356. Commencing analysis...
2026-05-16 04:28:34,721 - INFO - [MVP_Pipeline] - [Varnam Seafood Restaurant] Pipeline completed successfully. Opportunity Score: 75.5
2026-05-16 04:28:34,721 - INFO - [MVP_Pipeline] - --- Processing 53/90: Burj Al Mandi Restaurant ---
2026-05-16 04:28:34,786 - INFO - [MVP_Pipeline] - [Riya - The Travel Expert | Thiruvananthapuram] Pipeline completed successfully. Opportunity Score: 75.5
2026-05-16 04:28:34,786 - INFO - [MVP_Pipeline] - --- Processing 22/87: Attitude Worldwide ---
2026-05-16 04:28:34,851 - INFO - [MVP_Pipeline] - [Burj Al Mandi Restaurant] Stored. DB ID: 208. Commencing analysis...
2026-05-16 04:28:34,927 - INFO - [MVP_Pipeline] - [Attitude Worldwide] Stored. DB ID: 358. Commencing analysis...
2026-05-16 04:28:35,469 - INFO - [MVP_Pipeline] - [Burj Al Mandi Restaurant] Pipeline completed successfully. Opportunity Score: 90.0
2026-05-16 04:28:35,470 - INFO - [MVP_Pipeline] - --- Processing 54/90: Azad Star at Vazhuthacaud ---
2026-05-16 04:28:35,527 - INFO - [MVP_Pipeline] - [Attitude Worldwide] Pipeline completed successfully. Opportunity Score: 75.5
2026-05-16 04:28:35,527 - INFO - [MVP_Pipeline] - --- Processing 23/87: Medisol Placements Private Limited :Leading Healthcare recruitment consultancy ---
2026-05-16 04:28:35,632 - INFO - [MVP_Pipeline] - [Azad Star at Vazhuthacaud] Stored. DB ID: 211. Commencing analysis...
2026-05-16 04:28:35,690 - INFO - [MVP_Pipeline] - [Medisol Placements Private Limited :Leading Healthcare recruitment consultancy] Stored. DB ID: 360. Commencing analysis...
2026-05-16 04:28:36,284 - INFO - [MVP_Pipeline] - [Azad Star at Vazhuthacaud] Pipeline completed successfully. Opportunity Score: 75.5
2026-05-16 04:28:36,284 - INFO - [MVP_Pipeline] - --- Processing 55/90: Dindigul Thalappakatti Restaurant ---
2026-05-16 04:28:36,342 - INFO - [MVP_Pipeline] - [Medisol Placements Private Limited :Leading Healthcare recruitment consultancy] Pipeline completed successfully. Opportunity Score: 75.5
2026-05-16 04:28:36,343 - INFO - [MVP_Pipeline] - --- Processing 24/87: Smart Job consultancy ---
2026-05-16 04:28:36,455 - INFO - [MVP_Pipeline] - [Dindigul Thalappakatti Restaurant] Stored. DB ID: 220. Commencing analysis...
2026-05-16 04:28:36,694 - INFO - [MVP_Pipeline] - [Smart Job consultancy] Stored. DB ID: 362. Commencing analysis...
2026-05-16 04:28:37,138 - INFO - [MVP_Pipeline] - [Dindigul Thalappakatti Restaurant] Pipeline completed successfully. Opportunity Score: 75.5
2026-05-16 04:28:37,139 - INFO - [MVP_Pipeline] - --- Processing 56/90: RASOI by RUCHI ---
2026-05-16 04:28:37,195 - INFO - [MVP_Pipeline] - [Smart Job consultancy] Pipeline completed successfully. Opportunity Score: 90.0
2026-05-16 04:28:37,196 - INFO - [MVP_Pipeline] - --- Processing 25/87: Akbar Travels of India Pvt Ltd - Trivandrum ---
2026-05-16 04:28:37,252 - INFO - [MVP_Pipeline] - [RASOI by RUCHI] Stored. DB ID: 217. Commencing analysis...
2026-05-16 04:28:37,309 - INFO - [MVP_Pipeline] - [Akbar Travels of India Pvt Ltd - Trivandrum] Stored. DB ID: 364. Commencing analysis...
2026-05-16 04:28:37,980 - INFO - [MVP_Pipeline] - [RASOI by RUCHI] Pipeline completed successfully. Opportunity Score: 75.5
2026-05-16 04:28:37,981 - INFO - [MVP_Pipeline] - --- Processing 57/90: North Bites ---
2026-05-16 04:28:38,078 - INFO - [MVP_Pipeline] - [Akbar Travels of India Pvt Ltd - Trivandrum] Pipeline completed successfully. Opportunity Score: 75.5
2026-05-16 04:28:38,078 - INFO - [MVP_Pipeline] - --- Processing 26/87: KAILAS AGENCIES ---
2026-05-16 04:28:38,148 - INFO - [MVP_Pipeline] - [North Bites] Stored. DB ID: 365. Commencing analysis...
2026-05-16 04:28:38,205 - INFO - [MVP_Pipeline] - [KAILAS AGENCIES] Stored. DB ID: 366. Commencing analysis...
2026-05-16 04:28:38,843 - INFO - [MVP_Pipeline] - [North Bites] Pipeline completed successfully. Opportunity Score: 90.0
2026-05-16 04:28:38,844 - INFO - [MVP_Pipeline] - --- Processing 58/90: Open House Restaurant ---
2026-05-16 04:28:38,933 - INFO - [MVP_Pipeline] - [KAILAS AGENCIES] Pipeline completed successfully. Opportunity Score: 90.0
2026-05-16 04:28:38,933 - INFO - [MVP_Pipeline] - --- Processing 27/87: International Agencies ---
2026-05-16 04:28:39,014 - INFO - [MVP_Pipeline] - [Open House Restaurant] Stored. DB ID: 215. Commencing analysis...
2026-05-16 04:28:39,052 - INFO - [MVP_Pipeline] - [International Agencies] Stored. DB ID: 368. Commencing analysis...
2026-05-16 04:28:39,532 - INFO - [MVP_Pipeline] - [Open House Restaurant] Pipeline completed successfully. Opportunity Score: 90.0
2026-05-16 04:28:39,533 - INFO - [MVP_Pipeline] - --- Processing 59/90: Poorna Family Restaurant ---
2026-05-16 04:28:39,589 - INFO - [MVP_Pipeline] - [International Agencies] Pipeline completed successfully. Opportunity Score: 90.0
2026-05-16 04:28:39,589 - INFO - [MVP_Pipeline] - --- Processing 28/87: VICTORY AGENCIES ---
2026-05-16 04:28:39,687 - INFO - [MVP_Pipeline] - [Poorna Family Restaurant] Stored. DB ID: 224. Commencing analysis...
2026-05-16 04:28:39,744 - INFO - [MVP_Pipeline] - [VICTORY AGENCIES] Stored. DB ID: 370. Commencing analysis...
2026-05-16 04:28:40,298 - INFO - [MVP_Pipeline] - [Poorna Family Restaurant] Pipeline completed successfully. Opportunity Score: 90.0
2026-05-16 04:28:40,298 - INFO - [MVP_Pipeline] - --- Processing 60/90: The Tides ---
2026-05-16 04:28:40,354 - INFO - [MVP_Pipeline] - [VICTORY AGENCIES] Pipeline completed successfully. Opportunity Score: 90.0
2026-05-16 04:28:40,355 - INFO - [MVP_Pipeline] - --- Processing 29/87: Guideline job consultancy ---
2026-05-16 04:28:40,431 - INFO - [MVP_Pipeline] - [The Tides] Stored. DB ID: 221. Commencing analysis...
2026-05-16 04:28:40,468 - INFO - [MVP_Pipeline] - [Guideline job consultancy] Stored. DB ID: 372. Commencing analysis...
2026-05-16 04:28:41,165 - INFO - [MVP_Pipeline] - [The Tides] Pipeline completed successfully. Opportunity Score: 75.5
2026-05-16 04:28:41,166 - INFO - [MVP_Pipeline] - --- Processing 61/90: Poomaram Ram's Kitchen ---
2026-05-16 04:28:41,271 - INFO - [MVP_Pipeline] - [Guideline job consultancy] Pipeline completed successfully. Opportunity Score: 90.0
2026-05-16 04:28:41,271 - INFO - [MVP_Pipeline] - --- Processing 30/87: Careerline Travel Consultant ---
2026-05-16 04:28:41,360 - INFO - [MVP_Pipeline] - [Poomaram Ram's Kitchen] Stored. DB ID: 225. Commencing analysis...
2026-05-16 04:28:41,422 - INFO - [MVP_Pipeline] - [Careerline Travel Consultant] Stored. DB ID: 374. Commencing analysis...
2026-05-16 04:28:42,138 - INFO - [MVP_Pipeline] - [Poomaram Ram's Kitchen] Pipeline completed successfully. Opportunity Score: 75.5
2026-05-16 04:28:42,139 - INFO - [MVP_Pipeline] - --- Processing 62/90: Nikunjam Restaurant ---
2026-05-16 04:28:42,254 - INFO - [MVP_Pipeline] - [Careerline Travel Consultant] Pipeline completed successfully. Opportunity Score: 75.5
2026-05-16 04:28:42,254 - INFO - [MVP_Pipeline] - --- Processing 31/87: Amina Agencies ---
2026-05-16 04:28:42,315 - INFO - [MVP_Pipeline] - [Nikunjam Restaurant] Stored. DB ID: 227. Commencing analysis...
2026-05-16 04:28:42,377 - INFO - [MVP_Pipeline] - [Amina Agencies] Stored. DB ID: 376. Commencing analysis...
2026-05-16 04:28:42,864 - INFO - [MVP_Pipeline] - [Nikunjam Restaurant] Pipeline completed successfully. Opportunity Score: 75.5
2026-05-16 04:28:42,864 - INFO - [MVP_Pipeline] - --- Processing 63/90: SK Restaurant ---
2026-05-16 04:28:42,926 - INFO - [MVP_Pipeline] - [Amina Agencies] Pipeline completed successfully. Opportunity Score: 90.0
2026-05-16 04:28:42,926 - INFO - [MVP_Pipeline] - --- Processing 32/87: Universal Migration ---
2026-05-16 04:28:42,988 - INFO - [MVP_Pipeline] - [SK Restaurant] Stored. DB ID: 228. Commencing analysis...
2026-05-16 04:28:43,138 - INFO - [MVP_Pipeline] - [Universal Migration] Stored. DB ID: 378. Commencing analysis...
2026-05-16 04:28:44,624 - INFO - [MVP_Pipeline] - [SK Restaurant] Pipeline completed successfully. Opportunity Score: 90.0
2026-05-16 04:28:44,624 - INFO - [MVP_Pipeline] - --- Processing 64/90: Hotel Dimora Thiruvananthapuram ---
2026-05-16 04:28:44,685 - INFO - [MVP_Pipeline] - [Universal Migration] Pipeline completed successfully. Opportunity Score: 75.5
2026-05-16 04:28:44,686 - INFO - [MVP_Pipeline] - --- Processing 33/87: Metro Agencies ---
2026-05-16 04:28:44,747 - INFO - [MVP_Pipeline] - [Hotel Dimora Thiruvananthapuram] Stored. DB ID: 234. Commencing analysis...
2026-05-16 04:28:44,809 - INFO - [MVP_Pipeline] - [Metro Agencies] Stored. DB ID: 380. Commencing analysis...
2026-05-16 04:28:45,420 - INFO - [MVP_Pipeline] - [Hotel Dimora Thiruvananthapuram] Pipeline completed successfully. Opportunity Score: 75.5
2026-05-16 04:28:45,420 - INFO - [MVP_Pipeline] - --- Processing 65/90: Sri Aiswariya Vegetarian Restaurant ---
2026-05-16 04:28:45,482 - INFO - [MVP_Pipeline] - [Metro Agencies] Pipeline completed successfully. Opportunity Score: 90.0
2026-05-16 04:28:45,482 - INFO - [MVP_Pipeline] - --- Processing 34/87: Connect 2 Job HR Consultancy services ---
2026-05-16 04:28:45,544 - INFO - [MVP_Pipeline] - [Sri Aiswariya Vegetarian Restaurant] Stored. DB ID: 216. Commencing analysis...
2026-05-16 04:28:45,614 - INFO - [MVP_Pipeline] - [Connect 2 Job HR Consultancy services] Stored. DB ID: 382. Commencing analysis...
2026-05-16 04:28:46,119 - INFO - [MVP_Pipeline] - [Sri Aiswariya Vegetarian Restaurant] Pipeline completed successfully. Opportunity Score: 90.0
2026-05-16 04:28:46,119 - INFO - [MVP_Pipeline] - --- Processing 66/90: Le Capital Seafood & Grills ---
2026-05-16 04:28:46,181 - INFO - [MVP_Pipeline] - [Connect 2 Job HR Consultancy services] Pipeline completed successfully. Opportunity Score: 75.5
2026-05-16 04:28:46,182 - INFO - [MVP_Pipeline] - --- Processing 35/87: M&G Immigration & Study Abroad Consultants | Best Canada Immigration Consultants in Trivandrum | Overseas Education Kerala ---
2026-05-16 04:28:46,287 - INFO - [MVP_Pipeline] - [Le Capital Seafood & Grills] Stored. DB ID: 252. Commencing analysis...
2026-05-16 04:28:46,349 - INFO - [MVP_Pipeline] - [M&G Immigration & Study Abroad Consultants | Best Canada Immigration Consultants in Trivandrum | Overseas Education Kerala] Stored. DB ID: 384. Commencing analysis...
2026-05-16 04:28:46,889 - INFO - [MVP_Pipeline] - [Le Capital Seafood & Grills] Pipeline completed successfully. Opportunity Score: 90.0
2026-05-16 04:28:46,889 - INFO - [MVP_Pipeline] - --- Processing 67/90: Paradise Family Restaurant ---
2026-05-16 04:28:46,986 - INFO - [MVP_Pipeline] - [M&G Immigration & Study Abroad Consultants | Best Canada Immigration Consultants in Trivandrum | Overseas Education Kerala] Pipeline completed successfully. Opportunity Score: 75.5
2026-05-16 04:28:46,986 - INFO - [MVP_Pipeline] - --- Processing 36/87: Airtravel Enterprises India Limited ---
2026-05-16 04:28:47,070 - INFO - [MVP_Pipeline] - [Paradise Family Restaurant] Stored. DB ID: 236. Commencing analysis...
2026-05-16 04:28:47,163 - INFO - [MVP_Pipeline] - [Airtravel Enterprises India Limited] Stored. DB ID: 386. Commencing analysis...
2026-05-16 04:28:47,933 - INFO - [MVP_Pipeline] - [Paradise Family Restaurant] Pipeline completed successfully. Opportunity Score: 90.0
2026-05-16 04:28:47,934 - INFO - [MVP_Pipeline] - --- Processing 68/90: Ummees Seafood Restaurant ---
2026-05-16 04:28:47,990 - INFO - [MVP_Pipeline] - [Airtravel Enterprises India Limited] Pipeline completed successfully. Opportunity Score: 75.5
2026-05-16 04:28:47,991 - INFO - [MVP_Pipeline] - --- Processing 37/87: Good Way Solutions ---
2026-05-16 04:28:48,047 - INFO - [MVP_Pipeline] - [Ummees Seafood Restaurant] Stored. DB ID: 237. Commencing analysis...
2026-05-16 04:28:48,105 - INFO - [MVP_Pipeline] - [Good Way Solutions] Stored. DB ID: 388. Commencing analysis...
2026-05-16 04:28:48,676 - INFO - [MVP_Pipeline] - [Ummees Seafood Restaurant] Pipeline completed successfully. Opportunity Score: 90.0
2026-05-16 04:28:48,677 - INFO - [MVP_Pipeline] - --- Processing 69/90: Konkan Café Vivanta Thiruvananthapuram ---
2026-05-16 04:28:48,733 - INFO - [MVP_Pipeline] - [Good Way Solutions] Pipeline completed successfully. Opportunity Score: 90.0
2026-05-16 04:28:48,734 - INFO - [MVP_Pipeline] - --- Processing 38/87: Kerala Travels ---
2026-05-16 04:28:48,831 - INFO - [MVP_Pipeline] - [Konkan Café Vivanta Thiruvananthapuram] Stored. DB ID: 254. Commencing analysis...
2026-05-16 04:28:48,889 - INFO - [MVP_Pipeline] - [Kerala Travels] Stored. DB ID: 390. Commencing analysis...
2026-05-16 04:28:49,428 - INFO - [MVP_Pipeline] - [Konkan Café Vivanta Thiruvananthapuram] Pipeline completed successfully. Opportunity Score: 75.5
2026-05-16 04:28:49,428 - INFO - [MVP_Pipeline] - --- Processing 70/90: Kerala Hotel ---
2026-05-16 04:28:49,506 - INFO - [MVP_Pipeline] - [Kerala Travels] Pipeline completed successfully. Opportunity Score: 75.5
2026-05-16 04:28:49,506 - INFO - [MVP_Pipeline] - --- Processing 39/87: Standard Agencies Hardware ---
2026-05-16 04:28:49,632 - INFO - [MVP_Pipeline] - [Kerala Hotel] Stored. DB ID: 214. Commencing analysis...
2026-05-16 04:28:49,816 - INFO - [MVP_Pipeline] - [Standard Agencies Hardware] Stored. DB ID: 392. Commencing analysis...
2026-05-16 04:28:50,410 - INFO - [MVP_Pipeline] - [Kerala Hotel] Pipeline completed successfully. Opportunity Score: 90.0
2026-05-16 04:28:50,410 - INFO - [MVP_Pipeline] - --- Processing 71/90: Hotel Kuttanad ---
2026-05-16 04:28:50,446 - INFO - [MVP_Pipeline] - [Standard Agencies Hardware] Pipeline completed successfully. Opportunity Score: 90.0
2026-05-16 04:28:50,446 - INFO - [MVP_Pipeline] - --- Processing 40/87: Ushus Services ---
2026-05-16 04:28:50,543 - INFO - [MVP_Pipeline] - [Hotel Kuttanad] Stored. DB ID: 393. Commencing analysis...
2026-05-16 04:28:50,613 - INFO - [MVP_Pipeline] - [Ushus Services] Stored. DB ID: 394. Commencing analysis...
2026-05-16 04:28:51,265 - INFO - [MVP_Pipeline] - [Hotel Kuttanad] Pipeline completed successfully. Opportunity Score: 90.0
2026-05-16 04:28:51,266 - INFO - [MVP_Pipeline] - --- Processing 72/90: Le Lumiere Restaurant ---
2026-05-16 04:28:51,354 - INFO - [MVP_Pipeline] - [Ushus Services] Pipeline completed successfully. Opportunity Score: 75.5
2026-05-16 04:28:51,355 - INFO - [MVP_Pipeline] - --- Processing 41/87: VK Agency ---
2026-05-16 04:28:51,444 - INFO - [MVP_Pipeline] - [Le Lumiere Restaurant] Stored. DB ID: 223. Commencing analysis...
2026-05-16 04:28:51,525 - INFO - [MVP_Pipeline] - [VK Agency] Stored. DB ID: 396. Commencing analysis...
2026-05-16 04:28:52,154 - INFO - [MVP_Pipeline] - [Le Lumiere Restaurant] Pipeline completed successfully. Opportunity Score: 75.5
2026-05-16 04:28:52,155 - INFO - [MVP_Pipeline] - --- Processing 73/90: Irani kuzhimandi restaurant ---
2026-05-16 04:28:52,190 - INFO - [MVP_Pipeline] - [VK Agency] Pipeline completed successfully. Opportunity Score: 75.5
2026-05-16 04:28:52,191 - INFO - [MVP_Pipeline] - --- Processing 42/87: Pratheeksha Job Consultancy ---
2026-05-16 04:28:52,320 - INFO - [MVP_Pipeline] - [Irani kuzhimandi restaurant] Stored. DB ID: 238. Commencing analysis...
2026-05-16 04:28:52,482 - INFO - [MVP_Pipeline] - [Pratheeksha Job Consultancy] Stored. DB ID: 398. Commencing analysis...
2026-05-16 04:28:53,139 - INFO - [MVP_Pipeline] - [Irani kuzhimandi restaurant] Pipeline completed successfully. Opportunity Score: 90.0
2026-05-16 04:28:53,140 - INFO - [MVP_Pipeline] - --- Processing 74/90: Meenamma's Kitchen ---
2026-05-16 04:28:53,212 - INFO - [MVP_Pipeline] - [Pratheeksha Job Consultancy] Pipeline completed successfully. Opportunity Score: 90.0
2026-05-16 04:28:53,213 - INFO - [MVP_Pipeline] - --- Processing 43/87: ITJobcell ---
2026-05-16 04:28:53,342 - INFO - [MVP_Pipeline] - [Meenamma's Kitchen] Stored. DB ID: 253. Commencing analysis...
2026-05-16 04:28:53,456 - INFO - [MVP_Pipeline] - [ITJobcell] Stored. DB ID: 400. Commencing analysis...
2026-05-16 04:28:53,802 - INFO - [MVP_Pipeline] - Starting pipeline. Location: 'Thiruvananthapuram, kerala, India'. Categories: 9. Limit per category: 3
2026-05-16 04:28:53,802 - INFO - [MVP_Pipeline] - Initializing Pipeline Modules...
2026-05-16 04:28:53,861 - INFO - [MVP_Pipeline] - [Meenamma's Kitchen] Pipeline completed successfully. Opportunity Score: 90.0
2026-05-16 04:28:53,862 - INFO - [MVP_Pipeline] - --- Processing 75/90: Mynt ---
2026-05-16 04:28:54,037 - INFO - [MVP_Pipeline] - [Mynt] Stored. DB ID: 401. Commencing analysis...
2026-05-16 04:28:54,121 - INFO - [MVP_Pipeline] - [ITJobcell] Pipeline completed successfully. Opportunity Score: 75.5
2026-05-16 04:28:54,121 - INFO - [MVP_Pipeline] - --- Processing 44/87: ALPHA TOURS AND TRAVEL AGENCY TRIVANDRUM ---
2026-05-16 04:28:54,445 - INFO - [MVP_Pipeline] - [ALPHA TOURS AND TRAVEL AGENCY TRIVANDRUM] Stored. DB ID: 402. Commencing analysis...
2026-05-16 04:28:54,891 - INFO - [MVP_Pipeline] - [Mynt] Pipeline completed successfully. Opportunity Score: 75.5
2026-05-16 04:28:54,892 - INFO - [MVP_Pipeline] - --- Processing 76/90: Park Malabar Restaurant Trivandrum ---
2026-05-16 04:28:55,037 - INFO - [MVP_Pipeline] - [Park Malabar Restaurant Trivandrum] Stored. DB ID: 255. Commencing analysis...
2026-05-16 04:28:55,127 - INFO - [MVP_Pipeline] - [ALPHA TOURS AND TRAVEL AGENCY TRIVANDRUM] Pipeline completed successfully. Opportunity Score: 75.5
2026-05-16 04:28:55,127 - INFO - [MVP_Pipeline] - --- Processing 45/87: Travel Nivriti ---
2026-05-16 04:28:55,270 - INFO - [MVP_Pipeline] - [Travel Nivriti] Stored. DB ID: 404. Commencing analysis...
2026-05-16 04:28:55,776 - INFO - [MVP_Pipeline] - [Park Malabar Restaurant Trivandrum] Pipeline completed successfully. Opportunity Score: 90.0
2026-05-16 04:28:55,776 - INFO - [MVP_Pipeline] - --- Processing 77/90: Gujju's Kitchen ---
2026-05-16 04:28:55,887 - INFO - [MVP_Pipeline] - Verifying database schema...
2026-05-16 04:28:55,952 - INFO - [MVP_Pipeline] - [Gujju's Kitchen] Stored. DB ID: 405. Commencing analysis...
2026-05-16 04:28:56,041 - INFO - [MVP_Pipeline] - [Travel Nivriti] Pipeline completed successfully. Opportunity Score: 75.5
2026-05-16 04:28:56,041 - INFO - [MVP_Pipeline] - --- Processing 46/87: Destination Designers - Travel and Tour Management Company ---
2026-05-16 04:28:56,222 - INFO - [MVP_Pipeline] - [Destination Designers - Travel and Tour Management Company] Stored. DB ID: 406. Commencing analysis...
2026-05-16 04:28:56,474 - INFO - [MVP_Pipeline] - Executing search for: 'companies in Thiruvananthapuram, kerala, India'
2026-05-16 04:28:56,474 - INFO - [MVP_Pipeline] - ========== PIPELINE STARTED: 'companies in Thiruvananthapuram, kerala, India' ==========
2026-05-16 04:28:56,474 - INFO - [MVP_Pipeline] - Phase 1: Scraping Google Maps...
2026-05-16 04:28:56,530 - INFO - [MVP_Pipeline] - [Gujju's Kitchen] Pipeline completed successfully. Opportunity Score: 90.0
2026-05-16 04:28:56,530 - INFO - [MVP_Pipeline] - --- Processing 78/90: Kuttanadan Puncha Family Restaurant ---
2026-05-16 04:28:56,628 - INFO - [MVP_Pipeline] - [Kuttanadan Puncha Family Restaurant] Stored. DB ID: 248. Commencing analysis...
2026-05-16 04:28:56,919 - INFO - [MVP_Pipeline] - [Destination Designers - Travel and Tour Management Company] Pipeline completed successfully. Opportunity Score: 75.5
2026-05-16 04:28:56,920 - INFO - [MVP_Pipeline] - --- Processing 47/87: Class one Tours and Travels ---
2026-05-16 04:28:57,074 - INFO - [MVP_Pipeline] - [Class one Tours and Travels] Stored. DB ID: 408. Commencing analysis...
2026-05-16 04:28:57,299 - INFO - [MVP_Pipeline] - [Kuttanadan Puncha Family Restaurant] Pipeline completed successfully. Opportunity Score: 75.5
2026-05-16 04:28:57,299 - INFO - [MVP_Pipeline] - --- Processing 79/90: SAAYA FAMILY RESTAURANT ---
2026-05-16 04:28:57,585 - INFO - [MVP_Pipeline] - [SAAYA FAMILY RESTAURANT] Stored. DB ID: 409. Commencing analysis...
2026-05-16 04:28:57,858 - INFO - [MVP_Pipeline] - [Class one Tours and Travels] Pipeline completed successfully. Opportunity Score: 75.5
2026-05-16 04:28:57,859 - INFO - [MVP_Pipeline] - --- Processing 48/87: Talent Resource Management ---
2026-05-16 04:28:58,643 - INFO - [MVP_Pipeline] - [Talent Resource Management] Stored. DB ID: 410. Commencing analysis...
2026-05-16 04:28:59,138 - INFO - [MVP_Pipeline] - [SAAYA FAMILY RESTAURANT] Pipeline completed successfully. Opportunity Score: 90.0
2026-05-16 04:28:59,138 - INFO - [MVP_Pipeline] - --- Processing 80/90: MANDI MANZIL ---
2026-05-16 04:28:59,718 - INFO - [MVP_Pipeline] - [MANDI MANZIL] Stored. DB ID: 411. Commencing analysis...
2026-05-16 04:29:00,221 - INFO - [MVP_Pipeline] - [Talent Resource Management] Pipeline completed successfully. Opportunity Score: 75.5
2026-05-16 04:29:00,221 - INFO - [MVP_Pipeline] - --- Processing 49/87: MediaMate Advertising India (P) Ltd ---
2026-05-16 04:29:00,462 - INFO - [MVP_Pipeline] - [MediaMate Advertising India (P) Ltd] Stored. DB ID: 412. Commencing analysis...
2026-05-16 04:29:00,825 - INFO - [MVP_Pipeline] - [MANDI MANZIL] Pipeline completed successfully. Opportunity Score: 90.0
2026-05-16 04:29:00,826 - INFO - [MVP_Pipeline] - --- Processing 81/90: Ambalapatt Restaurant ---
2026-05-16 04:29:01,192 - INFO - [MVP_Pipeline] - [Ambalapatt Restaurant] Stored. DB ID: 249. Commencing analysis...
2026-05-16 04:29:01,590 - INFO - [MVP_Pipeline] - [MediaMate Advertising India (P) Ltd] Pipeline completed successfully. Opportunity Score: 75.5
2026-05-16 04:29:01,590 - INFO - [MVP_Pipeline] - --- Processing 50/87: STS Travels Online. ---
2026-05-16 04:29:01,995 - INFO - [MVP_Pipeline] - [STS Travels Online.] Stored. DB ID: 414. Commencing analysis...
2026-05-16 04:29:02,753 - INFO - [MVP_Pipeline] - [Ambalapatt Restaurant] Pipeline completed successfully. Opportunity Score: 90.0
2026-05-16 04:29:02,753 - INFO - [MVP_Pipeline] - --- Processing 82/90: New Heavens Take Away ---
2026-05-16 04:29:02,950 - INFO - [MVP_Pipeline] - [New Heavens Take Away] Stored. DB ID: 415. Commencing analysis...
2026-05-16 04:29:03,586 - INFO - [MVP_Pipeline] - [STS Travels Online.] Pipeline completed successfully. Opportunity Score: 90.0
2026-05-16 04:29:03,586 - INFO - [MVP_Pipeline] - --- Processing 51/87: Phoenixwings HR Solutions ---
2026-05-16 04:29:03,949 - INFO - [MVP_Pipeline] - [Phoenixwings HR Solutions] Stored. DB ID: 416. Commencing analysis...
2026-05-16 04:29:04,165 - INFO - [MVP_Pipeline] - [New Heavens Take Away] Pipeline completed successfully. Opportunity Score: 90.0
2026-05-16 04:29:04,165 - INFO - [MVP_Pipeline] - --- Processing 83/90: The Chef's Studio ---
2026-05-16 04:29:04,483 - INFO - [MVP_Pipeline] - [The Chef's Studio] Stored. DB ID: 210. Commencing analysis...
2026-05-16 04:29:04,875 - INFO - [MVP_Pipeline] - [Phoenixwings HR Solutions] Pipeline completed successfully. Opportunity Score: 90.0
2026-05-16 04:29:04,875 - INFO - [MVP_Pipeline] - --- Processing 52/87: Pflege Career | Best German Consultancy In Kerala ---
2026-05-16 04:29:05,373 - INFO - [MVP_Pipeline] - [Pflege Career | Best German Consultancy In Kerala] Stored. DB ID: 418. Commencing analysis...
2026-05-16 04:29:05,798 - INFO - [MVP_Pipeline] - [The Chef's Studio] Pipeline completed successfully. Opportunity Score: 90.0
2026-05-16 04:29:05,798 - INFO - [MVP_Pipeline] - --- Processing 84/90: Jasmine Bay Restaurant ---
2026-05-16 04:29:06,215 - INFO - [MVP_Pipeline] - [Jasmine Bay Restaurant] Stored. DB ID: 242. Commencing analysis...
2026-05-16 04:29:06,777 - INFO - [MVP_Pipeline] - [Pflege Career | Best German Consultancy In Kerala] Pipeline completed successfully. Opportunity Score: 75.5
2026-05-16 04:29:06,777 - INFO - [MVP_Pipeline] - --- Processing 53/87: Career Home ---
2026-05-16 04:29:07,026 - INFO - [MVP_Pipeline] - [Career Home] Stored. DB ID: 420. Commencing analysis...
2026-05-16 04:29:07,527 - INFO - [MVP_Pipeline] - [Jasmine Bay Restaurant] Pipeline completed successfully. Opportunity Score: 75.5
2026-05-16 04:29:07,527 - INFO - [MVP_Pipeline] - --- Processing 85/90: Oriental Spice ---
2026-05-16 04:29:07,800 - INFO - [MVP_Pipeline] - [Oriental Spice] Stored. DB ID: 232. Commencing analysis...
2026-05-16 04:29:08,514 - INFO - [MVP_Pipeline] - [Career Home] Pipeline completed successfully. Opportunity Score: 90.0
2026-05-16 04:29:08,514 - INFO - [MVP_Pipeline] - --- Processing 54/87: Universal Manpower Service, Trivandrum ---
2026-05-16 04:29:08,758 - INFO - [MVP_Pipeline] - [Universal Manpower Service, Trivandrum] Stored. DB ID: 422. Commencing analysis...
2026-05-16 04:29:09,167 - INFO - [MVP_Pipeline] - [Oriental Spice] Pipeline completed successfully. Opportunity Score: 90.0
2026-05-16 04:29:09,167 - INFO - [MVP_Pipeline] - --- Processing 86/90: Ariya Jyothi Vegetarian Restaurant ---
2026-05-16 04:29:09,443 - INFO - [MVP_Pipeline] - [Ariya Jyothi Vegetarian Restaurant] Stored. DB ID: 243. Commencing analysis...
2026-05-16 04:29:09,867 - INFO - [MVP_Pipeline] - [Universal Manpower Service, Trivandrum] Pipeline completed successfully. Opportunity Score: 90.0
2026-05-16 04:29:09,867 - INFO - [MVP_Pipeline] - --- Processing 55/87: Restik Brand ---
2026-05-16 04:29:10,177 - INFO - [MVP_Pipeline] - [Restik Brand] Stored. DB ID: 424. Commencing analysis...
2026-05-16 04:29:10,608 - INFO - [MVP_Pipeline] - [Ariya Jyothi Vegetarian Restaurant] Pipeline completed successfully. Opportunity Score: 90.0
2026-05-16 04:29:10,609 - INFO - [MVP_Pipeline] - --- Processing 87/90: Al Taza - Trivandrum ---
2026-05-16 04:29:10,812 - INFO - [MVP_Pipeline] - [Al Taza - Trivandrum] Stored. DB ID: 250. Commencing analysis...
2026-05-16 04:29:11,155 - INFO - [MVP_Pipeline] - [Restik Brand] Pipeline completed successfully. Opportunity Score: 75.5
2026-05-16 04:29:11,155 - INFO - [MVP_Pipeline] - --- Processing 56/87: The Write People ---
2026-05-16 04:29:11,359 - INFO - [MVP_Pipeline] - [The Write People] Stored. DB ID: 426. Commencing analysis...
2026-05-16 04:29:11,775 - INFO - [MVP_Pipeline] - [Al Taza - Trivandrum] Pipeline completed successfully. Opportunity Score: 75.5
2026-05-16 04:29:11,775 - INFO - [MVP_Pipeline] - --- Processing 88/90: Aasife Biriyani - Kesavadasapuram (Trivandrum) ---
2026-05-16 04:29:11,946 - INFO - [MVP_Pipeline] - [Aasife Biriyani - Kesavadasapuram (Trivandrum)] Stored. DB ID: 427. Commencing analysis...
2026-05-16 04:29:12,247 - INFO - [MVP_Pipeline] - [The Write People] Pipeline completed successfully. Opportunity Score: 75.5
2026-05-16 04:29:12,248 - INFO - [MVP_Pipeline] - --- Processing 57/87: Pioneer Agencies ---
2026-05-16 04:29:12,492 - INFO - [MVP_Pipeline] - [Pioneer Agencies] Stored. DB ID: 428. Commencing analysis...
2026-05-16 04:29:12,834 - INFO - [MVP_Pipeline] - [Aasife Biriyani - Kesavadasapuram (Trivandrum)] Pipeline completed successfully. Opportunity Score: 75.5
2026-05-16 04:29:12,835 - INFO - [MVP_Pipeline] - --- Processing 89/90: Porotta Hut ---
2026-05-16 04:29:13,071 - INFO - [MVP_Pipeline] - [Porotta Hut] Stored. DB ID: 240. Commencing analysis...
2026-05-16 04:29:13,381 - INFO - [MVP_Pipeline] - [Pioneer Agencies] Pipeline completed successfully. Opportunity Score: 90.0
2026-05-16 04:29:13,381 - INFO - [MVP_Pipeline] - --- Processing 58/87: S K S Consultancy ---
2026-05-16 04:29:13,634 - INFO - [MVP_Pipeline] - [S K S Consultancy] Stored. DB ID: 430. Commencing analysis...
2026-05-16 04:29:13,978 - INFO - [MVP_Pipeline] - [Porotta Hut] Pipeline completed successfully. Opportunity Score: 75.5
2026-05-16 04:29:13,979 - INFO - [MVP_Pipeline] - --- Processing 90/90: Akshayam Pure Vegetarian Restaurant ---
2026-05-16 04:29:14,231 - INFO - [MVP_Pipeline] - [Akshayam Pure Vegetarian Restaurant] Stored. DB ID: 259. Commencing analysis...
2026-05-16 04:29:14,550 - INFO - [MVP_Pipeline] - [S K S Consultancy] Pipeline completed successfully. Opportunity Score: 90.0
2026-05-16 04:29:14,551 - INFO - [MVP_Pipeline] - --- Processing 59/87: Texas Tours & Travels ---
2026-05-16 04:29:14,760 - INFO - [MVP_Pipeline] - [Texas Tours & Travels] Stored. DB ID: 432. Commencing analysis...
2026-05-16 04:29:15,132 - INFO - [MVP_Pipeline] - [Akshayam Pure Vegetarian Restaurant] Pipeline completed successfully. Opportunity Score: 90.0
2026-05-16 04:29:15,132 - INFO - [MVP_Pipeline] - ========== PIPELINE FINISHED ==========
2026-05-16 04:29:15,132 - INFO - [MVP_Pipeline] - Successfully processed 90/90 businesses end-to-end.
2026-05-16 04:29:15,134 - INFO - [MVP_Pipeline] - Identified 3 high-priority leads:
2026-05-16 04:29:15,134 - INFO - [MVP_Pipeline] - - Dr.Nathanis Diagnostic Clinic (90.00/100 opportunity)
2026-05-16 04:29:15,134 - INFO - [MVP_Pipeline] - - Dr.Nathanis Diagnostic Clinic (90.00/100 opportunity)
2026-05-16 04:29:15,134 - INFO - [MVP_Pipeline] - - Aryaas Park Veg Restaurant (90.00/100 opportunity)
2026-05-16 04:29:15,134 - INFO - [MVP_Pipeline] - Executing search for: 'retail stores in Thiruvananthapuram, kerala, India'
2026-05-16 04:29:15,135 - INFO - [MVP_Pipeline] - ========== PIPELINE STARTED: 'retail stores in Thiruvananthapuram, kerala, India' ==========
2026-05-16 04:29:15,135 - INFO - [MVP_Pipeline] - Phase 1: Scraping Google Maps...
2026-05-16 04:29:18,006 - INFO - [MVP_Pipeline] - [Texas Tours & Travels] Pipeline completed successfully. Opportunity Score: 28.5
2026-05-16 04:29:18,006 - INFO - [MVP_Pipeline] - --- Processing 60/87: Saraswathy Agencies ---
2026-05-16 04:29:18,222 - INFO - [MVP_Pipeline] - [Saraswathy Agencies] Stored. DB ID: 433. Commencing analysis...
2026-05-16 04:29:19,189 - INFO - [MVP_Pipeline] - [Saraswathy Agencies] Pipeline completed successfully. Opportunity Score: 90.0
2026-05-16 04:29:19,189 - INFO - [MVP_Pipeline] - --- Processing 61/87: Supriya Agencies Trivandrum ---
2026-05-16 04:29:19,272 - INFO - [MVP_Pipeline] - [Supriya Agencies Trivandrum] Stored. DB ID: 434. Commencing analysis...
2026-05-16 04:29:20,860 - INFO - [MVP_Pipeline] - [Supriya Agencies Trivandrum] Pipeline completed successfully. Opportunity Score: 34.5
2026-05-16 04:29:20,861 - INFO - [MVP_Pipeline] - --- Processing 62/87: Aruna Agencies ---
2026-05-16 04:29:21,530 - INFO - [MVP_Pipeline] - [Aruna Agencies] Stored. DB ID: 435. Commencing analysis...
2026-05-16 04:29:22,274 - INFO - [MVP_Pipeline] - [Aruna Agencies] Pipeline completed successfully. Opportunity Score: 90.0
2026-05-16 04:29:22,274 - INFO - [MVP_Pipeline] - --- Processing 63/87: Swiggy Onboarding Office Thiruvananthapuram ---
2026-05-16 04:29:22,436 - INFO - [MVP_Pipeline] - [Swiggy Onboarding Office Thiruvananthapuram] Stored. DB ID: 436. Commencing analysis...
2026-05-16 04:29:23,076 - INFO - [MVP_Pipeline] - [Swiggy Onboarding Office Thiruvananthapuram] Pipeline completed successfully. Opportunity Score: 90.0
2026-05-16 04:29:23,077 - INFO - [MVP_Pipeline] - --- Processing 64/87: Sree Tours - Taxi Service / Wedding Car For Rent Trivandrum Luxury Marriage Car Hire ---
2026-05-16 04:29:23,322 - INFO - [MVP_Pipeline] - [Sree Tours - Taxi Service / Wedding Car For Rent Trivandrum Luxury Marriage Car Hire] Stored. DB ID: 437. Commencing analysis...
2026-05-16 04:29:24,138 - INFO - [MVP_Pipeline] - [Sree Tours - Taxi Service / Wedding Car For Rent Trivandrum Luxury Marriage Car Hire] Pipeline completed successfully. Opportunity Score: 75.5
2026-05-16 04:29:24,138 - INFO - [MVP_Pipeline] - --- Processing 65/87: PALAZHY TOURS & TRAVELS PVT. LTD. ---
2026-05-16 04:29:24,244 - INFO - [MVP_Pipeline] - [PALAZHY TOURS & TRAVELS PVT. LTD.] Stored. DB ID: 438. Commencing analysis...
2026-05-16 04:29:25,216 - INFO - [MVP_Pipeline] - [PALAZHY TOURS & TRAVELS PVT. LTD.] Pipeline completed successfully. Opportunity Score: 75.5
2026-05-16 04:29:25,216 - INFO - [MVP_Pipeline] - --- Processing 66/87: PAMA AIR TRAVELS INDIA ---
2026-05-16 04:29:25,633 - INFO - [MVP_Pipeline] - [PAMA AIR TRAVELS INDIA] Stored. DB ID: 439. Commencing analysis...
2026-05-16 04:29:26,708 - INFO - [MVP_Pipeline] - [PAMA AIR TRAVELS INDIA] Pipeline completed successfully. Opportunity Score: 90.0
2026-05-16 04:29:26,708 - INFO - [MVP_Pipeline] - --- Processing 67/87: Thalikkunnil Sales Incorporate ---
2026-05-16 04:29:26,940 - INFO - [MVP_Pipeline] - [Thalikkunnil Sales Incorporate] Stored. DB ID: 440. Commencing analysis...
2026-05-16 04:29:27,764 - INFO - [MVP_Pipeline] - [Thalikkunnil Sales Incorporate] Pipeline completed successfully. Opportunity Score: 75.5
2026-05-16 04:29:27,765 - INFO - [MVP_Pipeline] - --- Processing 68/87: Nava Karthika Agency ---
2026-05-16 04:29:27,874 - INFO - [MVP_Pipeline] - [Nava Karthika Agency] Stored. DB ID: 441. Commencing analysis...
2026-05-16 04:29:28,312 - INFO - [MVP_Pipeline] - [Nava Karthika Agency] Pipeline completed successfully. Opportunity Score: 90.0
2026-05-16 04:29:28,312 - INFO - [MVP_Pipeline] - --- Processing 69/87: Voyages Kerala ---
2026-05-16 04:29:28,463 - INFO - [MVP_Pipeline] - [Voyages Kerala] Stored. DB ID: 442. Commencing analysis...
2026-05-16 04:29:28,962 - INFO - [MVP_Pipeline] - [Voyages Kerala] Pipeline completed successfully. Opportunity Score: 75.5
2026-05-16 04:29:28,963 - INFO - [MVP_Pipeline] - --- Processing 70/87: LLOYDS INSPECTION AGENCY PVT LTD | India Office ---
2026-05-16 04:29:29,096 - INFO - [MVP_Pipeline] - [LLOYDS INSPECTION AGENCY PVT LTD | India Office] Stored. DB ID: 443. Commencing analysis...
2026-05-16 04:29:29,504 - INFO - [MVP_Pipeline] - [LLOYDS INSPECTION AGENCY PVT LTD | India Office] Pipeline completed successfully. Opportunity Score: 75.5
2026-05-16 04:29:29,504 - INFO - [MVP_Pipeline] - --- Processing 71/87: Rajeevam Manpower Consultant ---
2026-05-16 04:29:29,704 - INFO - [MVP_Pipeline] - [Rajeevam Manpower Consultant] Stored. DB ID: 444. Commencing analysis...
2026-05-16 04:29:31,122 - INFO - [MVP_Pipeline] - [Rajeevam Manpower Consultant] Pipeline completed successfully. Opportunity Score: 90.0
2026-05-16 04:29:31,122 - INFO - [MVP_Pipeline] - --- Processing 72/87: Ozone Tourism and Travel ---
2026-05-16 04:29:31,171 - INFO - [MVP_Pipeline] - [Ozone Tourism and Travel] Stored. DB ID: 445. Commencing analysis...
2026-05-16 04:29:31,650 - INFO - [MVP_Pipeline] - [Ozone Tourism and Travel] Pipeline completed successfully. Opportunity Score: 75.5
2026-05-16 04:29:31,651 - INFO - [MVP_Pipeline] - --- Processing 73/87: Care Health Insurance ---
2026-05-16 04:29:31,778 - INFO - [MVP_Pipeline] - [Care Health Insurance] Stored. DB ID: 446. Commencing analysis...
2026-05-16 04:29:32,242 - INFO - [MVP_Pipeline] - [Care Health Insurance] Pipeline completed successfully. Opportunity Score: 75.5
2026-05-16 04:29:32,242 - INFO - [MVP_Pipeline] - --- Processing 74/87: Thomson Trading Agencies vallakkadavu TVM ---
2026-05-16 04:29:32,313 - INFO - [MVP_Pipeline] - [Thomson Trading Agencies vallakkadavu TVM] Stored. DB ID: 447. Commencing analysis...
2026-05-16 04:29:32,684 - INFO - [MVP_Pipeline] - [Thomson Trading Agencies vallakkadavu TVM] Pipeline completed successfully. Opportunity Score: 90.0
2026-05-16 04:29:32,684 - INFO - [MVP_Pipeline] - --- Processing 75/87: Axis Overseas Careers ---
2026-05-16 04:29:32,742 - INFO - [MVP_Pipeline] - [Axis Overseas Careers] Stored. DB ID: 448. Commencing analysis...
2026-05-16 04:29:33,164 - INFO - [MVP_Pipeline] - [Axis Overseas Careers] Pipeline completed successfully. Opportunity Score: 75.5
2026-05-16 04:29:33,164 - INFO - [MVP_Pipeline] - --- Processing 76/87: RevolxIT Learning and AI solutions Pvt Ltd(Previously STC Technology) ---
2026-05-16 04:29:33,271 - INFO - [MVP_Pipeline] - [RevolxIT Learning and AI solutions Pvt Ltd(Previously STC Technology)] Stored. DB ID: 449. Commencing analysis...
2026-05-16 04:29:33,660 - INFO - [MVP_Pipeline] - [RevolxIT Learning and AI solutions Pvt Ltd(Previously STC Technology)] Pipeline completed successfully. Opportunity Score: 75.5
2026-05-16 04:29:33,660 - INFO - [MVP_Pipeline] - --- Processing 77/87: VETTATH AGENCIES ---
2026-05-16 04:29:33,718 - INFO - [MVP_Pipeline] - [VETTATH AGENCIES] Stored. DB ID: 450. Commencing analysis...
2026-05-16 04:29:34,052 - INFO - [MVP_Pipeline] - [VETTATH AGENCIES] Pipeline completed successfully. Opportunity Score: 90.0
2026-05-16 04:29:34,053 - INFO - [MVP_Pipeline] - --- Processing 78/87: Keyar Agencies ---
2026-05-16 04:29:34,173 - INFO - [MVP_Pipeline] - [Keyar Agencies] Stored. DB ID: 451. Commencing analysis...
2026-05-16 04:29:34,602 - INFO - [MVP_Pipeline] - [Keyar Agencies] Pipeline completed successfully. Opportunity Score: 75.5
2026-05-16 04:29:34,602 - INFO - [MVP_Pipeline] - --- Processing 79/87: Devi Agencies ---
2026-05-16 04:29:34,664 - INFO - [MVP_Pipeline] - Scraped 3 businesses. Moving to processing phase.
2026-05-16 04:29:34,664 - INFO - [MVP_Pipeline] - --- Processing 1/3: Technopark Trivandrum ---
2026-05-16 04:29:34,705 - INFO - [MVP_Pipeline] - [Devi Agencies] Stored. DB ID: 452. Commencing analysis...
2026-05-16 04:29:34,759 - INFO - [MVP_Pipeline] - [Technopark Trivandrum] Stored. DB ID: 453. Commencing analysis...
2026-05-16 04:29:35,263 - INFO - [MVP_Pipeline] - [Devi Agencies] Pipeline completed successfully. Opportunity Score: 90.0
2026-05-16 04:29:35,264 - INFO - [MVP_Pipeline] - --- Processing 80/87: Liberty General Insurance Ltd. ---
2026-05-16 04:29:35,394 - INFO - [MVP_Pipeline] - [Technopark Trivandrum] Pipeline completed successfully. Opportunity Score: 90.0
2026-05-16 04:29:35,394 - INFO - [MVP_Pipeline] - --- Processing 2/3: Scipy Technologies Pvt Ltd ---
2026-05-16 04:29:35,462 - INFO - [MVP_Pipeline] - [Liberty General Insurance Ltd.] Stored. DB ID: 454. Commencing analysis...
2026-05-16 04:29:35,527 - INFO - [MVP_Pipeline] - [Scipy Technologies Pvt Ltd] Stored. DB ID: 455. Commencing analysis...
2026-05-16 04:29:36,065 - INFO - [MVP_Pipeline] - [Liberty General Insurance Ltd.] Pipeline completed successfully. Opportunity Score: 75.5
2026-05-16 04:29:36,066 - INFO - [MVP_Pipeline] - --- Processing 81/87: Vigneswara agency lottery shop ---
2026-05-16 04:29:36,239 - INFO - [MVP_Pipeline] - [Vigneswara agency lottery shop] Stored. DB ID: 456. Commencing analysis...
2026-05-16 04:29:36,347 - INFO - [MVP_Pipeline] - [Scipy Technologies Pvt Ltd] Pipeline completed successfully. Opportunity Score: 75.5
2026-05-16 04:29:36,347 - INFO - [MVP_Pipeline] - --- Processing 3/3: Vinvish Technologies Pvt. Ltd. ---
2026-05-16 04:29:36,462 - INFO - [MVP_Pipeline] - [Vinvish Technologies Pvt. Ltd.] Stored. DB ID: 457. Commencing analysis...
2026-05-16 04:29:36,917 - INFO - [MVP_Pipeline] - [Vigneswara agency lottery shop] Pipeline completed successfully. Opportunity Score: 90.0
2026-05-16 04:29:36,917 - INFO - [MVP_Pipeline] - --- Processing 82/87: ARIES TRAVEL AND HOLIDAYS ---
2026-05-16 04:29:37,091 - INFO - [MVP_Pipeline] - [ARIES TRAVEL AND HOLIDAYS] Stored. DB ID: 458. Commencing analysis...
2026-05-16 04:29:37,141 - INFO - [MVP_Pipeline] - [Vinvish Technologies Pvt. Ltd.] Pipeline completed successfully. Opportunity Score: 75.5
2026-05-16 04:29:37,141 - INFO - [MVP_Pipeline] - ========== PIPELINE FINISHED ==========
2026-05-16 04:29:37,142 - INFO - [MVP_Pipeline] - Successfully processed 3/3 businesses end-to-end.
2026-05-16 04:29:37,144 - INFO - [MVP_Pipeline] - Identified 3 high-priority leads:
2026-05-16 04:29:37,144 - INFO - [MVP_Pipeline] - - Dr.Nathanis Diagnostic Clinic (90.00/100 opportunity)
2026-05-16 04:29:37,144 - INFO - [MVP_Pipeline] - - Dr.Nathanis Diagnostic Clinic (90.00/100 opportunity)
2026-05-16 04:29:37,144 - INFO - [MVP_Pipeline] - - Aryaas Park Veg Restaurant (90.00/100 opportunity)
2026-05-16 04:29:37,144 - INFO - [MVP_Pipeline] - Executing search for: 'shops in Thiruvananthapuram, kerala, India'
2026-05-16 04:29:37,144 - INFO - [MVP_Pipeline] - ========== PIPELINE STARTED: 'shops in Thiruvananthapuram, kerala, India' ==========
2026-05-16 04:29:37,144 - INFO - [MVP_Pipeline] - Phase 1: Scraping Google Maps...
2026-05-16 04:29:37,512 - INFO - [MVP_Pipeline] - [ARIES TRAVEL AND HOLIDAYS] Pipeline completed successfully. Opportunity Score: 90.0
2026-05-16 04:29:37,512 - INFO - [MVP_Pipeline] - --- Processing 83/87: Aavin Milk and Milk Products Authorised Distributor - Quality Agencies ---
2026-05-16 04:29:37,605 - INFO - [MVP_Pipeline] - [Aavin Milk and Milk Products Authorised Distributor - Quality Agencies] Stored. DB ID: 459. Commencing analysis...
2026-05-16 04:29:38,215 - INFO - [MVP_Pipeline] - [Aavin Milk and Milk Products Authorised Distributor - Quality Agencies] Pipeline completed successfully. Opportunity Score: 90.0
2026-05-16 04:29:38,216 - INFO - [MVP_Pipeline] - --- Processing 84/87: Pest Control & Cleaning Services ---
2026-05-16 04:29:38,344 - INFO - [MVP_Pipeline] - [Pest Control & Cleaning Services] Stored. DB ID: 460. Commencing analysis...
2026-05-16 04:29:39,075 - INFO - [MVP_Pipeline] - [Pest Control & Cleaning Services] Pipeline completed successfully. Opportunity Score: 75.5
2026-05-16 04:29:39,075 - INFO - [MVP_Pipeline] - --- Processing 85/87: Heavens ---
2026-05-16 04:29:39,149 - INFO - [MVP_Pipeline] - [Heavens] Stored. DB ID: 461. Commencing analysis...
2026-05-16 04:29:39,499 - INFO - [MVP_Pipeline] - [Heavens] Pipeline completed successfully. Opportunity Score: 75.5
2026-05-16 04:29:39,499 - INFO - [MVP_Pipeline] - --- Processing 86/87: Kerala Matrimony, part of Matrimony Group - Vazhuthacaud, Trivandrum ---
2026-05-16 04:29:39,684 - INFO - [MVP_Pipeline] - [Kerala Matrimony, part of Matrimony Group - Vazhuthacaud, Trivandrum] Stored. DB ID: 462. Commencing analysis...
2026-05-16 04:29:40,280 - INFO - [MVP_Pipeline] - [Kerala Matrimony, part of Matrimony Group - Vazhuthacaud, Trivandrum] Pipeline completed successfully. Opportunity Score: 75.5
2026-05-16 04:29:40,281 - INFO - [MVP_Pipeline] - --- Processing 87/87: We Care Facility Management Services ---
2026-05-16 04:29:40,500 - INFO - [MVP_Pipeline] - [We Care Facility Management Services] Stored. DB ID: 463. Commencing analysis...
2026-05-16 04:29:41,240 - INFO - [MVP_Pipeline] - [We Care Facility Management Services] Pipeline completed successfully. Opportunity Score: 90.0
2026-05-16 04:29:41,241 - INFO - [MVP_Pipeline] - ========== PIPELINE FINISHED ==========
2026-05-16 04:29:41,241 - INFO - [MVP_Pipeline] - Successfully processed 87/87 businesses end-to-end.
2026-05-16 04:29:41,243 - INFO - [MVP_Pipeline] - Identified 3 high-priority leads:
2026-05-16 04:29:41,243 - INFO - [MVP_Pipeline] - - Dr.Nathanis Diagnostic Clinic (90.00/100 opportunity)
2026-05-16 04:29:41,243 - INFO - [MVP_Pipeline] - - Dr.Nathanis Diagnostic Clinic (90.00/100 opportunity)
2026-05-16 04:29:41,243 - INFO - [MVP_Pipeline] - - Aryaas Park Veg Restaurant (90.00/100 opportunity)
2026-05-16 04:29:41,243 - INFO - [MVP_Pipeline] - Executing search for: 'services in Thiruvananthapuram, kerala, India'
2026-05-16 04:29:41,243 - INFO - [MVP_Pipeline] - ========== PIPELINE STARTED: 'services in Thiruvananthapuram, kerala, India' ==========
2026-05-16 04:29:41,243 - INFO - [MVP_Pipeline] - Phase 1: Scraping Google Maps...
2026-05-16 04:31:16,063 - INFO - [MVP_Pipeline] - Scraped 3 businesses. Moving to processing phase.
2026-05-16 04:31:16,064 - INFO - [MVP_Pipeline] - --- Processing 1/3: LuLu Mall Thiruvananthapuram ---
2026-05-16 04:31:16,181 - INFO - [MVP_Pipeline] - [LuLu Mall Thiruvananthapuram] Stored. DB ID: 282. Commencing analysis...
2026-05-16 04:31:16,364 - INFO - [MVP_Pipeline] - [LuLu Mall Thiruvananthapuram] Pipeline completed successfully. Opportunity Score: 75.5
2026-05-16 04:31:16,365 - INFO - [MVP_Pipeline] - --- Processing 2/3: Variety Mall ---
2026-05-16 04:31:16,396 - INFO - [MVP_Pipeline] - [Variety Mall] Stored. DB ID: 271. Commencing analysis...
2026-05-16 04:31:16,661 - INFO - [MVP_Pipeline] - [Variety Mall] Pipeline completed successfully. Opportunity Score: 75.5
2026-05-16 04:31:16,661 - INFO - [MVP_Pipeline] - --- Processing 3/3: Ramachandran Textiles ---
2026-05-16 04:31:16,692 - INFO - [MVP_Pipeline] - [Ramachandran Textiles] Stored. DB ID: 266. Commencing analysis...
2026-05-16 04:31:16,868 - INFO - [MVP_Pipeline] - [Ramachandran Textiles] Pipeline completed successfully. Opportunity Score: 75.5
2026-05-16 04:31:16,869 - INFO - [MVP_Pipeline] - ========== PIPELINE FINISHED ==========
2026-05-16 04:31:16,871 - INFO - [MVP_Pipeline] - Successfully processed 3/3 businesses end-to-end.
2026-05-16 04:31:16,875 - INFO - [MVP_Pipeline] - Identified 3 high-priority leads:
2026-05-16 04:31:16,875 - INFO - [MVP_Pipeline] - - Dr.Nathanis Diagnostic Clinic (90.00/100 opportunity)
2026-05-16 04:31:16,875 - INFO - [MVP_Pipeline] - - Dr.Nathanis Diagnostic Clinic (90.00/100 opportunity)
2026-05-16 04:31:16,875 - INFO - [MVP_Pipeline] - - Aryaas Park Veg Restaurant (90.00/100 opportunity)
2026-05-16 04:31:16,875 - INFO - [MVP_Pipeline] - Executing search for: 'hospitals in Thiruvananthapuram, kerala, India'
2026-05-16 04:31:16,875 - INFO - [MVP_Pipeline] - ========== PIPELINE STARTED: 'hospitals in Thiruvananthapuram, kerala, India' ==========
2026-05-16 04:31:16,875 - INFO - [MVP_Pipeline] - Phase 1: Scraping Google Maps...
2026-05-16 04:32:50,240 - INFO - [MVP_Pipeline] - Scraped 3 businesses. Moving to processing phase.
2026-05-16 04:32:50,240 - INFO - [MVP_Pipeline] - --- Processing 1/3: SP Medifort Hospital ---
2026-05-16 04:32:50,351 - INFO - [MVP_Pipeline] - [SP Medifort Hospital] Stored. DB ID: 31. Commencing analysis...
2026-05-16 04:32:50,544 - INFO - [MVP_Pipeline] - [SP Medifort Hospital] Pipeline completed successfully. Opportunity Score: 75.5
2026-05-16 04:32:50,545 - INFO - [MVP_Pipeline] - --- Processing 2/3: Sree Uthradom Thirunal (SUT) Hospital ---
2026-05-16 04:32:50,577 - INFO - [MVP_Pipeline] - [Sree Uthradom Thirunal (SUT) Hospital] Stored. DB ID: 33. Commencing analysis...
2026-05-16 04:32:50,761 - INFO - [MVP_Pipeline] - [Sree Uthradom Thirunal (SUT) Hospital] Pipeline completed successfully. Opportunity Score: 75.5
2026-05-16 04:32:50,762 - INFO - [MVP_Pipeline] - --- Processing 3/3: GG Hospital ---
2026-05-16 04:32:50,794 - INFO - [MVP_Pipeline] - [GG Hospital] Stored. DB ID: 35. Commencing analysis...
2026-05-16 04:32:50,923 - INFO - [MVP_Pipeline] - [GG Hospital] Pipeline completed successfully. Opportunity Score: 75.5
2026-05-16 04:32:50,923 - INFO - [MVP_Pipeline] - ========== PIPELINE FINISHED ==========
2026-05-16 04:32:50,923 - INFO - [MVP_Pipeline] - Successfully processed 3/3 businesses end-to-end.
2026-05-16 04:32:50,927 - INFO - [MVP_Pipeline] - Identified 3 high-priority leads:
2026-05-16 04:32:50,927 - INFO - [MVP_Pipeline] - - Dr.Nathanis Diagnostic Clinic (90.00/100 opportunity)
2026-05-16 04:32:50,927 - INFO - [MVP_Pipeline] - - Dr.Nathanis Diagnostic Clinic (90.00/100 opportunity)
2026-05-16 04:32:50,927 - INFO - [MVP_Pipeline] - - Aryaas Park Veg Restaurant (90.00/100 opportunity)
2026-05-16 04:32:50,927 - INFO - [MVP_Pipeline] - Executing search for: 'clinics in Thiruvananthapuram, kerala, India'
2026-05-16 04:32:50,927 - INFO - [MVP_Pipeline] - ========== PIPELINE STARTED: 'clinics in Thiruvananthapuram, kerala, India' ==========
2026-05-16 04:32:50,927 - INFO - [MVP_Pipeline] - Phase 1: Scraping Google Maps...
2026-05-16 04:34:23,387 - INFO - [MVP_Pipeline] - Scraped 3 businesses. Moving to processing phase.
2026-05-16 04:34:23,387 - INFO - [MVP_Pipeline] - --- Processing 1/3: Dr Anugra Baburaj Cosmetologist | Skin Care Clinic Trivandrum ---
2026-05-16 04:34:23,506 - INFO - [MVP_Pipeline] - [Dr Anugra Baburaj Cosmetologist | Skin Care Clinic Trivandrum] Stored. DB ID: 66. Commencing analysis...
2026-05-16 04:34:23,726 - INFO - [MVP_Pipeline] - [Dr Anugra Baburaj Cosmetologist | Skin Care Clinic Trivandrum] Pipeline completed successfully. Opportunity Score: 75.5
2026-05-16 04:34:23,726 - INFO - [MVP_Pipeline] - --- Processing 2/3: Dr. Yogiraj Centre for Dermatology & Cosmetology Hair transplantation ---
2026-05-16 04:34:23,759 - INFO - [MVP_Pipeline] - [Dr. Yogiraj Centre for Dermatology & Cosmetology Hair transplantation] Stored. DB ID: 42. Commencing analysis...
2026-05-16 04:34:24,012 - INFO - [MVP_Pipeline] - [Dr. Yogiraj Centre for Dermatology & Cosmetology Hair transplantation] Pipeline completed successfully. Opportunity Score: 75.5
2026-05-16 04:34:24,012 - INFO - [MVP_Pipeline] - --- Processing 3/3: Ageless Skin Clinic ---
2026-05-16 04:34:24,044 - INFO - [MVP_Pipeline] - [Ageless Skin Clinic] Stored. DB ID: 79. Commencing analysis...
2026-05-16 04:34:24,175 - INFO - [MVP_Pipeline] - [Ageless Skin Clinic] Pipeline completed successfully. Opportunity Score: 75.5
2026-05-16 04:34:24,175 - INFO - [MVP_Pipeline] - ========== PIPELINE FINISHED ==========
2026-05-16 04:34:24,175 - INFO - [MVP_Pipeline] - Successfully processed 3/3 businesses end-to-end.
2026-05-16 04:34:24,176 - INFO - [MVP_Pipeline] - Identified 3 high-priority leads:
2026-05-16 04:34:24,177 - INFO - [MVP_Pipeline] - - Dr.Nathanis Diagnostic Clinic (90.00/100 opportunity)
2026-05-16 04:34:24,177 - INFO - [MVP_Pipeline] - - Dr.Nathanis Diagnostic Clinic (90.00/100 opportunity)
2026-05-16 04:34:24,177 - INFO - [MVP_Pipeline] - - Aryaas Park Veg Restaurant (90.00/100 opportunity)
2026-05-16 04:34:24,177 - INFO - [MVP_Pipeline] - Executing search for: 'restaurants in Thiruvananthapuram, kerala, India'
2026-05-16 04:34:24,177 - INFO - [MVP_Pipeline] - ========== PIPELINE STARTED: 'restaurants in Thiruvananthapuram, kerala, India' ==========
2026-05-16 04:34:24,177 - INFO - [MVP_Pipeline] - Phase 1: Scraping Google Maps...
2026-05-16 04:35:43,988 - INFO - [MVP_Pipeline] - Scraped 3 businesses. Moving to processing phase.
2026-05-16 04:35:43,988 - INFO - [MVP_Pipeline] - --- Processing 1/3: Cafe Jade - All Day Dining (24X7) ---
2026-05-16 04:35:44,017 - INFO - [MVP_Pipeline] - [Cafe Jade - All Day Dining (24X7)] Stored. DB ID: 47. Commencing analysis...
2026-05-16 04:35:44,206 - INFO - [MVP_Pipeline] - [Cafe Jade - All Day Dining (24X7)] Pipeline completed successfully. Opportunity Score: 75.5
2026-05-16 04:35:44,206 - INFO - [MVP_Pipeline] - --- Processing 2/3: Villa Maya ---
2026-05-16 04:35:44,237 - INFO - [MVP_Pipeline] - [Villa Maya] Stored. DB ID: 48. Commencing analysis...
2026-05-16 04:35:44,472 - INFO - [MVP_Pipeline] - [Villa Maya] Pipeline completed successfully. Opportunity Score: 75.5
2026-05-16 04:35:44,472 - INFO - [MVP_Pipeline] - --- Processing 3/3: Paragon Restaurant ---
2026-05-16 04:35:44,504 - INFO - [MVP_Pipeline] - [Paragon Restaurant] Stored. DB ID: 49. Commencing analysis...
2026-05-16 04:35:44,635 - INFO - [MVP_Pipeline] - [Paragon Restaurant] Pipeline completed successfully. Opportunity Score: 75.5
2026-05-16 04:35:44,635 - INFO - [MVP_Pipeline] - ========== PIPELINE FINISHED ==========
2026-05-16 04:35:44,635 - INFO - [MVP_Pipeline] - Successfully processed 3/3 businesses end-to-end.
2026-05-16 04:35:44,638 - INFO - [MVP_Pipeline] - Identified 3 high-priority leads:
2026-05-16 04:35:44,639 - INFO - [MVP_Pipeline] - - Dr.Nathanis Diagnostic Clinic (90.00/100 opportunity)
2026-05-16 04:35:44,639 - INFO - [MVP_Pipeline] - - Dr.Nathanis Diagnostic Clinic (90.00/100 opportunity)
2026-05-16 04:35:44,639 - INFO - [MVP_Pipeline] - - Aryaas Park Veg Restaurant (90.00/100 opportunity)
2026-05-16 04:35:44,639 - INFO - [MVP_Pipeline] - Executing search for: 'retail stores in Thiruvananthapuram, kerala, India'
2026-05-16 04:35:44,639 - INFO - [MVP_Pipeline] - ========== PIPELINE STARTED: 'retail stores in Thiruvananthapuram, kerala, India' ==========
2026-05-16 04:35:44,639 - INFO - [MVP_Pipeline] - Phase 1: Scraping Google Maps...
2026-05-16 04:37:03,762 - INFO - [MVP_Pipeline] - Scraped 3 businesses. Moving to processing phase.
2026-05-16 04:37:03,762 - INFO - [MVP_Pipeline] - --- Processing 1/3: Style PLUS ---
2026-05-16 04:37:03,880 - INFO - [MVP_Pipeline] - [Style PLUS] Stored. DB ID: 268. Commencing analysis...
2026-05-16 04:37:04,088 - INFO - [MVP_Pipeline] - [Style PLUS] Pipeline completed successfully. Opportunity Score: 75.5
2026-05-16 04:37:04,089 - INFO - [MVP_Pipeline] - --- Processing 2/3: Ramachandran Textiles ---
2026-05-16 04:37:04,123 - INFO - [MVP_Pipeline] - [Ramachandran Textiles] Stored. DB ID: 266. Commencing analysis...
2026-05-16 04:37:04,308 - INFO - [MVP_Pipeline] - [Ramachandran Textiles] Pipeline completed successfully. Opportunity Score: 75.5
2026-05-16 04:37:04,308 - INFO - [MVP_Pipeline] - --- Processing 3/3: Variety Mall ---
2026-05-16 04:37:04,341 - INFO - [MVP_Pipeline] - [Variety Mall] Stored. DB ID: 271. Commencing analysis...
2026-05-16 04:37:04,471 - INFO - [MVP_Pipeline] - [Variety Mall] Pipeline completed successfully. Opportunity Score: 75.5
2026-05-16 04:37:04,471 - INFO - [MVP_Pipeline] - ========== PIPELINE FINISHED ==========
2026-05-16 04:37:04,471 - INFO - [MVP_Pipeline] - Successfully processed 3/3 businesses end-to-end.
2026-05-16 04:37:04,473 - INFO - [MVP_Pipeline] - Identified 3 high-priority leads:
2026-05-16 04:37:04,473 - INFO - [MVP_Pipeline] - - Dr.Nathanis Diagnostic Clinic (90.00/100 opportunity)
2026-05-16 04:37:04,473 - INFO - [MVP_Pipeline] - - Dr.Nathanis Diagnostic Clinic (90.00/100 opportunity)
2026-05-16 04:37:04,473 - INFO - [MVP_Pipeline] - - Aryaas Park Veg Restaurant (90.00/100 opportunity)
2026-05-16 04:37:04,473 - INFO - [MVP_Pipeline] - Executing search for: 'agencies in Thiruvananthapuram, kerala, India'
2026-05-16 04:37:04,473 - INFO - [MVP_Pipeline] - ========== PIPELINE STARTED: 'agencies in Thiruvananthapuram, kerala, India' ==========
2026-05-16 04:37:04,473 - INFO - [MVP_Pipeline] - Phase 1: Scraping Google Maps...
2026-05-16 04:38:27,627 - INFO - [MVP_Pipeline] - Scraped 3 businesses. Moving to processing phase.
2026-05-16 04:38:27,627 - INFO - [MVP_Pipeline] - --- Processing 1/3: Worldstar Enterprises, Trivandrum jobs ---
2026-05-16 04:38:27,659 - INFO - [MVP_Pipeline] - [Worldstar Enterprises, Trivandrum jobs] Stored. DB ID: 51. Commencing analysis...
2026-05-16 04:38:27,834 - INFO - [MVP_Pipeline] - [Worldstar Enterprises, Trivandrum jobs] Pipeline completed successfully. Opportunity Score: 75.5
2026-05-16 04:38:27,834 - INFO - [MVP_Pipeline] - --- Processing 2/3: Career Home | Placement Service, Facility Management and Job consultancy ---
2026-05-16 04:38:27,866 - INFO - [MVP_Pipeline] - [Career Home | Placement Service, Facility Management and Job consultancy] Stored. DB ID: 326. Commencing analysis...
2026-05-16 04:38:28,048 - INFO - [MVP_Pipeline] - [Career Home | Placement Service, Facility Management and Job consultancy] Pipeline completed successfully. Opportunity Score: 75.5
2026-05-16 04:38:28,049 - INFO - [MVP_Pipeline] - --- Processing 3/3: RCD HR SOLUTIONS ---
2026-05-16 04:38:28,081 - INFO - [MVP_Pipeline] - [RCD HR SOLUTIONS] Stored. DB ID: 52. Commencing analysis...
2026-05-16 04:38:28,207 - INFO - [MVP_Pipeline] - [RCD HR SOLUTIONS] Pipeline completed successfully. Opportunity Score: 90.0
2026-05-16 04:38:28,208 - INFO - [MVP_Pipeline] - ========== PIPELINE FINISHED ==========
2026-05-16 04:38:28,208 - INFO - [MVP_Pipeline] - Successfully processed 3/3 businesses end-to-end.
2026-05-16 04:38:28,211 - INFO - [MVP_Pipeline] - Identified 3 high-priority leads:
2026-05-16 04:38:28,211 - INFO - [MVP_Pipeline] - - Dr.Nathanis Diagnostic Clinic (90.00/100 opportunity)
2026-05-16 04:38:28,211 - INFO - [MVP_Pipeline] - - Dr.Nathanis Diagnostic Clinic (90.00/100 opportunity)
2026-05-16 04:38:28,211 - INFO - [MVP_Pipeline] - - Aryaas Park Veg Restaurant (90.00/100 opportunity)
2026-05-16 04:38:28,211 - INFO - [MVP_Pipeline] - Executing search for: 'services in Thiruvananthapuram, kerala, India'
2026-05-16 04:38:28,211 - INFO - [MVP_Pipeline] - ========== PIPELINE STARTED: 'services in Thiruvananthapuram, kerala, India' ==========
2026-05-16 04:38:28,211 - INFO - [MVP_Pipeline] - Phase 1: Scraping Google Maps...
2026-05-16 04:39:30,551 - INFO - [MVP_Pipeline] - Scraped 3 businesses. Moving to processing phase.
2026-05-16 04:39:30,552 - INFO - [MVP_Pipeline] - --- Processing 1/3: KERALA UNIVERSITY TRANSCRIPT/ATTESTATION SERVICES/ABS TRANSCRIPT/ABSEDUCATIONSERVICE ---
2026-05-16 04:39:30,648 - INFO - [MVP_Pipeline] - [KERALA UNIVERSITY TRANSCRIPT/ATTESTATION SERVICES/ABS TRANSCRIPT/ABSEDUCATIONSERVICE] Stored. DB ID: 65. Commencing analysis...
2026-05-16 04:39:30,983 - INFO - [MVP_Pipeline] - [KERALA UNIVERSITY TRANSCRIPT/ATTESTATION SERVICES/ABS TRANSCRIPT/ABSEDUCATIONSERVICE] Pipeline completed successfully. Opportunity Score: 75.5
2026-05-16 04:39:30,983 - INFO - [MVP_Pipeline] - --- Processing 2/3: My Secretary Services ---
2026-05-16 04:39:31,015 - INFO - [MVP_Pipeline] - [My Secretary Services] Stored. DB ID: 55. Commencing analysis...
2026-05-16 04:39:31,203 - INFO - [MVP_Pipeline] - [My Secretary Services] Pipeline completed successfully. Opportunity Score: 75.5
2026-05-16 04:39:31,203 - INFO - [MVP_Pipeline] - --- Processing 3/3: Lenovo Service Center - CTDI Globle Infocom ---
2026-05-16 04:39:31,239 - INFO - [MVP_Pipeline] - [Lenovo Service Center - CTDI Globle Infocom] Stored. DB ID: 484. Commencing analysis...
2026-05-16 04:39:31,437 - INFO - [MVP_Pipeline] - [Lenovo Service Center - CTDI Globle Infocom] Pipeline completed successfully. Opportunity Score: 90.0
2026-05-16 04:39:31,438 - INFO - [MVP_Pipeline] - ========== PIPELINE FINISHED ==========
2026-05-16 04:39:31,438 - INFO - [MVP_Pipeline] - Successfully processed 3/3 businesses end-to-end.
2026-05-16 04:39:31,442 - INFO - [MVP_Pipeline] - Identified 3 high-priority leads:
2026-05-16 04:39:31,442 - INFO - [MVP_Pipeline] - - Dr.Nathanis Diagnostic Clinic (90.00/100 opportunity)
2026-05-16 04:39:31,442 - INFO - [MVP_Pipeline] - - Dr.Nathanis Diagnostic Clinic (90.00/100 opportunity)
2026-05-16 04:39:31,442 - INFO - [MVP_Pipeline] - - Aryaas Park Veg Restaurant (90.00/100 opportunity)
2026-05-16 04:39:31,442 - INFO - [MVP_Pipeline] - Executing search for: 'factories in Thiruvananthapuram, kerala, India'
2026-05-16 04:39:31,443 - INFO - [MVP_Pipeline] - ========== PIPELINE STARTED: 'factories in Thiruvananthapuram, kerala, India' ==========
2026-05-16 04:39:31,443 - INFO - [MVP_Pipeline] - Phase 1: Scraping Google Maps...
2026-05-16 04:40:57,085 - INFO - [MVP_Pipeline] - Scraped 3 businesses. Moving to processing phase.
2026-05-16 04:40:57,085 - INFO - [MVP_Pipeline] - --- Processing 1/3: Travancore Titanium Products Limited ---
2026-05-16 04:40:57,120 - INFO - [MVP_Pipeline] - [Travancore Titanium Products Limited] Stored. DB ID: 485. Commencing analysis...
2026-05-16 04:40:57,770 - INFO - [MVP_Pipeline] - [Travancore Titanium Products Limited] Pipeline completed successfully. Opportunity Score: 75.5
2026-05-16 04:40:57,770 - INFO - [MVP_Pipeline] - --- Processing 2/3: The India Cements Ltd ---
2026-05-16 04:41:00,114 - INFO - [MVP_Pipeline] - [The India Cements Ltd] Stored. DB ID: 62. Commencing analysis...
2026-05-16 04:41:00,398 - INFO - [MVP_Pipeline] - [The India Cements Ltd] Pipeline completed successfully. Opportunity Score: 75.5
2026-05-16 04:41:00,399 - INFO - [MVP_Pipeline] - --- Processing 3/3: Fresh N Fine Products (India) Pvt. Ltd ---
2026-05-16 04:41:00,431 - INFO - [MVP_Pipeline] - [Fresh N Fine Products (India) Pvt. Ltd] Stored. DB ID: 487. Commencing analysis...
2026-05-16 04:41:00,609 - INFO - [MVP_Pipeline] - [Fresh N Fine Products (India) Pvt. Ltd] Pipeline completed successfully. Opportunity Score: 75.5
2026-05-16 04:41:00,609 - INFO - [MVP_Pipeline] - ========== PIPELINE FINISHED ==========
2026-05-16 04:41:00,609 - INFO - [MVP_Pipeline] - Successfully processed 3/3 businesses end-to-end.
2026-05-16 04:41:00,612 - INFO - [MVP_Pipeline] - Identified 3 high-priority leads:
2026-05-16 04:41:00,612 - INFO - [MVP_Pipeline] - - Dr.Nathanis Diagnostic Clinic (90.00/100 opportunity)
2026-05-16 04:41:00,612 - INFO - [MVP_Pipeline] - - Dr.Nathanis Diagnostic Clinic (90.00/100 opportunity)
2026-05-16 04:41:00,612 - INFO - [MVP_Pipeline] - - Aryaas Park Veg Restaurant (90.00/100 opportunity)
2026-05-16 05:22:21,928 - INFO - [MVP_Pipeline] - Scraped 100 businesses. Moving to processing phase.
2026-05-16 05:22:22,003 - INFO - [MVP_Pipeline] - --- Processing 1/100: AM Customer Service Point ---
2026-05-16 05:22:22,110 - INFO - [MVP_Pipeline] - [AM Customer Service Point] Stored. DB ID: 54. Commencing analysis...
2026-05-16 05:22:22,304 - INFO - [MVP_Pipeline] - [AM Customer Service Point] Pipeline completed successfully. Opportunity Score: 90.0
2026-05-16 05:22:22,304 - INFO - [MVP_Pipeline] - --- Processing 2/100: SEWA Kerala ---
2026-05-16 05:22:22,337 - INFO - [MVP_Pipeline] - [SEWA Kerala] Stored. DB ID: 489. Commencing analysis...
2026-05-16 05:22:22,547 - INFO - [MVP_Pipeline] - [SEWA Kerala] Pipeline completed successfully. Opportunity Score: 90.0
2026-05-16 05:22:22,547 - INFO - [MVP_Pipeline] - --- Processing 3/100: Capital house keeping service ---
2026-05-16 05:22:22,579 - INFO - [MVP_Pipeline] - [Capital house keeping service] Stored. DB ID: 63. Commencing analysis...
2026-05-16 05:22:22,764 - INFO - [MVP_Pipeline] - [Capital house keeping service] Pipeline completed successfully. Opportunity Score: 75.5
2026-05-16 05:22:22,764 - INFO - [MVP_Pipeline] - --- Processing 4/100: Apple Authorized Service Centre - F1 Info Services, Trivandrum ---
2026-05-16 05:22:22,796 - INFO - [MVP_Pipeline] - [Apple Authorized Service Centre - F1 Info Services, Trivandrum] Stored. DB ID: 491. Commencing analysis...
2026-05-16 05:22:22,966 - INFO - [MVP_Pipeline] - [Apple Authorized Service Centre - F1 Info Services, Trivandrum] Pipeline completed successfully. Opportunity Score: 75.5
2026-05-16 05:22:22,966 - INFO - [MVP_Pipeline] - --- Processing 5/100: No service ---
2026-05-16 05:22:23,046 - INFO - [MVP_Pipeline] - [No service] Stored. DB ID: 492. Commencing analysis...
2026-05-16 05:22:23,224 - INFO - [MVP_Pipeline] - [No service] Pipeline completed successfully. Opportunity Score: 90.0
2026-05-16 05:22:23,225 - INFO - [MVP_Pipeline] - --- Processing 6/100: Clean & Clean Hygiene Services ---
2026-05-16 05:22:23,305 - INFO - [MVP_Pipeline] - [Clean & Clean Hygiene Services] Stored. DB ID: 493. Commencing analysis...
2026-05-16 05:22:23,474 - INFO - [MVP_Pipeline] - [Clean & Clean Hygiene Services] Pipeline completed successfully. Opportunity Score: 90.0
2026-05-16 05:22:23,474 - INFO - [MVP_Pipeline] - --- Processing 7/100: Trinity Solutions- Sony Authorized Service Center, Trivandrum ---
2026-05-16 05:22:23,515 - INFO - [MVP_Pipeline] - [Trinity Solutions- Sony Authorized Service Center, Trivandrum] Stored. DB ID: 56. Commencing analysis...
2026-05-16 05:22:23,716 - INFO - [MVP_Pipeline] - [Trinity Solutions- Sony Authorized Service Center, Trivandrum] Pipeline completed successfully. Opportunity Score: 75.5
2026-05-16 05:22:23,717 - INFO - [MVP_Pipeline] - --- Processing 8/100: KERALA UNIVERSITY TRANSCRIPT/ATTESTATION SERVICES/ABS TRANSCRIPT/ABSEDUCATIONSERVICE ---
2026-05-16 05:22:23,789 - INFO - [MVP_Pipeline] - [KERALA UNIVERSITY TRANSCRIPT/ATTESTATION SERVICES/ABS TRANSCRIPT/ABSEDUCATIONSERVICE] Stored. DB ID: 65. Commencing analysis...
2026-05-16 05:22:23,902 - INFO - [MVP_Pipeline] - [KERALA UNIVERSITY TRANSCRIPT/ATTESTATION SERVICES/ABS TRANSCRIPT/ABSEDUCATIONSERVICE] Pipeline completed successfully. Opportunity Score: 75.5
2026-05-16 05:22:23,902 - INFO - [MVP_Pipeline] - --- Processing 9/100: My Secretary Services ---
2026-05-16 05:22:23,926 - INFO - [MVP_Pipeline] - [My Secretary Services] Stored. DB ID: 55. Commencing analysis...
2026-05-16 05:22:24,088 - INFO - [MVP_Pipeline] - [My Secretary Services] Pipeline completed successfully. Opportunity Score: 75.5
2026-05-16 05:22:24,088 - INFO - [MVP_Pipeline] - --- Processing 10/100: AV SERVICES ---
2026-05-16 05:22:24,168 - INFO - [MVP_Pipeline] - [AV SERVICES] Stored. DB ID: 497. Commencing analysis...
2026-05-16 05:22:24,297 - INFO - [MVP_Pipeline] - [AV SERVICES] Pipeline completed successfully. Opportunity Score: 90.0
2026-05-16 05:22:24,297 - INFO - [MVP_Pipeline] - --- Processing 11/100: Service Expert ---
2026-05-16 05:22:24,322 - INFO - [MVP_Pipeline] - [Service Expert] Stored. DB ID: 498. Commencing analysis...
2026-05-16 05:22:24,500 - INFO - [MVP_Pipeline] - [Service Expert] Pipeline completed successfully. Opportunity Score: 90.0
2026-05-16 05:22:24,500 - INFO - [MVP_Pipeline] - --- Processing 12/100: Home Nursing and House Maid Service Trivandrum ---
2026-05-16 05:22:24,539 - INFO - [MVP_Pipeline] - [Home Nursing and House Maid Service Trivandrum] Stored. DB ID: 499. Commencing analysis...
2026-05-16 05:22:24,701 - INFO - [MVP_Pipeline] - [Home Nursing and House Maid Service Trivandrum] Pipeline completed successfully. Opportunity Score: 75.5
2026-05-16 05:22:24,701 - INFO - [MVP_Pipeline] - --- Processing 13/100: The Kerala Service Company Ltd ---
2026-05-16 05:22:24,725 - INFO - [MVP_Pipeline] - [The Kerala Service Company Ltd] Stored. DB ID: 500. Commencing analysis...
2026-05-16 05:22:24,886 - INFO - [MVP_Pipeline] - [The Kerala Service Company Ltd] Pipeline completed successfully. Opportunity Score: 90.0
2026-05-16 05:22:24,887 - INFO - [MVP_Pipeline] - --- Processing 14/100: Total Care Security ---
2026-05-16 05:22:24,918 - INFO - [MVP_Pipeline] - [Total Care Security] Stored. DB ID: 501. Commencing analysis...
2026-05-16 05:22:25,088 - INFO - [MVP_Pipeline] - [Total Care Security] Pipeline completed successfully. Opportunity Score: 75.5
2026-05-16 05:22:25,088 - INFO - [MVP_Pipeline] - --- Processing 15/100: Mr. Handyman ---
2026-05-16 05:22:25,112 - INFO - [MVP_Pipeline] - [Mr. Handyman] Stored. DB ID: 502. Commencing analysis...
2026-05-16 05:22:25,225 - INFO - [MVP_Pipeline] - [Mr. Handyman] Pipeline completed successfully. Opportunity Score: 75.5
2026-05-16 05:22:25,225 - INFO - [MVP_Pipeline] - --- Processing 16/100: Lenovo Service Center - CTDI Globle Infocom ---
2026-05-16 05:22:25,305 - INFO - [MVP_Pipeline] - [Lenovo Service Center - CTDI Globle Infocom] Stored. DB ID: 484. Commencing analysis...
2026-05-16 05:22:25,420 - INFO - [MVP_Pipeline] - [Lenovo Service Center - CTDI Globle Infocom] Pipeline completed successfully. Opportunity Score: 90.0
2026-05-16 05:22:25,421 - INFO - [MVP_Pipeline] - --- Processing 17/100: Sameway Maintenance Solutions ---
2026-05-16 05:22:25,451 - INFO - [MVP_Pipeline] - [Sameway Maintenance Solutions] Stored. DB ID: 504. Commencing analysis...
2026-05-16 05:22:25,612 - INFO - [MVP_Pipeline] - [Sameway Maintenance Solutions] Pipeline completed successfully. Opportunity Score: 75.5
2026-05-16 05:22:25,613 - INFO - [MVP_Pipeline] - --- Processing 18/100: Philips Engineering Services ---
2026-05-16 05:22:25,644 - INFO - [MVP_Pipeline] - [Philips Engineering Services] Stored. DB ID: 505. Commencing analysis...
2026-05-16 05:22:25,822 - INFO - [MVP_Pipeline] - [Philips Engineering Services] Pipeline completed successfully. Opportunity Score: 90.0
2026-05-16 05:22:25,822 - INFO - [MVP_Pipeline] - --- Processing 19/100: Service Consultants ---
2026-05-16 05:22:25,855 - INFO - [MVP_Pipeline] - [Service Consultants] Stored. DB ID: 506. Commencing analysis...
2026-05-16 05:22:26,033 - INFO - [MVP_Pipeline] - [Service Consultants] Pipeline completed successfully. Opportunity Score: 90.0
2026-05-16 05:22:26,034 - INFO - [MVP_Pipeline] - --- Processing 20/100: Vinayaka Services ---
2026-05-16 05:22:26,072 - INFO - [MVP_Pipeline] - [Vinayaka Services] Stored. DB ID: 507. Commencing analysis...
2026-05-16 05:22:26,250 - INFO - [MVP_Pipeline] - [Vinayaka Services] Pipeline completed successfully. Opportunity Score: 90.0
2026-05-16 05:22:26,250 - INFO - [MVP_Pipeline] - --- Processing 21/100: Grace Care Solution ---
2026-05-16 05:22:26,282 - INFO - [MVP_Pipeline] - [Grace Care Solution] Stored. DB ID: 508. Commencing analysis...
2026-05-16 05:22:26,411 - INFO - [MVP_Pipeline] - [Grace Care Solution] Pipeline completed successfully. Opportunity Score: 90.0
2026-05-16 05:22:26,411 - INFO - [MVP_Pipeline] - --- Processing 22/100: SEO Services in Kerala ---
2026-05-16 05:22:26,491 - INFO - [MVP_Pipeline] - [SEO Services in Kerala] Stored. DB ID: 509. Commencing analysis...
2026-05-16 05:22:26,766 - INFO - [MVP_Pipeline] - [SEO Services in Kerala] Pipeline completed successfully. Opportunity Score: 75.5
2026-05-16 05:22:26,766 - INFO - [MVP_Pipeline] - --- Processing 23/100: Delta Security Services ---
2026-05-16 05:22:26,798 - INFO - [MVP_Pipeline] - [Delta Security Services] Stored. DB ID: 510. Commencing analysis...
2026-05-16 05:22:27,040 - INFO - [MVP_Pipeline] - [Delta Security Services] Pipeline completed successfully. Opportunity Score: 75.5
2026-05-16 05:22:27,040 - INFO - [MVP_Pipeline] - --- Processing 24/100: SS Services ---
2026-05-16 05:22:27,073 - INFO - [MVP_Pipeline] - [SS Services] Stored. DB ID: 511. Commencing analysis...
2026-05-16 05:22:27,266 - INFO - [MVP_Pipeline] - [SS Services] Pipeline completed successfully. Opportunity Score: 90.0
2026-05-16 05:22:27,267 - INFO - [MVP_Pipeline] - --- Processing 25/100: Clean Master ---
2026-05-16 05:22:27,290 - INFO - [MVP_Pipeline] - [Clean Master] Stored. DB ID: 512. Commencing analysis...
2026-05-16 05:22:27,444 - INFO - [MVP_Pipeline] - [Clean Master] Pipeline completed successfully. Opportunity Score: 75.5
2026-05-16 05:22:27,444 - INFO - [MVP_Pipeline] - --- Processing 26/100: Green Placement ---
2026-05-16 05:22:27,468 - INFO - [MVP_Pipeline] - [Green Placement] Stored. DB ID: 513. Commencing analysis...
2026-05-16 05:22:27,629 - INFO - [MVP_Pipeline] - [Green Placement] Pipeline completed successfully. Opportunity Score: 75.5
2026-05-16 05:22:27,630 - INFO - [MVP_Pipeline] - --- Processing 27/100: Malankara Social Service Society ---
2026-05-16 05:22:27,662 - INFO - [MVP_Pipeline] - [Malankara Social Service Society] Stored. DB ID: 514. Commencing analysis...
2026-05-16 05:22:27,823 - INFO - [MVP_Pipeline] - [Malankara Social Service Society] Pipeline completed successfully. Opportunity Score: 75.5
2026-05-16 05:22:27,824 - INFO - [MVP_Pipeline] - --- Processing 28/100: 4 M Security & Allied Services Pvt. Ltd ---
2026-05-16 05:22:27,855 - INFO - [MVP_Pipeline] - [4 M Security & Allied Services Pvt. Ltd] Stored. DB ID: 515. Commencing analysis...
2026-05-16 05:22:27,960 - INFO - [MVP_Pipeline] - [4 M Security & Allied Services Pvt. Ltd] Pipeline completed successfully. Opportunity Score: 75.5
2026-05-16 05:22:27,961 - INFO - [MVP_Pipeline] - --- Processing 29/100: Kerala Public Service Commission ---
2026-05-16 05:22:28,049 - INFO - [MVP_Pipeline] - [Kerala Public Service Commission] Stored. DB ID: 516. Commencing analysis...
2026-05-16 05:22:28,153 - INFO - [MVP_Pipeline] - [Kerala Public Service Commission] Pipeline completed successfully. Opportunity Score: 75.5
2026-05-16 05:22:28,154 - INFO - [MVP_Pipeline] - --- Processing 30/100: Nova Services ---
2026-05-16 05:22:28,178 - INFO - [MVP_Pipeline] - [Nova Services] Stored. DB ID: 517. Commencing analysis...
2026-05-16 05:22:28,469 - INFO - [MVP_Pipeline] - [Nova Services] Pipeline completed successfully. Opportunity Score: 90.0
2026-05-16 05:22:28,469 - INFO - [MVP_Pipeline] - --- Processing 31/100: REFILL STATION ---
2026-05-16 05:22:28,492 - INFO - [MVP_Pipeline] - [REFILL STATION] Stored. DB ID: 518. Commencing analysis...
2026-05-16 05:22:28,646 - INFO - [MVP_Pipeline] - [REFILL STATION] Pipeline completed successfully. Opportunity Score: 75.5
2026-05-16 05:22:28,646 - INFO - [MVP_Pipeline] - --- Processing 32/100: We Care Facility Management Services ---
2026-05-16 05:22:28,671 - INFO - [MVP_Pipeline] - [We Care Facility Management Services] Stored. DB ID: 463. Commencing analysis...
2026-05-16 05:22:28,823 - INFO - [MVP_Pipeline] - [We Care Facility Management Services] Pipeline completed successfully. Opportunity Score: 90.0
2026-05-16 05:22:28,824 - INFO - [MVP_Pipeline] - --- Processing 33/100: Rentokil Initial Hygiene India - Kerala ---
2026-05-16 05:22:28,856 - INFO - [MVP_Pipeline] - [Rentokil Initial Hygiene India - Kerala] Stored. DB ID: 520. Commencing analysis...
2026-05-16 05:22:29,009 - INFO - [MVP_Pipeline] - [Rentokil Initial Hygiene India - Kerala] Pipeline completed successfully. Opportunity Score: 75.5
2026-05-16 05:22:29,009 - INFO - [MVP_Pipeline] - --- Processing 34/100: OM ONLINE SERVICES ---
2026-05-16 05:22:29,033 - INFO - [MVP_Pipeline] - [OM ONLINE SERVICES] Stored. DB ID: 521. Commencing analysis...
2026-05-16 05:22:29,130 - INFO - [MVP_Pipeline] - [OM ONLINE SERVICES] Pipeline completed successfully. Opportunity Score: 90.0
2026-05-16 05:22:29,130 - INFO - [MVP_Pipeline] - --- Processing 35/100: ONLINE SERVICES ---
2026-05-16 05:22:29,202 - INFO - [MVP_Pipeline] - [ONLINE SERVICES] Stored. DB ID: 522. Commencing analysis...
2026-05-16 05:22:29,307 - INFO - [MVP_Pipeline] - [ONLINE SERVICES] Pipeline completed successfully. Opportunity Score: 90.0
2026-05-16 05:22:29,308 - INFO - [MVP_Pipeline] - --- Processing 36/100: Sulabh International Social Service Organisation ---
2026-05-16 05:22:29,332 - INFO - [MVP_Pipeline] - [Sulabh International Social Service Organisation] Stored. DB ID: 523. Commencing analysis...
2026-05-16 05:22:29,477 - INFO - [MVP_Pipeline] - [Sulabh International Social Service Organisation] Pipeline completed successfully. Opportunity Score: 90.0
2026-05-16 05:22:29,477 - INFO - [MVP_Pipeline] - --- Processing 37/100: TrueLine Facility Management Service ---
2026-05-16 05:22:29,501 - INFO - [MVP_Pipeline] - [TrueLine Facility Management Service] Stored. DB ID: 524. Commencing analysis...
2026-05-16 05:22:29,646 - INFO - [MVP_Pipeline] - [TrueLine Facility Management Service] Pipeline completed successfully. Opportunity Score: 90.0
2026-05-16 05:22:29,646 - INFO - [MVP_Pipeline] - --- Processing 38/100: DHL Express (India) Pvt. Ltd ---
2026-05-16 05:22:29,671 - INFO - [MVP_Pipeline] - [DHL Express (India) Pvt. Ltd] Stored. DB ID: 525. Commencing analysis...
2026-05-16 05:22:29,951 - INFO - [MVP_Pipeline] - [DHL Express (India) Pvt. Ltd] Pipeline completed successfully. Opportunity Score: 75.5
2026-05-16 05:22:29,952 - INFO - [MVP_Pipeline] - --- Processing 39/100: RevolxIT Learning and AI solutions Pvt Ltd(Previously STC Technology) ---
2026-05-16 05:22:30,031 - INFO - [MVP_Pipeline] - [RevolxIT Learning and AI solutions Pvt Ltd(Previously STC Technology)] Stored. DB ID: 449. Commencing analysis...
2026-05-16 05:22:30,314 - INFO - [MVP_Pipeline] - [RevolxIT Learning and AI solutions Pvt Ltd(Previously STC Technology)] Pipeline completed successfully. Opportunity Score: 75.5
2026-05-16 05:22:30,315 - INFO - [MVP_Pipeline] - --- Processing 40/100: Civil Service Institute Pala, Trivandrum Campus ---
2026-05-16 05:22:30,386 - INFO - [MVP_Pipeline] - [Civil Service Institute Pala, Trivandrum Campus] Stored. DB ID: 527. Commencing analysis...
2026-05-16 05:22:30,758 - INFO - [MVP_Pipeline] - [Civil Service Institute Pala, Trivandrum Campus] Pipeline completed successfully. Opportunity Score: 75.5
2026-05-16 05:22:30,758 - INFO - [MVP_Pipeline] - --- Processing 41/100: Gate light solutions ---
2026-05-16 05:22:30,832 - INFO - [MVP_Pipeline] - [Gate light solutions] Stored. DB ID: 528. Commencing analysis...
2026-05-16 05:22:31,219 - INFO - [MVP_Pipeline] - [Gate light solutions] Pipeline completed successfully. Opportunity Score: 75.5
2026-05-16 05:22:31,219 - INFO - [MVP_Pipeline] - --- Processing 42/100: Signs & Marks ---
2026-05-16 05:22:31,276 - INFO - [MVP_Pipeline] - [Signs & Marks] Stored. DB ID: 529. Commencing analysis...
2026-05-16 05:22:31,566 - INFO - [MVP_Pipeline] - [Signs & Marks] Pipeline completed successfully. Opportunity Score: 75.5
2026-05-16 05:22:31,566 - INFO - [MVP_Pipeline] - --- Processing 43/100: National career service center for differently abled ---
2026-05-16 05:22:31,631 - INFO - [MVP_Pipeline] - [National career service center for differently abled] Stored. DB ID: 530. Commencing analysis...
2026-05-16 05:22:31,975 - INFO - [MVP_Pipeline] - [National career service center for differently abled] Pipeline completed successfully. Opportunity Score: 75.5
2026-05-16 05:22:31,976 - INFO - [MVP_Pipeline] - --- Processing 44/100: smash cleaning company ---
2026-05-16 05:22:32,042 - INFO - [MVP_Pipeline] - [smash cleaning company] Stored. DB ID: 531. Commencing analysis...
2026-05-16 05:22:32,365 - INFO - [MVP_Pipeline] - [smash cleaning company] Pipeline completed successfully. Opportunity Score: 90.0
2026-05-16 05:22:32,365 - INFO - [MVP_Pipeline] - --- Processing 45/100: SAP Consultancy & Training Services(SAPC) ---
2026-05-16 05:22:32,429 - INFO - [MVP_Pipeline] - [SAP Consultancy & Training Services(SAPC)] Stored. DB ID: 532. Commencing analysis...
2026-05-16 05:22:32,776 - INFO - [MVP_Pipeline] - [SAP Consultancy & Training Services(SAPC)] Pipeline completed successfully. Opportunity Score: 90.0
2026-05-16 05:22:32,776 - INFO - [MVP_Pipeline] - --- Processing 46/100: AVM Facility Management ---
2026-05-16 05:22:32,841 - INFO - [MVP_Pipeline] - [AVM Facility Management] Stored. DB ID: 533. Commencing analysis...
2026-05-16 05:22:33,243 - INFO - [MVP_Pipeline] - [AVM Facility Management] Pipeline completed successfully. Opportunity Score: 75.5
2026-05-16 05:22:33,243 - INFO - [MVP_Pipeline] - --- Processing 47/100: BASE LANDS Services & Solutions Consultants ---
2026-05-16 05:22:33,284 - INFO - [MVP_Pipeline] - [BASE LANDS Services & Solutions Consultants] Stored. DB ID: 534. Commencing analysis...
2026-05-16 05:22:33,736 - INFO - [MVP_Pipeline] - [BASE LANDS Services & Solutions Consultants] Pipeline completed successfully. Opportunity Score: 90.0
2026-05-16 05:22:33,736 - INFO - [MVP_Pipeline] - --- Processing 48/100: Thalikkunnil Sales Incorporate ---
2026-05-16 05:22:33,801 - INFO - [MVP_Pipeline] - [Thalikkunnil Sales Incorporate] Stored. DB ID: 440. Commencing analysis...
2026-05-16 05:22:34,154 - INFO - [MVP_Pipeline] - [Thalikkunnil Sales Incorporate] Pipeline completed successfully. Opportunity Score: 75.5
2026-05-16 05:22:34,154 - INFO - [MVP_Pipeline] - --- Processing 49/100: Manoj Hire Services ---
2026-05-16 05:22:34,317 - INFO - [MVP_Pipeline] - [Manoj Hire Services] Stored. DB ID: 536. Commencing analysis...
2026-05-16 05:22:34,591 - INFO - [MVP_Pipeline] - [Manoj Hire Services] Pipeline completed successfully. Opportunity Score: 90.0
2026-05-16 05:22:34,591 - INFO - [MVP_Pipeline] - --- Processing 50/100: BMG SECURITY SERVICES ---
2026-05-16 05:22:34,656 - INFO - [MVP_Pipeline] - [BMG SECURITY SERVICES] Stored. DB ID: 537. Commencing analysis...
2026-05-16 05:22:35,131 - INFO - [MVP_Pipeline] - [BMG SECURITY SERVICES] Pipeline completed successfully. Opportunity Score: 75.5
2026-05-16 05:22:35,131 - INFO - [MVP_Pipeline] - --- Processing 51/100: Home Nursing Service ---
2026-05-16 05:22:35,172 - INFO - [MVP_Pipeline] - [Home Nursing Service] Stored. DB ID: 538. Commencing analysis...
2026-05-16 05:22:35,575 - INFO - [MVP_Pipeline] - [Home Nursing Service] Pipeline completed successfully. Opportunity Score: 90.0
2026-05-16 05:22:35,576 - INFO - [MVP_Pipeline] - --- Processing 52/100: TidyGlow ---
2026-05-16 05:22:35,640 - INFO - [MVP_Pipeline] - [TidyGlow] Stored. DB ID: 539. Commencing analysis...
2026-05-16 05:22:35,939 - INFO - [MVP_Pipeline] - [TidyGlow] Pipeline completed successfully. Opportunity Score: 75.5
2026-05-16 05:22:35,939 - INFO - [MVP_Pipeline] - --- Processing 53/100: Divya matha Home Nursing services ---
2026-05-16 05:22:36,003 - INFO - [MVP_Pipeline] - [Divya matha Home Nursing services] Stored. DB ID: 540. Commencing analysis...
2026-05-16 05:22:36,302 - INFO - [MVP_Pipeline] - [Divya matha Home Nursing services] Pipeline completed successfully. Opportunity Score: 90.0
2026-05-16 05:22:36,302 - INFO - [MVP_Pipeline] - --- Processing 54/100: FALKEN SECURITY& FACILITY SERVICES PVT LTD ---
2026-05-16 05:22:36,366 - INFO - [MVP_Pipeline] - [FALKEN SECURITY& FACILITY SERVICES PVT LTD] Stored. DB ID: 541. Commencing analysis...
2026-05-16 05:22:36,625 - INFO - [MVP_Pipeline] - [FALKEN SECURITY& FACILITY SERVICES PVT LTD] Pipeline completed successfully. Opportunity Score: 90.0
2026-05-16 05:22:36,625 - INFO - [MVP_Pipeline] - --- Processing 55/100: Uber - Centro de Activación ---
2026-05-16 05:22:36,729 - INFO - [MVP_Pipeline] - [Uber - Centro de Activación] Stored. DB ID: 542. Commencing analysis...
2026-05-16 05:22:37,116 - INFO - [MVP_Pipeline] - [Uber - Centro de Activación] Pipeline completed successfully. Opportunity Score: 75.5
2026-05-16 05:22:37,116 - INFO - [MVP_Pipeline] - --- Processing 56/100: LIFE CARE SERVICE HUB ---
2026-05-16 05:22:37,189 - INFO - [MVP_Pipeline] - [LIFE CARE SERVICE HUB] Stored. DB ID: 543. Commencing analysis...
2026-05-16 05:22:37,503 - INFO - [MVP_Pipeline] - [LIFE CARE SERVICE HUB] Pipeline completed successfully. Opportunity Score: 75.5
2026-05-16 05:22:37,503 - INFO - [MVP_Pipeline] - --- Processing 57/100: SI Property (Kerala) Private Ltd ---
2026-05-16 05:22:37,568 - INFO - [MVP_Pipeline] - [SI Property (Kerala) Private Ltd] Stored. DB ID: 544. Commencing analysis...
2026-05-16 05:22:37,849 - INFO - [MVP_Pipeline] - [SI Property (Kerala) Private Ltd] Pipeline completed successfully. Opportunity Score: 75.5
2026-05-16 05:22:37,850 - INFO - [MVP_Pipeline] - --- Processing 58/100: Pooja Ambulance Service ---
2026-05-16 05:22:37,890 - INFO - [MVP_Pipeline] - [Pooja Ambulance Service] Stored. DB ID: 545. Commencing analysis...
2026-05-16 05:22:38,148 - INFO - [MVP_Pipeline] - [Pooja Ambulance Service] Pipeline completed successfully. Opportunity Score: 90.0
2026-05-16 05:22:38,149 - INFO - [MVP_Pipeline] - --- Processing 59/100: SKS CONSULTANCY ---
2026-05-16 05:22:38,261 - INFO - [MVP_Pipeline] - [SKS CONSULTANCY] Stored. DB ID: 546. Commencing analysis...
2026-05-16 05:22:38,520 - INFO - [MVP_Pipeline] - [SKS CONSULTANCY] Pipeline completed successfully. Opportunity Score: 90.0
2026-05-16 05:22:38,520 - INFO - [MVP_Pipeline] - --- Processing 60/100: THARAVATTIL Outdoor Catering Service ---
2026-05-16 05:22:38,584 - INFO - [MVP_Pipeline] - [THARAVATTIL Outdoor Catering Service] Stored. DB ID: 547. Commencing analysis...
2026-05-16 05:22:42,891 - INFO - [MVP_Pipeline] - [THARAVATTIL Outdoor Catering Service] Pipeline completed successfully. Opportunity Score: 90.0
2026-05-16 05:22:42,891 - INFO - [MVP_Pipeline] - --- Processing 61/100: Chaithanya Outdoor Catering Services ---
2026-05-16 05:22:42,955 - INFO - [MVP_Pipeline] - [Chaithanya Outdoor Catering Services] Stored. DB ID: 548. Commencing analysis...
2026-05-16 05:22:43,318 - INFO - [MVP_Pipeline] - [Chaithanya Outdoor Catering Services] Pipeline completed successfully. Opportunity Score: 75.5
2026-05-16 05:22:43,318 - INFO - [MVP_Pipeline] - --- Processing 62/100: Aerobic Bin Of Thiruvananthapuram City Corporation ---
2026-05-16 05:22:43,440 - INFO - [MVP_Pipeline] - [Aerobic Bin Of Thiruvananthapuram City Corporation] Stored. DB ID: 549. Commencing analysis...
2026-05-16 05:22:43,697 - INFO - [MVP_Pipeline] - [Aerobic Bin Of Thiruvananthapuram City Corporation] Pipeline completed successfully. Opportunity Score: 90.0
2026-05-16 05:22:43,697 - INFO - [MVP_Pipeline] - --- Processing 63/100: Excellent Home Nursing Trivandrum ---
2026-05-16 05:22:44,077 - INFO - [MVP_Pipeline] - [Excellent Home Nursing Trivandrum] Stored. DB ID: 550. Commencing analysis...
2026-05-16 05:22:44,391 - INFO - [MVP_Pipeline] - [Excellent Home Nursing Trivandrum] Pipeline completed successfully. Opportunity Score: 75.5
2026-05-16 05:22:44,391 - INFO - [MVP_Pipeline] - --- Processing 64/100: Swiggy Onboarding Office Thiruvananthapuram ---
2026-05-16 05:22:44,455 - INFO - [MVP_Pipeline] - [Swiggy Onboarding Office Thiruvananthapuram] Stored. DB ID: 436. Commencing analysis...
2026-05-16 05:22:44,754 - INFO - [MVP_Pipeline] - [Swiggy Onboarding Office Thiruvananthapuram] Pipeline completed successfully. Opportunity Score: 90.0
2026-05-16 05:22:44,754 - INFO - [MVP_Pipeline] - --- Processing 65/100: Anna Catering Service & Anna Marriage Event ---
2026-05-16 05:22:44,818 - INFO - [MVP_Pipeline] - [Anna Catering Service & Anna Marriage Event] Stored. DB ID: 552. Commencing analysis...
2026-05-16 05:22:45,214 - INFO - [MVP_Pipeline] - [Anna Catering Service & Anna Marriage Event] Pipeline completed successfully. Opportunity Score: 90.0
2026-05-16 05:22:45,214 - INFO - [MVP_Pipeline] - --- Processing 66/100: Oxygen Digital Shop - Pattom ---
2026-05-16 05:22:45,278 - INFO - [MVP_Pipeline] - [Oxygen Digital Shop - Pattom] Stored. DB ID: 553. Commencing analysis...
2026-05-16 05:22:45,592 - INFO - [MVP_Pipeline] - [Oxygen Digital Shop - Pattom] Pipeline completed successfully. Opportunity Score: 75.5
2026-05-16 05:22:45,593 - INFO - [MVP_Pipeline] - --- Processing 67/100: Universal Manpower Service, Trivandrum ---
2026-05-16 05:22:45,657 - INFO - [MVP_Pipeline] - [Universal Manpower Service, Trivandrum] Stored. DB ID: 422. Commencing analysis...
2026-05-16 05:22:45,964 - INFO - [MVP_Pipeline] - [Universal Manpower Service, Trivandrum] Pipeline completed successfully. Opportunity Score: 90.0
2026-05-16 05:22:45,964 - INFO - [MVP_Pipeline] - --- Processing 68/100: MANASI TOUR OPERATOR AND COMMON SERVICE CENTRE ---
2026-05-16 05:22:46,028 - INFO - [MVP_Pipeline] - [MANASI TOUR OPERATOR AND COMMON SERVICE CENTRE] Stored. DB ID: 555. Commencing analysis...
2026-05-16 05:22:46,327 - INFO - [MVP_Pipeline] - [MANASI TOUR OPERATOR AND COMMON SERVICE CENTRE] Pipeline completed successfully. Opportunity Score: 90.0
2026-05-16 05:22:46,327 - INFO - [MVP_Pipeline] - --- Processing 69/100: IBIZ Technology | Internet Leased Line | MPLS | CLOUD | WIFI Solution | Sip Trunk ---
2026-05-16 05:22:46,391 - INFO - [MVP_Pipeline] - [IBIZ Technology | Internet Leased Line | MPLS | CLOUD | WIFI Solution | Sip Trunk] Stored. DB ID: 556. Commencing analysis...
2026-05-16 05:22:46,746 - INFO - [MVP_Pipeline] - [IBIZ Technology | Internet Leased Line | MPLS | CLOUD | WIFI Solution | Sip Trunk] Pipeline completed successfully. Opportunity Score: 75.5
2026-05-16 05:22:46,746 - INFO - [MVP_Pipeline] - --- Processing 70/100: Delta Services ---
2026-05-16 05:22:46,811 - INFO - [MVP_Pipeline] - [Delta Services] Stored. DB ID: 557. Commencing analysis...
2026-05-16 05:22:47,109 - INFO - [MVP_Pipeline] - [Delta Services] Pipeline completed successfully. Opportunity Score: 75.5
2026-05-16 05:22:47,110 - INFO - [MVP_Pipeline] - --- Processing 71/100: Kaigo Home Healthcare ---
2026-05-16 05:22:47,223 - INFO - [MVP_Pipeline] - [Kaigo Home Healthcare] Stored. DB ID: 142. Commencing analysis...
2026-05-16 05:22:47,561 - INFO - [MVP_Pipeline] - [Kaigo Home Healthcare] Pipeline completed successfully. Opportunity Score: 75.5
2026-05-16 05:22:47,561 - INFO - [MVP_Pipeline] - --- Processing 72/100: Centre for Management Development ---
2026-05-16 05:22:47,625 - INFO - [MVP_Pipeline] - [Centre for Management Development] Stored. DB ID: 559. Commencing analysis...
2026-05-16 05:22:47,899 - INFO - [MVP_Pipeline] - [Centre for Management Development] Pipeline completed successfully. Opportunity Score: 75.5
2026-05-16 05:22:47,899 - INFO - [MVP_Pipeline] - --- Processing 73/100: common service centre mahindra ---
2026-05-16 05:22:47,940 - INFO - [MVP_Pipeline] - [common service centre mahindra] Stored. DB ID: 560. Commencing analysis...
2026-05-16 05:22:48,246 - INFO - [MVP_Pipeline] - [common service centre mahindra] Pipeline completed successfully. Opportunity Score: 90.0
2026-05-16 05:22:48,246 - INFO - [MVP_Pipeline] - --- Processing 74/100: Jeyem Express Cargo ---
2026-05-16 05:22:48,310 - INFO - [MVP_Pipeline] - [Jeyem Express Cargo] Stored. DB ID: 561. Commencing analysis...
2026-05-16 05:22:48,609 - INFO - [MVP_Pipeline] - [Jeyem Express Cargo] Pipeline completed successfully. Opportunity Score: 75.5
2026-05-16 05:22:48,609 - INFO - [MVP_Pipeline] - --- Processing 75/100: INTERNATIONAL COURIER ---
2026-05-16 05:22:48,674 - INFO - [MVP_Pipeline] - [INTERNATIONAL COURIER] Stored. DB ID: 562. Commencing analysis...
2026-05-16 05:22:49,174 - INFO - [MVP_Pipeline] - [INTERNATIONAL COURIER] Pipeline completed successfully. Opportunity Score: 90.0
2026-05-16 05:22:49,174 - INFO - [MVP_Pipeline] - --- Processing 76/100: Smartline Services ---
2026-05-16 05:22:49,286 - INFO - [MVP_Pipeline] - [Smartline Services] Stored. DB ID: 563. Commencing analysis...
2026-05-16 05:22:49,544 - INFO - [MVP_Pipeline] - [Smartline Services] Pipeline completed successfully. Opportunity Score: 75.5
2026-05-16 05:22:49,545 - INFO - [MVP_Pipeline] - --- Processing 77/100: EasyNet Digital ---
2026-05-16 05:22:49,609 - INFO - [MVP_Pipeline] - [EasyNet Digital] Stored. DB ID: 564. Commencing analysis...
2026-05-16 05:22:49,924 - INFO - [MVP_Pipeline] - [EasyNet Digital] Pipeline completed successfully. Opportunity Score: 75.5
2026-05-16 05:22:49,924 - INFO - [MVP_Pipeline] - --- Processing 78/100: The Professional Couriers ---
2026-05-16 05:22:49,988 - INFO - [MVP_Pipeline] - [The Professional Couriers] Stored. DB ID: 565. Commencing analysis...
2026-05-16 05:22:50,303 - INFO - [MVP_Pipeline] - [The Professional Couriers] Pipeline completed successfully. Opportunity Score: 90.0
2026-05-16 05:22:50,303 - INFO - [MVP_Pipeline] - --- Processing 79/100: Teknokraaft Info Systems ---
2026-05-16 05:22:50,369 - INFO - [MVP_Pipeline] - [Teknokraaft Info Systems] Stored. DB ID: 566. Commencing analysis...
2026-05-16 05:22:50,674 - INFO - [MVP_Pipeline] - [Teknokraaft Info Systems] Pipeline completed successfully. Opportunity Score: 90.0
2026-05-16 05:22:50,674 - INFO - [MVP_Pipeline] - --- Processing 80/100: Care Health Insurance ---
2026-05-16 05:22:50,738 - INFO - [MVP_Pipeline] - [Care Health Insurance] Stored. DB ID: 446. Commencing analysis...
2026-05-16 05:22:51,036 - INFO - [MVP_Pipeline] - [Care Health Insurance] Pipeline completed successfully. Opportunity Score: 75.5
2026-05-16 05:22:51,037 - INFO - [MVP_Pipeline] - --- Processing 81/100: Decathlon Sports - Trivandrum ---
2026-05-16 05:22:51,101 - INFO - [MVP_Pipeline] - [Decathlon Sports - Trivandrum] Stored. DB ID: 568. Commencing analysis...
2026-05-16 05:22:51,408 - INFO - [MVP_Pipeline] - [Decathlon Sports - Trivandrum] Pipeline completed successfully. Opportunity Score: 75.5
2026-05-16 05:22:51,408 - INFO - [MVP_Pipeline] - --- Processing 82/100: J Square Mobiles - Main Branch, Sreyas Building, Ulloor ---
2026-05-16 05:22:51,472 - INFO - [MVP_Pipeline] - [J Square Mobiles - Main Branch, Sreyas Building, Ulloor] Stored. DB ID: 569. Commencing analysis...
2026-05-16 05:22:51,804 - INFO - [MVP_Pipeline] - [J Square Mobiles - Main Branch, Sreyas Building, Ulloor] Pipeline completed successfully. Opportunity Score: 75.5
2026-05-16 05:22:51,804 - INFO - [MVP_Pipeline] - --- Processing 83/100: Prime Weddings and Events - Wedding Event Management Trivandrum ---
2026-05-16 05:22:51,843 - INFO - [MVP_Pipeline] - [Prime Weddings and Events - Wedding Event Management Trivandrum] Stored. DB ID: 570. Commencing analysis...
2026-05-16 05:22:52,157 - INFO - [MVP_Pipeline] - [Prime Weddings and Events - Wedding Event Management Trivandrum] Pipeline completed successfully. Opportunity Score: 75.5
2026-05-16 05:22:52,158 - INFO - [MVP_Pipeline] - --- Processing 84/100: Medisol Placements Private Limited :Leading Healthcare recruitment consultancy ---
2026-05-16 05:22:52,270 - INFO - [MVP_Pipeline] - [Medisol Placements Private Limited :Leading Healthcare recruitment consultancy] Stored. DB ID: 360. Commencing analysis...
2026-05-16 05:22:52,585 - INFO - [MVP_Pipeline] - [Medisol Placements Private Limited :Leading Healthcare recruitment consultancy] Pipeline completed successfully. Opportunity Score: 75.5
2026-05-16 05:22:52,585 - INFO - [MVP_Pipeline] - --- Processing 85/100: Onbyz Automations ---
2026-05-16 05:22:52,650 - INFO - [MVP_Pipeline] - [Onbyz Automations] Stored. DB ID: 572. Commencing analysis...
2026-05-16 05:22:53,022 - INFO - [MVP_Pipeline] - [Onbyz Automations] Pipeline completed successfully. Opportunity Score: 75.5
2026-05-16 05:22:53,022 - INFO - [MVP_Pipeline] - --- Processing 86/100: Mythri Home Nursing Service ---
2026-05-16 05:22:53,086 - INFO - [MVP_Pipeline] - [Mythri Home Nursing Service] Stored. DB ID: 573. Commencing analysis...
2026-05-16 05:22:54,471 - INFO - [MVP_Pipeline] - [Mythri Home Nursing Service] Pipeline completed successfully. Opportunity Score: 90.0
2026-05-16 05:22:54,472 - INFO - [MVP_Pipeline] - --- Processing 87/100: Rajeevam Manpower Consultant ---
2026-05-16 05:22:54,536 - INFO - [MVP_Pipeline] - [Rajeevam Manpower Consultant] Stored. DB ID: 444. Commencing analysis...
2026-05-16 05:22:54,844 - INFO - [MVP_Pipeline] - [Rajeevam Manpower Consultant] Pipeline completed successfully. Opportunity Score: 90.0
2026-05-16 05:22:54,844 - INFO - [MVP_Pipeline] - --- Processing 88/100: Soorya Catering (Pure Vegetarian) ---
2026-05-16 05:22:54,909 - INFO - [MVP_Pipeline] - [Soorya Catering (Pure Vegetarian)] Stored. DB ID: 575. Commencing analysis...
2026-05-16 05:22:58,526 - INFO - [MVP_Pipeline] - [Soorya Catering (Pure Vegetarian)] Pipeline completed successfully. Opportunity Score: 90.0
2026-05-16 05:22:58,526 - INFO - [MVP_Pipeline] - --- Processing 89/100: PAVANA Placement Service ---
2026-05-16 05:22:58,924 - INFO - [MVP_Pipeline] - [PAVANA Placement Service] Stored. DB ID: 576. Commencing analysis...
2026-05-16 05:22:59,652 - INFO - [MVP_Pipeline] - [PAVANA Placement Service] Pipeline completed successfully. Opportunity Score: 90.0
2026-05-16 05:22:59,653 - INFO - [MVP_Pipeline] - --- Processing 90/100: Thycaud, trivandrum ---
2026-05-16 05:22:59,719 - INFO - [MVP_Pipeline] - [Thycaud, trivandrum] Stored. DB ID: 577. Commencing analysis...
2026-05-16 05:23:00,016 - INFO - [MVP_Pipeline] - [Thycaud, trivandrum] Pipeline completed successfully. Opportunity Score: 90.0
2026-05-16 05:23:00,016 - INFO - [MVP_Pipeline] - --- Processing 91/100: Pflege Career | Best German Consultancy In Kerala ---
2026-05-16 05:23:00,081 - INFO - [MVP_Pipeline] - [Pflege Career | Best German Consultancy In Kerala] Stored. DB ID: 418. Commencing analysis...
2026-05-16 05:23:00,647 - INFO - [MVP_Pipeline] - [Pflege Career | Best German Consultancy In Kerala] Pipeline completed successfully. Opportunity Score: 75.5
2026-05-16 05:23:00,648 - INFO - [MVP_Pipeline] - --- Processing 92/100: GG Hospital ---
2026-05-16 05:23:00,712 - INFO - [MVP_Pipeline] - [GG Hospital] Stored. DB ID: 35. Commencing analysis...
2026-05-16 05:23:01,020 - INFO - [MVP_Pipeline] - [GG Hospital] Pipeline completed successfully. Opportunity Score: 75.5
2026-05-16 05:23:01,020 - INFO - [MVP_Pipeline] - --- Processing 93/100: Aham Builders Consultants & Developers ---
2026-05-16 05:23:01,084 - INFO - [MVP_Pipeline] - [Aham Builders Consultants & Developers] Stored. DB ID: 580. Commencing analysis...
2026-05-16 05:23:01,384 - INFO - [MVP_Pipeline] - [Aham Builders Consultants & Developers] Pipeline completed successfully. Opportunity Score: 75.5
2026-05-16 05:23:01,384 - INFO - [MVP_Pipeline] - --- Processing 94/100: Compu Shoppe ---
2026-05-16 05:23:01,449 - INFO - [MVP_Pipeline] - [Compu Shoppe] Stored. DB ID: 581. Commencing analysis...
2026-05-16 05:23:01,708 - INFO - [MVP_Pipeline] - [Compu Shoppe] Pipeline completed successfully. Opportunity Score: 75.5
2026-05-16 05:23:01,708 - INFO - [MVP_Pipeline] - --- Processing 95/100: LLOYDS INSPECTION AGENCY PVT LTD | India Office ---
2026-05-16 05:23:01,813 - INFO - [MVP_Pipeline] - [LLOYDS INSPECTION AGENCY PVT LTD | India Office] Stored. DB ID: 443. Commencing analysis...
2026-05-16 05:23:02,071 - INFO - [MVP_Pipeline] - [LLOYDS INSPECTION AGENCY PVT LTD | India Office] Pipeline completed successfully. Opportunity Score: 75.5
2026-05-16 05:23:02,071 - INFO - [MVP_Pipeline] - --- Processing 96/100: Medi House - Online Shop ---
2026-05-16 05:23:02,136 - INFO - [MVP_Pipeline] - [Medi House - Online Shop] Stored. DB ID: 583. Commencing analysis...
2026-05-16 05:23:02,443 - INFO - [MVP_Pipeline] - [Medi House - Online Shop] Pipeline completed successfully. Opportunity Score: 75.5
2026-05-16 05:23:02,443 - INFO - [MVP_Pipeline] - --- Processing 97/100: JIO FIBER Trivandrum ---
2026-05-16 05:23:02,508 - INFO - [MVP_Pipeline] - [JIO FIBER Trivandrum] Stored. DB ID: 584. Commencing analysis...
2026-05-16 05:23:02,814 - INFO - [MVP_Pipeline] - [JIO FIBER Trivandrum] Pipeline completed successfully. Opportunity Score: 75.5
2026-05-16 05:23:02,815 - INFO - [MVP_Pipeline] - --- Processing 98/100: Dell Authorised Service Center Trivandrum ---
2026-05-16 05:23:02,879 - INFO - [MVP_Pipeline] - [Dell Authorised Service Center Trivandrum] Stored. DB ID: 585. Commencing analysis...
2026-05-16 05:23:03,186 - INFO - [MVP_Pipeline] - [Dell Authorised Service Center Trivandrum] Pipeline completed successfully. Opportunity Score: 90.0
2026-05-16 05:23:03,187 - INFO - [MVP_Pipeline] - --- Processing 99/100: NLP Training Trivandrum Kerala India ---
2026-05-16 05:23:03,251 - INFO - [MVP_Pipeline] - [NLP Training Trivandrum Kerala India] Stored. DB ID: 586. Commencing analysis...
2026-05-16 05:23:03,606 - INFO - [MVP_Pipeline] - [NLP Training Trivandrum Kerala India] Pipeline completed successfully. Opportunity Score: 75.5
2026-05-16 05:23:03,606 - INFO - [MVP_Pipeline] - --- Processing 100/100: Shopalyst Technologies Pvt Ltd ---
2026-05-16 05:23:03,680 - INFO - [MVP_Pipeline] - [Shopalyst Technologies Pvt Ltd] Stored. DB ID: 587. Commencing analysis...
2026-05-16 05:23:03,986 - INFO - [MVP_Pipeline] - [Shopalyst Technologies Pvt Ltd] Pipeline completed successfully. Opportunity Score: 75.5
2026-05-16 05:23:03,986 - INFO - [MVP_Pipeline] - ========== PIPELINE FINISHED ==========
2026-05-16 05:23:03,986 - INFO - [MVP_Pipeline] - Successfully processed 100/100 businesses end-to-end.
2026-05-16 05:23:03,989 - INFO - [MVP_Pipeline] - Identified 3 high-priority leads:
2026-05-16 05:23:03,989 - INFO - [MVP_Pipeline] - - Dr.Nathanis Diagnostic Clinic (90.00/100 opportunity)
2026-05-16 05:23:03,989 - INFO - [MVP_Pipeline] - - Dr.Nathanis Diagnostic Clinic (90.00/100 opportunity)
2026-05-16 05:23:03,989 - INFO - [MVP_Pipeline] - - Aryaas Park Veg Restaurant (90.00/100 opportunity)
2026-05-16 05:23:03,989 - INFO - [MVP_Pipeline] - Executing search for: 'factories in Thiruvananthapuram, kerala, India'
2026-05-16 05:23:03,989 - INFO - [MVP_Pipeline] - ========== PIPELINE STARTED: 'factories in Thiruvananthapuram, kerala, India' ==========
2026-05-16 05:23:03,989 - INFO - [MVP_Pipeline] - Phase 1: Scraping Google Maps...
2026-05-16 05:51:06,815 - INFO - [MVP_Pipeline] - Scraped 45 businesses. Moving to processing phase.
2026-05-16 05:51:06,815 - INFO - [MVP_Pipeline] - --- Processing 1/45: Travancore Titanium Products Limited ---
2026-05-16 05:51:06,932 - INFO - [MVP_Pipeline] - [Travancore Titanium Products Limited] Stored. DB ID: 485. Commencing analysis...
2026-05-16 05:51:07,165 - INFO - [MVP_Pipeline] - [Travancore Titanium Products Limited] Pipeline completed successfully. Opportunity Score: 75.5
2026-05-16 05:51:07,165 - INFO - [MVP_Pipeline] - --- Processing 2/45: MAHASREEVARI FOOD INDUSTRIES PRIVATE LIMITED ---
2026-05-16 05:51:07,221 - INFO - [MVP_Pipeline] - [MAHASREEVARI FOOD INDUSTRIES PRIVATE LIMITED] Stored. DB ID: 60. Commencing analysis...
2026-05-16 05:51:07,508 - INFO - [MVP_Pipeline] - [MAHASREEVARI FOOD INDUSTRIES PRIVATE LIMITED] Pipeline completed successfully. Opportunity Score: 75.5
2026-05-16 05:51:07,508 - INFO - [MVP_Pipeline] - --- Processing 3/45: Dr. FOOD NUTRI INDUSTRIES ---
2026-05-16 05:51:07,565 - INFO - [MVP_Pipeline] - [Dr. FOOD NUTRI INDUSTRIES] Stored. DB ID: 61. Commencing analysis...
2026-05-16 05:51:07,852 - INFO - [MVP_Pipeline] - [Dr. FOOD NUTRI INDUSTRIES] Pipeline completed successfully. Opportunity Score: 75.5
2026-05-16 05:51:07,852 - INFO - [MVP_Pipeline] - --- Processing 4/45: The India Cements Ltd ---
2026-05-16 05:51:07,917 - INFO - [MVP_Pipeline] - [The India Cements Ltd] Stored. DB ID: 62. Commencing analysis...
2026-05-16 05:51:08,318 - INFO - [MVP_Pipeline] - [The India Cements Ltd] Pipeline completed successfully. Opportunity Score: 75.5
2026-05-16 05:51:08,318 - INFO - [MVP_Pipeline] - --- Processing 5/45: Fresh N Fine Products (India) Pvt. Ltd ---
2026-05-16 05:51:08,432 - INFO - [MVP_Pipeline] - [Fresh N Fine Products (India) Pvt. Ltd] Stored. DB ID: 487. Commencing analysis...
2026-05-16 05:51:08,685 - INFO - [MVP_Pipeline] - [Fresh N Fine Products (India) Pvt. Ltd] Pipeline completed successfully. Opportunity Score: 75.5
2026-05-16 05:51:08,686 - INFO - [MVP_Pipeline] - --- Processing 6/45: Madhuram Food Products ---
2026-05-16 05:51:08,742 - INFO - [MVP_Pipeline] - [Madhuram Food Products] Stored. DB ID: 593. Commencing analysis...
2026-05-16 05:51:09,020 - INFO - [MVP_Pipeline] - [Madhuram Food Products] Pipeline completed successfully. Opportunity Score: 90.0
2026-05-16 05:51:09,021 - INFO - [MVP_Pipeline] - --- Processing 7/45: BRUNCHIES ---
2026-05-16 05:51:09,127 - INFO - [MVP_Pipeline] - [BRUNCHIES] Stored. DB ID: 594. Commencing analysis...
2026-05-16 05:51:09,364 - INFO - [MVP_Pipeline] - [BRUNCHIES] Pipeline completed successfully. Opportunity Score: 75.5
2026-05-16 05:51:09,364 - INFO - [MVP_Pipeline] - --- Processing 8/45: INNOVA INDUSTRIES - THE LUXURY FURNISHING FACTORY. ---
2026-05-16 05:51:09,421 - INFO - [MVP_Pipeline] - [INNOVA INDUSTRIES - THE LUXURY FURNISHING FACTORY.] Stored. DB ID: 595. Commencing analysis...
2026-05-16 05:51:09,707 - INFO - [MVP_Pipeline] - [INNOVA INDUSTRIES - THE LUXURY FURNISHING FACTORY.] Pipeline completed successfully. Opportunity Score: 75.5
2026-05-16 05:51:09,707 - INFO - [MVP_Pipeline] - --- Processing 9/45: Trivandrum Flour Mills Pvt. Ltd. ---
2026-05-16 05:51:10,100 - INFO - [MVP_Pipeline] - [Trivandrum Flour Mills Pvt. Ltd.] Stored. DB ID: 596. Commencing analysis...
2026-05-16 05:51:10,239 - INFO - [MVP_Pipeline] - [Trivandrum Flour Mills Pvt. Ltd.] Pipeline completed successfully. Opportunity Score: 90.0
2026-05-16 05:51:10,239 - INFO - [MVP_Pipeline] - --- Processing 10/45: Milky Food Industries ---
2026-05-16 05:51:10,272 - INFO - [MVP_Pipeline] - [Milky Food Industries] Stored. DB ID: 597. Commencing analysis...
2026-05-16 05:51:10,476 - INFO - [MVP_Pipeline] - [Milky Food Industries] Pipeline completed successfully. Opportunity Score: 75.5
2026-05-16 05:51:10,476 - INFO - [MVP_Pipeline] - --- Processing 11/45: Avittom Food Industries ---
2026-05-16 05:51:10,590 - INFO - [MVP_Pipeline] - [Avittom Food Industries] Stored. DB ID: 598. Commencing analysis...
2026-05-16 05:51:10,689 - INFO - [MVP_Pipeline] - [Avittom Food Industries] Pipeline completed successfully. Opportunity Score: 90.0
2026-05-16 05:51:10,689 - INFO - [MVP_Pipeline] - --- Processing 12/45: Nilamels and Kaimals Foods Private Limited ---
2026-05-16 05:51:10,794 - INFO - [MVP_Pipeline] - [Nilamels and Kaimals Foods Private Limited] Stored. DB ID: 599. Commencing analysis...
2026-05-16 05:51:10,892 - INFO - [MVP_Pipeline] - [Nilamels and Kaimals Foods Private Limited] Pipeline completed successfully. Opportunity Score: 75.5
2026-05-16 05:51:10,893 - INFO - [MVP_Pipeline] - --- Processing 13/45: THE TRAVANCORE RUBBER AND TEA COMPANY LIMITED ---
2026-05-16 05:51:10,917 - INFO - [MVP_Pipeline] - [THE TRAVANCORE RUBBER AND TEA COMPANY LIMITED] Stored. DB ID: 600. Commencing analysis...
2026-05-16 05:51:11,106 - INFO - [MVP_Pipeline] - [THE TRAVANCORE RUBBER AND TEA COMPANY LIMITED] Pipeline completed successfully. Opportunity Score: 90.0
2026-05-16 05:51:11,106 - INFO - [MVP_Pipeline] - --- Processing 14/45: Zamzam Industries ---
2026-05-16 05:51:11,130 - INFO - [MVP_Pipeline] - [Zamzam Industries] Stored. DB ID: 601. Commencing analysis...
2026-05-16 05:51:11,277 - INFO - [MVP_Pipeline] - [Zamzam Industries] Pipeline completed successfully. Opportunity Score: 90.0
2026-05-16 05:51:11,277 - INFO - [MVP_Pipeline] - --- Processing 15/45: Fashion Factory ---
2026-05-16 05:51:11,302 - INFO - [MVP_Pipeline] - [Fashion Factory] Stored. DB ID: 267. Commencing analysis...
2026-05-16 05:51:11,507 - INFO - [MVP_Pipeline] - [Fashion Factory] Pipeline completed successfully. Opportunity Score: 75.5
2026-05-16 05:51:11,508 - INFO - [MVP_Pipeline] - --- Processing 16/45: Kortas Industries Private Limited ---
2026-05-16 05:51:11,539 - INFO - [MVP_Pipeline] - [Kortas Industries Private Limited] Stored. DB ID: 603. Commencing analysis...
2026-05-16 05:51:11,636 - INFO - [MVP_Pipeline] - [Kortas Industries Private Limited] Pipeline completed successfully. Opportunity Score: 75.5
2026-05-16 05:51:11,637 - INFO - [MVP_Pipeline] - --- Processing 17/45: HLL Lifecare Ltd. ---
2026-05-16 05:51:11,710 - INFO - [MVP_Pipeline] - [HLL Lifecare Ltd.] Stored. DB ID: 604. Commencing analysis...
2026-05-16 05:51:11,923 - INFO - [MVP_Pipeline] - [HLL Lifecare Ltd.] Pipeline completed successfully. Opportunity Score: 75.5
2026-05-16 05:51:11,923 - INFO - [MVP_Pipeline] - --- Processing 18/45: Moderns Food Products ---
2026-05-16 05:51:11,968 - INFO - [MVP_Pipeline] - [Moderns Food Products] Stored. DB ID: 605. Commencing analysis...
2026-05-16 05:51:12,111 - INFO - [MVP_Pipeline] - [Moderns Food Products] Pipeline completed successfully. Opportunity Score: 75.5
2026-05-16 05:51:12,111 - INFO - [MVP_Pipeline] - --- Processing 19/45: Syndicate Gym Industries | Gym Equipment Manufacturer Kerala ---
2026-05-16 05:51:12,135 - INFO - [MVP_Pipeline] - [Syndicate Gym Industries | Gym Equipment Manufacturer Kerala] Stored. DB ID: 606. Commencing analysis...
2026-05-16 05:51:12,233 - INFO - [MVP_Pipeline] - [Syndicate Gym Industries | Gym Equipment Manufacturer Kerala] Pipeline completed successfully. Opportunity Score: 75.5
2026-05-16 05:51:12,234 - INFO - [MVP_Pipeline] - --- Processing 20/45: Elements Homestead Products Pvt Ltd,Trivandrum ---
2026-05-16 05:51:12,307 - INFO - [MVP_Pipeline] - [Elements Homestead Products Pvt Ltd,Trivandrum] Stored. DB ID: 607. Commencing analysis...
2026-05-16 05:51:12,405 - INFO - [MVP_Pipeline] - [Elements Homestead Products Pvt Ltd,Trivandrum] Pipeline completed successfully. Opportunity Score: 75.5
2026-05-16 05:51:12,405 - INFO - [MVP_Pipeline] - --- Processing 21/45: Coconics Private Limited ---
2026-05-16 05:51:12,430 - INFO - [MVP_Pipeline] - [Coconics Private Limited] Stored. DB ID: 608. Commencing analysis...
2026-05-16 05:51:12,578 - INFO - [MVP_Pipeline] - [Coconics Private Limited] Pipeline completed successfully. Opportunity Score: 90.0
2026-05-16 05:51:12,578 - INFO - [MVP_Pipeline] - --- Processing 22/45: BrahMos Aerospace Thiruvananthapuram Limited ---
2026-05-16 05:51:12,610 - INFO - [MVP_Pipeline] - [BrahMos Aerospace Thiruvananthapuram Limited] Stored. DB ID: 609. Commencing analysis...
2026-05-16 05:51:12,764 - INFO - [MVP_Pipeline] - [BrahMos Aerospace Thiruvananthapuram Limited] Pipeline completed successfully. Opportunity Score: 75.5
2026-05-16 05:51:12,765 - INFO - [MVP_Pipeline] - --- Processing 23/45: Bread Factory by Azad at Vazhuthacaud ---
2026-05-16 05:51:12,789 - INFO - [MVP_Pipeline] - [Bread Factory by Azad at Vazhuthacaud] Stored. DB ID: 610. Commencing analysis...
2026-05-16 05:51:12,936 - INFO - [MVP_Pipeline] - [Bread Factory by Azad at Vazhuthacaud] Pipeline completed successfully. Opportunity Score: 75.5
2026-05-16 05:51:12,936 - INFO - [MVP_Pipeline] - --- Processing 24/45: Bread Factory by Azad at Kowdiar ---
2026-05-16 05:51:12,960 - INFO - [MVP_Pipeline] - [Bread Factory by Azad at Kowdiar] Stored. DB ID: 611. Commencing analysis...
2026-05-16 05:51:13,109 - INFO - [MVP_Pipeline] - [Bread Factory by Azad at Kowdiar] Pipeline completed successfully. Opportunity Score: 75.5
2026-05-16 05:51:13,110 - INFO - [MVP_Pipeline] - --- Processing 25/45: BANATONE TRINITY INDUSTRIES ---
2026-05-16 05:51:13,141 - INFO - [MVP_Pipeline] - [BANATONE TRINITY INDUSTRIES] Stored. DB ID: 612. Commencing analysis...
2026-05-16 05:51:13,296 - INFO - [MVP_Pipeline] - [BANATONE TRINITY INDUSTRIES] Pipeline completed successfully. Opportunity Score: 75.5
2026-05-16 05:51:13,297 - INFO - [MVP_Pipeline] - --- Processing 26/45: Green Factory ---
2026-05-16 05:51:13,321 - INFO - [MVP_Pipeline] - [Green Factory] Stored. DB ID: 613. Commencing analysis...
2026-05-16 05:51:13,459 - INFO - [MVP_Pipeline] - [Green Factory] Pipeline completed successfully. Opportunity Score: 75.5
2026-05-16 05:51:13,460 - INFO - [MVP_Pipeline] - --- Processing 27/45: Hykon India Limited ---
2026-05-16 05:51:13,484 - INFO - [MVP_Pipeline] - [Hykon India Limited] Stored. DB ID: 614. Commencing analysis...
2026-05-16 05:51:13,632 - INFO - [MVP_Pipeline] - [Hykon India Limited] Pipeline completed successfully. Opportunity Score: 75.5
2026-05-16 05:51:13,632 - INFO - [MVP_Pipeline] - --- Processing 28/45: Bread Factory by Azad at Nalanchira ---
2026-05-16 05:51:13,656 - INFO - [MVP_Pipeline] - [Bread Factory by Azad at Nalanchira] Stored. DB ID: 615. Commencing analysis...
2026-05-16 05:51:13,820 - INFO - [MVP_Pipeline] - [Bread Factory by Azad at Nalanchira] Pipeline completed successfully. Opportunity Score: 75.5
2026-05-16 05:51:13,820 - INFO - [MVP_Pipeline] - --- Processing 29/45: English Indian Clays Limited ---
2026-05-16 05:51:13,844 - INFO - [MVP_Pipeline] - [English Indian Clays Limited] Stored. DB ID: 616. Commencing analysis...
2026-05-16 05:51:13,991 - INFO - [MVP_Pipeline] - [English Indian Clays Limited] Pipeline completed successfully. Opportunity Score: 75.5
2026-05-16 05:51:13,992 - INFO - [MVP_Pipeline] - --- Processing 30/45: MGL Elevators Pvt.Ltd ---
2026-05-16 05:51:14,049 - INFO - [MVP_Pipeline] - [MGL Elevators Pvt.Ltd] Stored. DB ID: 617. Commencing analysis...
2026-05-16 05:51:14,203 - INFO - [MVP_Pipeline] - [MGL Elevators Pvt.Ltd] Pipeline completed successfully. Opportunity Score: 75.5
2026-05-16 05:51:14,204 - INFO - [MVP_Pipeline] - --- Processing 31/45: Bread factory by Azad at Kumarapuram ---
2026-05-16 05:51:14,228 - INFO - [MVP_Pipeline] - [Bread factory by Azad at Kumarapuram] Stored. DB ID: 618. Commencing analysis...
2026-05-16 05:51:14,326 - INFO - [MVP_Pipeline] - [Bread factory by Azad at Kumarapuram] Pipeline completed successfully. Opportunity Score: 75.5
2026-05-16 05:51:14,326 - INFO - [MVP_Pipeline] - --- Processing 32/45: Sree Krishna Oil Mills, Ulloor ---
2026-05-16 05:51:14,399 - INFO - [MVP_Pipeline] - [Sree Krishna Oil Mills, Ulloor] Stored. DB ID: 619. Commencing analysis...
2026-05-16 05:51:14,498 - INFO - [MVP_Pipeline] - [Sree Krishna Oil Mills, Ulloor] Pipeline completed successfully. Opportunity Score: 90.0
2026-05-16 05:51:14,498 - INFO - [MVP_Pipeline] - --- Processing 33/45: SKP FURNITURE FACTORY OUTLET ---
2026-05-16 05:51:14,523 - INFO - [MVP_Pipeline] - [SKP FURNITURE FACTORY OUTLET] Stored. DB ID: 620. Commencing analysis...
2026-05-16 05:51:14,685 - INFO - [MVP_Pipeline] - [SKP FURNITURE FACTORY OUTLET] Pipeline completed successfully. Opportunity Score: 90.0
2026-05-16 05:51:14,686 - INFO - [MVP_Pipeline] - --- Processing 34/45: Spice Garden Foods (OPC) Pvt Ltd ---
2026-05-16 05:51:14,710 - INFO - [MVP_Pipeline] - [Spice Garden Foods (OPC) Pvt Ltd] Stored. DB ID: 621. Commencing analysis...
2026-05-16 05:51:14,857 - INFO - [MVP_Pipeline] - [Spice Garden Foods (OPC) Pvt Ltd] Pipeline completed successfully. Opportunity Score: 75.5
2026-05-16 05:51:14,858 - INFO - [MVP_Pipeline] - --- Processing 35/45: BIOTECH INDIA ---
2026-05-16 05:51:14,882 - INFO - [MVP_Pipeline] - [BIOTECH INDIA] Stored. DB ID: 622. Commencing analysis...
2026-05-16 05:51:15,029 - INFO - [MVP_Pipeline] - [BIOTECH INDIA] Pipeline completed successfully. Opportunity Score: 75.5
2026-05-16 05:51:15,029 - INFO - [MVP_Pipeline] - --- Processing 36/45: Smart India Food Tech ---
2026-05-16 05:51:15,054 - INFO - [MVP_Pipeline] - [Smart India Food Tech] Stored. DB ID: 623. Commencing analysis...
2026-05-16 05:51:15,209 - INFO - [MVP_Pipeline] - [Smart India Food Tech] Pipeline completed successfully. Opportunity Score: 75.5
2026-05-16 05:51:15,209 - INFO - [MVP_Pipeline] - --- Processing 37/45: Royal Mirra Mills ---
2026-05-16 05:51:15,233 - INFO - [MVP_Pipeline] - [Royal Mirra Mills] Stored. DB ID: 624. Commencing analysis...
2026-05-16 05:51:15,380 - INFO - [MVP_Pipeline] - [Royal Mirra Mills] Pipeline completed successfully. Opportunity Score: 75.5
2026-05-16 05:51:15,380 - INFO - [MVP_Pipeline] - --- Processing 38/45: Ente Mill Store ---
2026-05-16 05:51:15,405 - INFO - [MVP_Pipeline] - [Ente Mill Store] Stored. DB ID: 625. Commencing analysis...
2026-05-16 05:51:15,503 - INFO - [MVP_Pipeline] - [Ente Mill Store] Pipeline completed successfully. Opportunity Score: 75.5
2026-05-16 05:51:15,503 - INFO - [MVP_Pipeline] - --- Processing 39/45: Surplus Factory ---
2026-05-16 05:51:15,576 - INFO - [MVP_Pipeline] - [Surplus Factory] Stored. DB ID: 626. Commencing analysis...
2026-05-16 05:51:15,675 - INFO - [MVP_Pipeline] - [Surplus Factory] Pipeline completed successfully. Opportunity Score: 90.0
2026-05-16 05:51:15,675 - INFO - [MVP_Pipeline] - --- Processing 40/45: Fabindia Experience Center, Kowdiar, Thiruvananthapuram ---
2026-05-16 05:51:15,699 - INFO - [MVP_Pipeline] - [Fabindia Experience Center, Kowdiar, Thiruvananthapuram] Stored. DB ID: 627. Commencing analysis...
2026-05-16 05:51:15,846 - INFO - [MVP_Pipeline] - [Fabindia Experience Center, Kowdiar, Thiruvananthapuram] Pipeline completed successfully. Opportunity Score: 75.5
2026-05-16 05:51:15,847 - INFO - [MVP_Pipeline] - --- Processing 41/45: Asian Food Products ---
2026-05-16 05:51:15,871 - INFO - [MVP_Pipeline] - [Asian Food Products] Stored. DB ID: 628. Commencing analysis...
2026-05-16 05:51:16,018 - INFO - [MVP_Pipeline] - [Asian Food Products] Pipeline completed successfully. Opportunity Score: 90.0
2026-05-16 05:51:16,018 - INFO - [MVP_Pipeline] - --- Processing 42/45: HLL Lifecare ---
2026-05-16 05:51:16,043 - INFO - [MVP_Pipeline] - [HLL Lifecare] Stored. DB ID: 629. Commencing analysis...
2026-05-16 05:51:16,190 - INFO - [MVP_Pipeline] - [HLL Lifecare] Pipeline completed successfully. Opportunity Score: 75.5
2026-05-16 05:51:16,190 - INFO - [MVP_Pipeline] - --- Processing 43/45: Aquira Group Of Companies ---
2026-05-16 05:51:16,214 - INFO - [MVP_Pipeline] - [Aquira Group Of Companies] Stored. DB ID: 630. Commencing analysis...
2026-05-16 05:51:16,361 - INFO - [MVP_Pipeline] - [Aquira Group Of Companies] Pipeline completed successfully. Opportunity Score: 75.5
2026-05-16 05:51:16,361 - INFO - [MVP_Pipeline] - --- Processing 44/45: TRAVANCORE CHEMICAL INDUSTRIES ---
2026-05-16 05:51:16,386 - INFO - [MVP_Pipeline] - [TRAVANCORE CHEMICAL INDUSTRIES] Stored. DB ID: 631. Commencing analysis...
2026-05-16 05:51:16,484 - INFO - [MVP_Pipeline] - [TRAVANCORE CHEMICAL INDUSTRIES] Pipeline completed successfully. Opportunity Score: 75.5
2026-05-16 05:51:16,484 - INFO - [MVP_Pipeline] - --- Processing 45/45: Bread Factory by Azad at Medical College ---
2026-05-16 05:51:16,558 - INFO - [MVP_Pipeline] - [Bread Factory by Azad at Medical College] Stored. DB ID: 632. Commencing analysis...
2026-05-16 05:51:16,662 - INFO - [MVP_Pipeline] - [Bread Factory by Azad at Medical College] Pipeline completed successfully. Opportunity Score: 75.5
2026-05-16 05:51:16,662 - INFO - [MVP_Pipeline] - ========== PIPELINE FINISHED ==========
2026-05-16 05:51:16,662 - INFO - [MVP_Pipeline] - Successfully processed 45/45 businesses end-to-end.
2026-05-16 05:51:16,667 - INFO - [MVP_Pipeline] - Identified 3 high-priority leads:
2026-05-16 05:51:16,667 - INFO - [MVP_Pipeline] - - Dr.Nathanis Diagnostic Clinic (90.00/100 opportunity)
2026-05-16 05:51:16,668 - INFO - [MVP_Pipeline] - - Dr.Nathanis Diagnostic Clinic (90.00/100 opportunity)
2026-05-16 05:51:16,668 - INFO - [MVP_Pipeline] - - Aryaas Park Veg Restaurant (90.00/100 opportunity)
2026-05-16 05:51:29,138 - INFO - [MVP_Pipeline] - Scraped 100 businesses. Moving to processing phase.
2026-05-16 05:51:29,138 - INFO - [MVP_Pipeline] - --- Processing 1/100: Ramachandran Textiles ---
2026-05-16 05:51:29,178 - INFO - [MVP_Pipeline] - [Ramachandran Textiles] Stored. DB ID: 266. Commencing analysis...
2026-05-16 05:51:29,337 - INFO - [MVP_Pipeline] - [Ramachandran Textiles] Pipeline completed successfully. Opportunity Score: 75.5
2026-05-16 05:51:29,337 - INFO - [MVP_Pipeline] - --- Processing 2/100: Fashion Factory ---
2026-05-16 05:51:29,362 - INFO - [MVP_Pipeline] - [Fashion Factory] Stored. DB ID: 267. Commencing analysis...
2026-05-16 05:51:29,509 - INFO - [MVP_Pipeline] - [Fashion Factory] Pipeline completed successfully. Opportunity Score: 75.5
2026-05-16 05:51:29,509 - INFO - [MVP_Pipeline] - --- Processing 3/100: Variety Mall ---
2026-05-16 05:51:29,533 - INFO - [MVP_Pipeline] - [Variety Mall] Stored. DB ID: 271. Commencing analysis...
2026-05-16 05:51:29,680 - INFO - [MVP_Pipeline] - [Variety Mall] Pipeline completed successfully. Opportunity Score: 75.5
2026-05-16 05:51:29,681 - INFO - [MVP_Pipeline] - --- Processing 4/100: Reliance SMART Bazaar ---
2026-05-16 05:51:29,705 - INFO - [MVP_Pipeline] - [Reliance SMART Bazaar] Stored. DB ID: 269. Commencing analysis...
2026-05-16 05:51:29,853 - INFO - [MVP_Pipeline] - [Reliance SMART Bazaar] Pipeline completed successfully. Opportunity Score: 75.5
2026-05-16 05:51:29,853 - INFO - [MVP_Pipeline] - --- Processing 5/100: Style PLUS ---
2026-05-16 05:51:29,877 - INFO - [MVP_Pipeline] - [Style PLUS] Stored. DB ID: 268. Commencing analysis...
2026-05-16 05:51:29,975 - INFO - [MVP_Pipeline] - [Style PLUS] Pipeline completed successfully. Opportunity Score: 75.5
2026-05-16 05:51:29,975 - INFO - [MVP_Pipeline] - --- Processing 6/100: LuLu Fashion Store ---
2026-05-16 05:51:30,049 - INFO - [MVP_Pipeline] - [LuLu Fashion Store] Stored. DB ID: 270. Commencing analysis...
2026-05-16 05:51:30,163 - INFO - [MVP_Pipeline] - [LuLu Fashion Store] Pipeline completed successfully. Opportunity Score: 75.5
2026-05-16 05:51:30,164 - INFO - [MVP_Pipeline] - --- Processing 7/100: RETAIL.ROAD EXPORT SURPLUS ---
2026-05-16 05:51:30,237 - INFO - [MVP_Pipeline] - [RETAIL.ROAD EXPORT SURPLUS] Stored. DB ID: 278. Commencing analysis...
2026-05-16 05:51:30,335 - INFO - [MVP_Pipeline] - [RETAIL.ROAD EXPORT SURPLUS] Pipeline completed successfully. Opportunity Score: 90.0
2026-05-16 05:51:30,336 - INFO - [MVP_Pipeline] - --- Processing 8/100: LuLu Hypermarket Thiruvananthapuram ---
2026-05-16 05:51:30,360 - INFO - [MVP_Pipeline] - [LuLu Hypermarket Thiruvananthapuram] Stored. DB ID: 275. Commencing analysis...
2026-05-16 05:51:30,719 - INFO - [MVP_Pipeline] - [LuLu Hypermarket Thiruvananthapuram] Pipeline completed successfully. Opportunity Score: 75.5
2026-05-16 05:51:30,719 - INFO - [MVP_Pipeline] - --- Processing 9/100: We Store Trivandrum ---
2026-05-16 05:51:30,744 - INFO - [MVP_Pipeline] - [We Store Trivandrum] Stored. DB ID: 641. Commencing analysis...
2026-05-16 05:51:30,842 - INFO - [MVP_Pipeline] - [We Store Trivandrum] Pipeline completed successfully. Opportunity Score: 90.0
2026-05-16 05:51:30,842 - INFO - [MVP_Pipeline] - --- Processing 10/100: City Stores ---
2026-05-16 05:51:30,907 - INFO - [MVP_Pipeline] - [City Stores] Stored. DB ID: 276. Commencing analysis...
2026-05-16 05:51:31,005 - INFO - [MVP_Pipeline] - [City Stores] Pipeline completed successfully. Opportunity Score: 90.0
2026-05-16 05:51:31,005 - INFO - [MVP_Pipeline] - --- Processing 11/100: Bean Town, The Pop-Up Store, Trivandrum ---
2026-05-16 05:51:31,079 - INFO - [MVP_Pipeline] - [Bean Town, The Pop-Up Store, Trivandrum] Stored. DB ID: 274. Commencing analysis...
2026-05-16 05:51:31,177 - INFO - [MVP_Pipeline] - [Bean Town, The Pop-Up Store, Trivandrum] Pipeline completed successfully. Opportunity Score: 75.5
2026-05-16 05:51:31,177 - INFO - [MVP_Pipeline] - --- Processing 12/100: Mall of Travancore ---
2026-05-16 05:51:31,201 - INFO - [MVP_Pipeline] - [Mall of Travancore] Stored. DB ID: 272. Commencing analysis...
2026-05-16 05:51:31,340 - INFO - [MVP_Pipeline] - [Mall of Travancore] Pipeline completed successfully. Opportunity Score: 75.5
2026-05-16 05:51:31,340 - INFO - [MVP_Pipeline] - --- Processing 13/100: Babu Store Wholesale and Retail ---
2026-05-16 05:51:31,365 - INFO - [MVP_Pipeline] - [Babu Store Wholesale and Retail] Stored. DB ID: 277. Commencing analysis...
2026-05-16 05:51:31,511 - INFO - [MVP_Pipeline] - [Babu Store Wholesale and Retail] Pipeline completed successfully. Opportunity Score: 90.0
2026-05-16 05:51:31,512 - INFO - [MVP_Pipeline] - --- Processing 14/100: Max ---
2026-05-16 05:51:31,535 - INFO - [MVP_Pipeline] - [Max] Stored. DB ID: 279. Commencing analysis...
2026-05-16 05:51:31,682 - INFO - [MVP_Pipeline] - [Max] Pipeline completed successfully. Opportunity Score: 75.5
2026-05-16 05:51:31,683 - INFO - [MVP_Pipeline] - --- Processing 15/100: Family Shopping Centre ---
2026-05-16 05:51:31,707 - INFO - [MVP_Pipeline] - [Family Shopping Centre] Stored. DB ID: 283. Commencing analysis...
2026-05-16 05:51:31,854 - INFO - [MVP_Pipeline] - [Family Shopping Centre] Pipeline completed successfully. Opportunity Score: 90.0
2026-05-16 05:51:31,854 - INFO - [MVP_Pipeline] - --- Processing 16/100: EasyBuy ---
2026-05-16 05:51:31,878 - INFO - [MVP_Pipeline] - [EasyBuy] Stored. DB ID: 273. Commencing analysis...
2026-05-16 05:51:31,976 - INFO - [MVP_Pipeline] - [EasyBuy] Pipeline completed successfully. Opportunity Score: 75.5
2026-05-16 05:51:31,976 - INFO - [MVP_Pipeline] - --- Processing 17/100: Chellam Umbrella Mart ---
2026-05-16 05:51:32,050 - INFO - [MVP_Pipeline] - [Chellam Umbrella Mart] Stored. DB ID: 649. Commencing analysis...
2026-05-16 05:51:32,148 - INFO - [MVP_Pipeline] - [Chellam Umbrella Mart] Pipeline completed successfully. Opportunity Score: 90.0
2026-05-16 05:51:32,148 - INFO - [MVP_Pipeline] - --- Processing 18/100: Jayalakshmi Silks ---
2026-05-16 05:51:32,172 - INFO - [MVP_Pipeline] - [Jayalakshmi Silks] Stored. DB ID: 650. Commencing analysis...
2026-05-16 05:51:32,319 - INFO - [MVP_Pipeline] - [Jayalakshmi Silks] Pipeline completed successfully. Opportunity Score: 75.5
2026-05-16 05:51:32,319 - INFO - [MVP_Pipeline] - --- Processing 19/100: Derik Mart Apparels (Thiruvananthapuram) ---
2026-05-16 05:51:32,344 - INFO - [MVP_Pipeline] - [Derik Mart Apparels (Thiruvananthapuram)] Stored. DB ID: 651. Commencing analysis...
2026-05-16 05:51:32,491 - INFO - [MVP_Pipeline] - [Derik Mart Apparels (Thiruvananthapuram)] Pipeline completed successfully. Opportunity Score: 75.5
2026-05-16 05:51:32,491 - INFO - [MVP_Pipeline] - --- Processing 20/100: Prisma Store ---
2026-05-16 05:51:32,515 - INFO - [MVP_Pipeline] - [Prisma Store] Stored. DB ID: 652. Commencing analysis...
2026-05-16 05:51:32,662 - INFO - [MVP_Pipeline] - [Prisma Store] Pipeline completed successfully. Opportunity Score: 75.5
2026-05-16 05:51:32,662 - INFO - [MVP_Pipeline] - --- Processing 21/100: Basics Life. Trivandrum ---
2026-05-16 05:51:32,687 - INFO - [MVP_Pipeline] - [Basics Life. Trivandrum] Stored. DB ID: 280. Commencing analysis...
2026-05-16 05:51:32,834 - INFO - [MVP_Pipeline] - [Basics Life. Trivandrum] Pipeline completed successfully. Opportunity Score: 90.0
2026-05-16 05:51:32,834 - INFO - [MVP_Pipeline] - --- Processing 22/100: Oxygen Digital Shop - Pattom ---
2026-05-16 05:51:32,858 - INFO - [MVP_Pipeline] - [Oxygen Digital Shop - Pattom] Stored. DB ID: 553. Commencing analysis...
2026-05-16 05:51:32,956 - INFO - [MVP_Pipeline] - [Oxygen Digital Shop - Pattom] Pipeline completed successfully. Opportunity Score: 75.5
2026-05-16 05:51:32,956 - INFO - [MVP_Pipeline] - --- Processing 23/100: PETER ENGLAND SHOWROOM- PULIMOODU, THIRUVANANTHAPURAM ---
2026-05-16 05:51:33,029 - INFO - [MVP_Pipeline] - [PETER ENGLAND SHOWROOM- PULIMOODU, THIRUVANANTHAPURAM] Stored. DB ID: 655. Commencing analysis...
2026-05-16 05:51:33,127 - INFO - [MVP_Pipeline] - [PETER ENGLAND SHOWROOM- PULIMOODU, THIRUVANANTHAPURAM] Pipeline completed successfully. Opportunity Score: 75.5
2026-05-16 05:51:33,127 - INFO - [MVP_Pipeline] - --- Processing 24/100: Allen Solly Store ---
2026-05-16 05:51:33,151 - INFO - [MVP_Pipeline] - [Allen Solly Store] Stored. DB ID: 656. Commencing analysis...
2026-05-16 05:51:33,298 - INFO - [MVP_Pipeline] - [Allen Solly Store] Pipeline completed successfully. Opportunity Score: 75.5
2026-05-16 05:51:33,299 - INFO - [MVP_Pipeline] - --- Processing 25/100: Decathlon Sports - Trivandrum ---
2026-05-16 05:51:33,323 - INFO - [MVP_Pipeline] - [Decathlon Sports - Trivandrum] Stored. DB ID: 568. Commencing analysis...
2026-05-16 05:51:33,462 - INFO - [MVP_Pipeline] - [Decathlon Sports - Trivandrum] Pipeline completed successfully. Opportunity Score: 75.5
2026-05-16 05:51:33,462 - INFO - [MVP_Pipeline] - --- Processing 26/100: TRENDS ---
2026-05-16 05:51:33,486 - INFO - [MVP_Pipeline] - [TRENDS] Stored. DB ID: 658. Commencing analysis...
2026-05-16 05:51:33,625 - INFO - [MVP_Pipeline] - [TRENDS] Pipeline completed successfully. Opportunity Score: 75.5
2026-05-16 05:51:33,625 - INFO - [MVP_Pipeline] - --- Processing 27/100: Vinayaka Super Market ---
2026-05-16 05:51:33,650 - INFO - [MVP_Pipeline] - [Vinayaka Super Market] Stored. DB ID: 659. Commencing analysis...
2026-05-16 05:51:33,805 - INFO - [MVP_Pipeline] - [Vinayaka Super Market] Pipeline completed successfully. Opportunity Score: 75.5
2026-05-16 05:51:33,805 - INFO - [MVP_Pipeline] - --- Processing 28/100: MKS Store ---
2026-05-16 05:51:33,829 - INFO - [MVP_Pipeline] - [MKS Store] Stored. DB ID: 660. Commencing analysis...
2026-05-16 05:51:34,058 - INFO - [MVP_Pipeline] - [MKS Store] Pipeline completed successfully. Opportunity Score: 90.0
2026-05-16 05:51:34,058 - INFO - [MVP_Pipeline] - --- Processing 29/100: Melel She Square ---
2026-05-16 05:51:34,115 - INFO - [MVP_Pipeline] - [Melel She Square] Stored. DB ID: 661. Commencing analysis...
2026-05-16 05:51:34,286 - INFO - [MVP_Pipeline] - [Melel She Square] Pipeline completed successfully. Opportunity Score: 90.0
2026-05-16 05:51:34,286 - INFO - [MVP_Pipeline] - --- Processing 30/100: More Supermarket ---
2026-05-16 05:51:34,311 - INFO - [MVP_Pipeline] - [More Supermarket] Stored. DB ID: 662. Commencing analysis...
2026-05-16 05:51:34,474 - INFO - [MVP_Pipeline] - [More Supermarket] Pipeline completed successfully. Opportunity Score: 75.5
2026-05-16 05:51:34,475 - INFO - [MVP_Pipeline] - --- Processing 31/100: Balaji Winners Store ---
2026-05-16 05:51:34,498 - INFO - [MVP_Pipeline] - [Balaji Winners Store] Stored. DB ID: 663. Commencing analysis...
2026-05-16 05:51:34,637 - INFO - [MVP_Pipeline] - [Balaji Winners Store] Pipeline completed successfully. Opportunity Score: 90.0
2026-05-16 05:51:34,637 - INFO - [MVP_Pipeline] - --- Processing 32/100: 2PAC Kesavadasapuram Junction Trivandrum ---
2026-05-16 05:51:34,662 - INFO - [MVP_Pipeline] - [2PAC Kesavadasapuram Junction Trivandrum] Stored. DB ID: 664. Commencing analysis...
2026-05-16 05:51:34,760 - INFO - [MVP_Pipeline] - [2PAC Kesavadasapuram Junction Trivandrum] Pipeline completed successfully. Opportunity Score: 75.5
2026-05-16 05:51:34,760 - INFO - [MVP_Pipeline] - --- Processing 33/100: Amart Stores & Supermarket ---
2026-05-16 05:51:34,826 - INFO - [MVP_Pipeline] - [Amart Stores & Supermarket] Stored. DB ID: 665. Commencing analysis...
2026-05-16 05:51:34,923 - INFO - [MVP_Pipeline] - [Amart Stores & Supermarket] Pipeline completed successfully. Opportunity Score: 90.0
2026-05-16 05:51:34,923 - INFO - [MVP_Pipeline] - --- Processing 34/100: Van Heusen Men & Women Clothing Store, M.G Road - Trivandrum ---
2026-05-16 05:51:34,947 - INFO - [MVP_Pipeline] - [Van Heusen Men & Women Clothing Store, M.G Road - Trivandrum] Stored. DB ID: 666. Commencing analysis...
2026-05-16 05:51:35,094 - INFO - [MVP_Pipeline] - [Van Heusen Men & Women Clothing Store, M.G Road - Trivandrum] Pipeline completed successfully. Opportunity Score: 75.5
2026-05-16 05:51:35,095 - INFO - [MVP_Pipeline] - --- Processing 35/100: PUMA Store ---
2026-05-16 05:51:35,119 - INFO - [MVP_Pipeline] - [PUMA Store] Stored. DB ID: 667. Commencing analysis...
2026-05-16 05:51:35,267 - INFO - [MVP_Pipeline] - [PUMA Store] Pipeline completed successfully. Opportunity Score: 75.5
2026-05-16 05:51:35,267 - INFO - [MVP_Pipeline] - --- Processing 36/100: Avenue Centre Shoppe Multi Branded Shopping Complex ---
2026-05-16 05:51:35,291 - INFO - [MVP_Pipeline] - [Avenue Centre Shoppe Multi Branded Shopping Complex] Stored. DB ID: 668. Commencing analysis...
2026-05-16 05:51:35,437 - INFO - [MVP_Pipeline] - [Avenue Centre Shoppe Multi Branded Shopping Complex] Pipeline completed successfully. Opportunity Score: 75.5
2026-05-16 05:51:35,437 - INFO - [MVP_Pipeline] - --- Processing 37/100: RMC MULTISHOPPE SUPERMARKET ---
2026-05-16 05:51:35,461 - INFO - [MVP_Pipeline] - [RMC MULTISHOPPE SUPERMARKET] Stored. DB ID: 669. Commencing analysis...
2026-05-16 05:51:35,657 - INFO - [MVP_Pipeline] - [RMC MULTISHOPPE SUPERMARKET] Pipeline completed successfully. Opportunity Score: 90.0
2026-05-16 05:51:35,658 - INFO - [MVP_Pipeline] - --- Processing 38/100: Chithra Store ---
2026-05-16 05:51:35,682 - INFO - [MVP_Pipeline] - [Chithra Store] Stored. DB ID: 670. Commencing analysis...
2026-05-16 05:51:35,829 - INFO - [MVP_Pipeline] - [Chithra Store] Pipeline completed successfully. Opportunity Score: 75.5
2026-05-16 05:51:35,829 - INFO - [MVP_Pipeline] - --- Processing 39/100: Sahakarana Super Bazaar ---
2026-05-16 05:51:35,853 - INFO - [MVP_Pipeline] - [Sahakarana Super Bazaar] Stored. DB ID: 671. Commencing analysis...
2026-05-16 05:51:35,992 - INFO - [MVP_Pipeline] - [Sahakarana Super Bazaar] Pipeline completed successfully. Opportunity Score: 90.0
2026-05-16 05:51:35,992 - INFO - [MVP_Pipeline] - --- Processing 40/100: Godrej Interio - Furniture Store in Palayam, Thiruvananthapuram ---
2026-05-16 05:51:36,017 - INFO - [MVP_Pipeline] - [Godrej Interio - Furniture Store in Palayam, Thiruvananthapuram] Stored. DB ID: 672. Commencing analysis...
2026-05-16 05:51:36,163 - INFO - [MVP_Pipeline] - [Godrej Interio - Furniture Store in Palayam, Thiruvananthapuram] Pipeline completed successfully. Opportunity Score: 75.5
2026-05-16 05:51:36,164 - INFO - [MVP_Pipeline] - --- Processing 41/100: Wildcraft ---
2026-05-16 05:51:36,188 - INFO - [MVP_Pipeline] - [Wildcraft] Stored. DB ID: 673. Commencing analysis...
2026-05-16 05:51:36,335 - INFO - [MVP_Pipeline] - [Wildcraft] Pipeline completed successfully. Opportunity Score: 75.5
2026-05-16 05:51:36,335 - INFO - [MVP_Pipeline] - --- Processing 42/100: Ananth Store ---
2026-05-16 05:51:36,359 - INFO - [MVP_Pipeline] - [Ananth Store] Stored. DB ID: 674. Commencing analysis...
2026-05-16 05:51:36,459 - INFO - [MVP_Pipeline] - [Ananth Store] Pipeline completed successfully. Opportunity Score: 75.5
2026-05-16 05:51:36,459 - INFO - [MVP_Pipeline] - --- Processing 43/100: SONU Shopping Centre ---
2026-05-16 05:51:36,531 - INFO - [MVP_Pipeline] - [SONU Shopping Centre] Stored. DB ID: 675. Commencing analysis...
2026-05-16 05:51:36,628 - INFO - [MVP_Pipeline] - [SONU Shopping Centre] Pipeline completed successfully. Opportunity Score: 90.0
2026-05-16 05:51:36,629 - INFO - [MVP_Pipeline] - --- Processing 44/100: Buy 'N' Save margin free Bazaar, trivandrum ---
2026-05-16 05:51:36,653 - INFO - [MVP_Pipeline] - [Buy 'N' Save margin free Bazaar, trivandrum] Stored. DB ID: 676. Commencing analysis...
2026-05-16 05:51:36,833 - INFO - [MVP_Pipeline] - [Buy 'N' Save margin free Bazaar, trivandrum] Pipeline completed successfully. Opportunity Score: 90.0
2026-05-16 05:51:36,833 - INFO - [MVP_Pipeline] - --- Processing 45/100: Ramraj Cotton - Pattom, Thiruvananthapuram ---
2026-05-16 05:51:36,857 - INFO - [MVP_Pipeline] - [Ramraj Cotton - Pattom, Thiruvananthapuram] Stored. DB ID: 677. Commencing analysis...
2026-05-16 05:51:37,004 - INFO - [MVP_Pipeline] - [Ramraj Cotton - Pattom, Thiruvananthapuram] Pipeline completed successfully. Opportunity Score: 75.5
2026-05-16 05:51:37,004 - INFO - [MVP_Pipeline] - --- Processing 46/100: Le Panache Trivandrum ---
2026-05-16 05:51:37,029 - INFO - [MVP_Pipeline] - [Le Panache Trivandrum] Stored. DB ID: 678. Commencing analysis...
2026-05-16 05:51:37,176 - INFO - [MVP_Pipeline] - [Le Panache Trivandrum] Pipeline completed successfully. Opportunity Score: 90.0
2026-05-16 05:51:37,176 - INFO - [MVP_Pipeline] - --- Processing 47/100: kappa ---
2026-05-16 05:51:37,200 - INFO - [MVP_Pipeline] - [kappa] Stored. DB ID: 679. Commencing analysis...
2026-05-16 05:51:37,347 - INFO - [MVP_Pipeline] - [kappa] Pipeline completed successfully. Opportunity Score: 90.0
2026-05-16 05:51:37,347 - INFO - [MVP_Pipeline] - --- Processing 48/100: Organic India Store ---
2026-05-16 05:51:37,372 - INFO - [MVP_Pipeline] - [Organic India Store] Stored. DB ID: 680. Commencing analysis...
2026-05-16 05:51:37,470 - INFO - [MVP_Pipeline] - [Organic India Store] Pipeline completed successfully. Opportunity Score: 75.5
2026-05-16 05:51:37,470 - INFO - [MVP_Pipeline] - --- Processing 49/100: S.M Stores ---
2026-05-16 05:51:37,608 - INFO - [MVP_Pipeline] - [S.M Stores] Stored. DB ID: 681. Commencing analysis...
2026-05-16 05:51:37,706 - INFO - [MVP_Pipeline] - [S.M Stores] Pipeline completed successfully. Opportunity Score: 90.0
2026-05-16 05:51:37,706 - INFO - [MVP_Pipeline] - --- Processing 50/100: Samsung Experience Store Pattom ---
2026-05-16 05:51:37,731 - INFO - [MVP_Pipeline] - [Samsung Experience Store Pattom] Stored. DB ID: 682. Commencing analysis...
2026-05-16 05:51:37,878 - INFO - [MVP_Pipeline] - [Samsung Experience Store Pattom] Pipeline completed successfully. Opportunity Score: 75.5
2026-05-16 05:51:37,878 - INFO - [MVP_Pipeline] - --- Processing 51/100: Offer Bazaar ---
2026-05-16 05:51:37,902 - INFO - [MVP_Pipeline] - [Offer Bazaar] Stored. DB ID: 683. Commencing analysis...
2026-05-16 05:51:38,040 - INFO - [MVP_Pipeline] - [Offer Bazaar] Pipeline completed successfully. Opportunity Score: 90.0
2026-05-16 05:51:38,041 - INFO - [MVP_Pipeline] - --- Processing 52/100: Giant Margin Free Store ---
2026-05-16 05:51:38,065 - INFO - [MVP_Pipeline] - [Giant Margin Free Store] Stored. DB ID: 684. Commencing analysis...
2026-05-16 05:51:38,212 - INFO - [MVP_Pipeline] - [Giant Margin Free Store] Pipeline completed successfully. Opportunity Score: 90.0
2026-05-16 05:51:38,212 - INFO - [MVP_Pipeline] - --- Processing 53/100: myG Pattom ---
2026-05-16 05:51:38,236 - INFO - [MVP_Pipeline] - [myG Pattom] Stored. DB ID: 685. Commencing analysis...
2026-05-16 05:51:38,384 - INFO - [MVP_Pipeline] - [myG Pattom] Pipeline completed successfully. Opportunity Score: 75.5
2026-05-16 05:51:38,384 - INFO - [MVP_Pipeline] - --- Processing 54/100: GRIHA WHOLESALE AND RETAIL ---
2026-05-16 05:51:38,408 - INFO - [MVP_Pipeline] - [GRIHA WHOLESALE AND RETAIL] Stored. DB ID: 686. Commencing analysis...
2026-05-16 05:51:38,506 - INFO - [MVP_Pipeline] - [GRIHA WHOLESALE AND RETAIL] Pipeline completed successfully. Opportunity Score: 90.0
2026-05-16 05:51:38,506 - INFO - [MVP_Pipeline] - --- Processing 55/100: Fashion Tab ---
2026-05-16 05:51:38,579 - INFO - [MVP_Pipeline] - [Fashion Tab] Stored. DB ID: 687. Commencing analysis...
2026-05-16 05:51:38,677 - INFO - [MVP_Pipeline] - [Fashion Tab] Pipeline completed successfully. Opportunity Score: 90.0
2026-05-16 05:51:38,678 - INFO - [MVP_Pipeline] - --- Processing 56/100: BINARY The Goodlife Store ---
2026-05-16 05:51:38,702 - INFO - [MVP_Pipeline] - [BINARY The Goodlife Store] Stored. DB ID: 688. Commencing analysis...
2026-05-16 05:51:38,841 - INFO - [MVP_Pipeline] - [BINARY The Goodlife Store] Pipeline completed successfully. Opportunity Score: 90.0
2026-05-16 05:51:38,842 - INFO - [MVP_Pipeline] - --- Processing 57/100: Vanaura Organics Store Trivandrum ---
2026-05-16 05:51:38,866 - INFO - [MVP_Pipeline] - [Vanaura Organics Store Trivandrum] Stored. DB ID: 689. Commencing analysis...
2026-05-16 05:51:39,086 - INFO - [MVP_Pipeline] - [Vanaura Organics Store Trivandrum] Pipeline completed successfully. Opportunity Score: 75.5
2026-05-16 05:51:39,086 - INFO - [MVP_Pipeline] - --- Processing 58/100: Go Colors - MG Road, Trivandrum | Women's Bottom Wear Store ---
2026-05-16 05:51:39,111 - INFO - [MVP_Pipeline] - [Go Colors - MG Road, Trivandrum | Women's Bottom Wear Store] Stored. DB ID: 690. Commencing analysis...
2026-05-16 05:51:39,258 - INFO - [MVP_Pipeline] - [Go Colors - MG Road, Trivandrum | Women's Bottom Wear Store] Pipeline completed successfully. Opportunity Score: 75.5
2026-05-16 05:51:39,258 - INFO - [MVP_Pipeline] - --- Processing 59/100: Ethnic Weaves Boutique ---
2026-05-16 05:51:39,282 - INFO - [MVP_Pipeline] - [Ethnic Weaves Boutique] Stored. DB ID: 691. Commencing analysis...
2026-05-16 05:51:39,422 - INFO - [MVP_Pipeline] - [Ethnic Weaves Boutique] Pipeline completed successfully. Opportunity Score: 75.5
2026-05-16 05:51:39,422 - INFO - [MVP_Pipeline] - --- Processing 60/100: Louis Philippe - Pattom ---
2026-05-16 05:51:39,446 - INFO - [MVP_Pipeline] - [Louis Philippe - Pattom] Stored. DB ID: 692. Commencing analysis...
2026-05-16 05:51:39,595 - INFO - [MVP_Pipeline] - [Louis Philippe - Pattom] Pipeline completed successfully. Opportunity Score: 75.5
2026-05-16 05:51:39,595 - INFO - [MVP_Pipeline] - --- Processing 61/100: SM STORE ---
2026-05-16 05:51:39,618 - INFO - [MVP_Pipeline] - [SM STORE] Stored. DB ID: 693. Commencing analysis...
2026-05-16 05:51:39,765 - INFO - [MVP_Pipeline] - [SM STORE] Pipeline completed successfully. Opportunity Score: 90.0
2026-05-16 05:51:39,765 - INFO - [MVP_Pipeline] - --- Processing 62/100: JS CRAFT STORE ---
2026-05-16 05:51:39,789 - INFO - [MVP_Pipeline] - [JS CRAFT STORE] Stored. DB ID: 694. Commencing analysis...
2026-05-16 05:51:39,929 - INFO - [MVP_Pipeline] - [JS CRAFT STORE] Pipeline completed successfully. Opportunity Score: 90.0
2026-05-16 05:51:39,929 - INFO - [MVP_Pipeline] - --- Processing 63/100: Pepperfry Kesavadasapuram - Multi Brand Furniture, Mattress & Home Furnishings Shop ---
2026-05-16 05:51:39,953 - INFO - [MVP_Pipeline] - [Pepperfry Kesavadasapuram - Multi Brand Furniture, Mattress & Home Furnishings Shop] Stored. DB ID: 695. Commencing analysis...
2026-05-16 05:51:40,100 - INFO - [MVP_Pipeline] - [Pepperfry Kesavadasapuram - Multi Brand Furniture, Mattress & Home Furnishings Shop] Pipeline completed successfully. Opportunity Score: 75.5
2026-05-16 05:51:40,100 - INFO - [MVP_Pipeline] - --- Processing 64/100: More Supermarket - Marappalam ---
2026-05-16 05:51:40,124 - INFO - [MVP_Pipeline] - [More Supermarket - Marappalam] Stored. DB ID: 696. Commencing analysis...
2026-05-16 05:51:40,222 - INFO - [MVP_Pipeline] - [More Supermarket - Marappalam] Pipeline completed successfully. Opportunity Score: 75.5
2026-05-16 05:51:40,222 - INFO - [MVP_Pipeline] - --- Processing 65/100: Mahadev's Shop 'N' Save ---
2026-05-16 05:51:40,297 - INFO - [MVP_Pipeline] - [Mahadev's Shop 'N' Save] Stored. DB ID: 697. Commencing analysis...
2026-05-16 05:51:40,394 - INFO - [MVP_Pipeline] - [Mahadev's Shop 'N' Save] Pipeline completed successfully. Opportunity Score: 90.0
2026-05-16 05:51:40,394 - INFO - [MVP_Pipeline] - --- Processing 66/100: Lulu Connect ---
2026-05-16 05:51:40,418 - INFO - [MVP_Pipeline] - [Lulu Connect] Stored. DB ID: 698. Commencing analysis...
2026-05-16 05:51:40,557 - INFO - [MVP_Pipeline] - [Lulu Connect] Pipeline completed successfully. Opportunity Score: 75.5
2026-05-16 05:51:40,558 - INFO - [MVP_Pipeline] - --- Processing 67/100: S S Stores ---
2026-05-16 05:51:40,582 - INFO - [MVP_Pipeline] - [S S Stores] Stored. DB ID: 699. Commencing analysis...
2026-05-16 05:51:40,730 - INFO - [MVP_Pipeline] - [S S Stores] Pipeline completed successfully. Opportunity Score: 90.0
2026-05-16 05:51:40,730 - INFO - [MVP_Pipeline] - --- Processing 68/100: Looms & Weaves ---
2026-05-16 05:51:40,811 - INFO - [MVP_Pipeline] - [Looms & Weaves] Stored. DB ID: 700. Commencing analysis...
2026-05-16 05:51:40,958 - INFO - [MVP_Pipeline] - [Looms & Weaves] Pipeline completed successfully. Opportunity Score: 75.5
2026-05-16 05:51:40,958 - INFO - [MVP_Pipeline] - --- Processing 69/100: Keerthi Stores, HS Junction, Kachani ---
2026-05-16 05:51:40,983 - INFO - [MVP_Pipeline] - [Keerthi Stores, HS Junction, Kachani] Stored. DB ID: 701. Commencing analysis...
2026-05-16 05:51:41,171 - INFO - [MVP_Pipeline] - [Keerthi Stores, HS Junction, Kachani] Pipeline completed successfully. Opportunity Score: 90.0
2026-05-16 05:51:41,171 - INFO - [MVP_Pipeline] - --- Processing 70/100: The Haven Supermarket & Apartments ---
2026-05-16 05:51:41,195 - INFO - [MVP_Pipeline] - [The Haven Supermarket & Apartments] Stored. DB ID: 702. Commencing analysis...
2026-05-16 05:51:41,334 - INFO - [MVP_Pipeline] - [The Haven Supermarket & Apartments] Pipeline completed successfully. Opportunity Score: 75.5
2026-05-16 05:51:41,334 - INFO - [MVP_Pipeline] - --- Processing 71/100: Connemara Market, Palayam ---
2026-05-16 05:51:41,359 - INFO - [MVP_Pipeline] - [Connemara Market, Palayam] Stored. DB ID: 703. Commencing analysis...
2026-05-16 05:51:41,506 - INFO - [MVP_Pipeline] - [Connemara Market, Palayam] Pipeline completed successfully. Opportunity Score: 90.0
2026-05-16 05:51:41,506 - INFO - [MVP_Pipeline] - --- Processing 72/100: 1983 Cricket Store ---
2026-05-16 05:51:41,530 - INFO - [MVP_Pipeline] - [1983 Cricket Store] Stored. DB ID: 704. Commencing analysis...
2026-05-16 05:51:41,628 - INFO - [MVP_Pipeline] - [1983 Cricket Store] Pipeline completed successfully. Opportunity Score: 75.5
2026-05-16 05:51:41,629 - INFO - [MVP_Pipeline] - --- Processing 73/100: Renas Export Surplus ---
2026-05-16 05:51:41,702 - INFO - [MVP_Pipeline] - [Renas Export Surplus] Stored. DB ID: 705. Commencing analysis...
2026-05-16 05:51:41,801 - INFO - [MVP_Pipeline] - [Renas Export Surplus] Pipeline completed successfully. Opportunity Score: 90.0
2026-05-16 05:51:41,802 - INFO - [MVP_Pipeline] - --- Processing 74/100: ONBOARD ---
2026-05-16 05:51:41,824 - INFO - [MVP_Pipeline] - [ONBOARD] Stored. DB ID: 706. Commencing analysis...
2026-05-16 05:51:41,996 - INFO - [MVP_Pipeline] - [ONBOARD] Pipeline completed successfully. Opportunity Score: 90.0
2026-05-16 05:51:41,996 - INFO - [MVP_Pipeline] - --- Processing 75/100: INTUNE ---
2026-05-16 05:51:42,021 - INFO - [MVP_Pipeline] - [INTUNE] Stored. DB ID: 707. Commencing analysis...
2026-05-16 05:51:42,160 - INFO - [MVP_Pipeline] - [INTUNE] Pipeline completed successfully. Opportunity Score: 75.5
2026-05-16 05:51:42,160 - INFO - [MVP_Pipeline] - --- Processing 76/100: TRAVEL STORE ---
2026-05-16 05:51:42,184 - INFO - [MVP_Pipeline] - [TRAVEL STORE] Stored. DB ID: 708. Commencing analysis...
2026-05-16 05:51:42,323 - INFO - [MVP_Pipeline] - [TRAVEL STORE] Pipeline completed successfully. Opportunity Score: 90.0
2026-05-16 05:51:42,324 - INFO - [MVP_Pipeline] - --- Processing 77/100: Red Cotton by Geosam ---
2026-05-16 05:51:42,348 - INFO - [MVP_Pipeline] - [Red Cotton by Geosam] Stored. DB ID: 709. Commencing analysis...
2026-05-16 05:51:42,487 - INFO - [MVP_Pipeline] - [Red Cotton by Geosam] Pipeline completed successfully. Opportunity Score: 75.5
2026-05-16 05:51:42,487 - INFO - [MVP_Pipeline] - --- Processing 78/100: ANSONS ---
2026-05-16 05:51:42,511 - INFO - [MVP_Pipeline] - [ANSONS] Stored. DB ID: 710. Commencing analysis...
2026-05-16 05:51:42,660 - INFO - [MVP_Pipeline] - [ANSONS] Pipeline completed successfully. Opportunity Score: 90.0
2026-05-16 05:51:42,661 - INFO - [MVP_Pipeline] - --- Processing 79/100: Welgate Lifestyle ---
2026-05-16 05:51:42,684 - INFO - [MVP_Pipeline] - [Welgate Lifestyle] Stored. DB ID: 711. Commencing analysis...
2026-05-16 05:51:42,781 - INFO - [MVP_Pipeline] - [Welgate Lifestyle] Pipeline completed successfully. Opportunity Score: 75.5
2026-05-16 05:51:42,781 - INFO - [MVP_Pipeline] - --- Processing 80/100: Rural Beads- The GI Tagged Store ---
2026-05-16 05:51:42,854 - INFO - [MVP_Pipeline] - [Rural Beads- The GI Tagged Store] Stored. DB ID: 712. Commencing analysis...
2026-05-16 05:51:42,952 - INFO - [MVP_Pipeline] - [Rural Beads- The GI Tagged Store] Pipeline completed successfully. Opportunity Score: 75.5
2026-05-16 05:51:42,953 - INFO - [MVP_Pipeline] - --- Processing 81/100: Superdry Trivandrum ---
2026-05-16 05:51:42,977 - INFO - [MVP_Pipeline] - [Superdry Trivandrum] Stored. DB ID: 713. Commencing analysis...
2026-05-16 05:51:43,149 - INFO - [MVP_Pipeline] - [Superdry Trivandrum] Pipeline completed successfully. Opportunity Score: 75.5
2026-05-16 05:51:43,149 - INFO - [MVP_Pipeline] - --- Processing 82/100: Ali Shopping Mall ---
2026-05-16 05:51:43,173 - INFO - [MVP_Pipeline] - [Ali Shopping Mall] Stored. DB ID: 714. Commencing analysis...
2026-05-16 05:51:43,312 - INFO - [MVP_Pipeline] - [Ali Shopping Mall] Pipeline completed successfully. Opportunity Score: 90.0
2026-05-16 05:51:43,312 - INFO - [MVP_Pipeline] - --- Processing 83/100: Kunnil Hypermarket ---
2026-05-16 05:51:43,337 - INFO - [MVP_Pipeline] - [Kunnil Hypermarket] Stored. DB ID: 715. Commencing analysis...
2026-05-16 05:51:43,502 - INFO - [MVP_Pipeline] - [Kunnil Hypermarket] Pipeline completed successfully. Opportunity Score: 75.5
2026-05-16 05:51:43,503 - INFO - [MVP_Pipeline] - --- Processing 84/100: Ramachandran Thirumala ---
2026-05-16 05:51:43,525 - INFO - [MVP_Pipeline] - [Ramachandran Thirumala] Stored. DB ID: 716. Commencing analysis...
2026-05-16 05:51:43,672 - INFO - [MVP_Pipeline] - [Ramachandran Thirumala] Pipeline completed successfully. Opportunity Score: 75.5
2026-05-16 05:51:43,672 - INFO - [MVP_Pipeline] - --- Processing 85/100: Nandilath G-Mart ---
2026-05-16 05:51:43,697 - INFO - [MVP_Pipeline] - [Nandilath G-Mart] Stored. DB ID: 717. Commencing analysis...
2026-05-16 05:51:43,795 - INFO - [MVP_Pipeline] - [Nandilath G-Mart] Pipeline completed successfully. Opportunity Score: 75.5
2026-05-16 05:51:43,795 - INFO - [MVP_Pipeline] - --- Processing 86/100: Salim Store ---
2026-05-16 05:51:43,893 - INFO - [MVP_Pipeline] - [Salim Store] Stored. DB ID: 718. Commencing analysis...
2026-05-16 05:51:44,013 - INFO - [MVP_Pipeline] - [Salim Store] Pipeline completed successfully. Opportunity Score: 90.0
2026-05-16 05:51:44,013 - INFO - [MVP_Pipeline] - --- Processing 87/100: Vibe Company ---
2026-05-16 05:51:44,118 - INFO - [MVP_Pipeline] - [Vibe Company] Stored. DB ID: 281. Commencing analysis...
2026-05-16 05:51:44,236 - INFO - [MVP_Pipeline] - [Vibe Company] Pipeline completed successfully. Opportunity Score: 90.0
2026-05-16 05:51:44,236 - INFO - [MVP_Pipeline] - --- Processing 88/100: August ---
2026-05-16 05:51:44,301 - INFO - [MVP_Pipeline] - [August] Stored. DB ID: 720. Commencing analysis...
2026-05-16 05:51:44,399 - INFO - [MVP_Pipeline] - [August] Pipeline completed successfully. Opportunity Score: 75.5
2026-05-16 05:51:44,399 - INFO - [MVP_Pipeline] - --- Processing 89/100: Supreme Gourmet ---
2026-05-16 05:51:44,424 - INFO - [MVP_Pipeline] - [Supreme Gourmet] Stored. DB ID: 721. Commencing analysis...
2026-05-16 05:51:44,571 - INFO - [MVP_Pipeline] - [Supreme Gourmet] Pipeline completed successfully. Opportunity Score: 75.5
2026-05-16 05:51:44,571 - INFO - [MVP_Pipeline] - --- Processing 90/100: Asha Store ---
2026-05-16 05:51:44,595 - INFO - [MVP_Pipeline] - [Asha Store] Stored. DB ID: 722. Commencing analysis...
2026-05-16 05:51:44,734 - INFO - [MVP_Pipeline] - [Asha Store] Pipeline completed successfully. Opportunity Score: 90.0
2026-05-16 05:51:44,735 - INFO - [MVP_Pipeline] - --- Processing 91/100: TVMKart.com | Online Stationery Store in Trivandrum ---
2026-05-16 05:51:44,759 - INFO - [MVP_Pipeline] - [TVMKart.com | Online Stationery Store in Trivandrum] Stored. DB ID: 723. Commencing analysis...
2026-05-16 05:51:44,988 - INFO - [MVP_Pipeline] - [TVMKart.com | Online Stationery Store in Trivandrum] Pipeline completed successfully. Opportunity Score: 75.5
2026-05-16 05:51:44,988 - INFO - [MVP_Pipeline] - --- Processing 92/100: All The Plus Size Store ---
2026-05-16 05:51:45,029 - INFO - [MVP_Pipeline] - [All The Plus Size Store] Stored. DB ID: 724. Commencing analysis...
2026-05-16 05:51:45,233 - INFO - [MVP_Pipeline] - [All The Plus Size Store] Pipeline completed successfully. Opportunity Score: 90.0
2026-05-16 05:51:45,233 - INFO - [MVP_Pipeline] - --- Processing 93/100: Bata Shoe Store ---
2026-05-16 05:51:45,274 - INFO - [MVP_Pipeline] - [Bata Shoe Store] Stored. DB ID: 725. Commencing analysis...
2026-05-16 05:51:45,486 - INFO - [MVP_Pipeline] - [Bata Shoe Store] Pipeline completed successfully. Opportunity Score: 75.5
2026-05-16 05:51:45,487 - INFO - [MVP_Pipeline] - --- Processing 94/100: Utsa by Westside - Kuravankonam Thiruvananthapuram ---
2026-05-16 05:51:45,528 - INFO - [MVP_Pipeline] - [Utsa by Westside - Kuravankonam Thiruvananthapuram] Stored. DB ID: 726. Commencing analysis...
2026-05-16 05:51:45,731 - INFO - [MVP_Pipeline] - [Utsa by Westside - Kuravankonam Thiruvananthapuram] Pipeline completed successfully. Opportunity Score: 90.0
2026-05-16 05:51:45,732 - INFO - [MVP_Pipeline] - --- Processing 95/100: Pattoor Stores ---
2026-05-16 05:51:45,773 - INFO - [MVP_Pipeline] - [Pattoor Stores] Stored. DB ID: 727. Commencing analysis...
2026-05-16 05:51:45,961 - INFO - [MVP_Pipeline] - [Pattoor Stores] Pipeline completed successfully. Opportunity Score: 90.0
2026-05-16 05:51:45,961 - INFO - [MVP_Pipeline] - --- Processing 96/100: Malankara Avenue ---
2026-05-16 05:51:46,002 - INFO - [MVP_Pipeline] - [Malankara Avenue] Stored. DB ID: 728. Commencing analysis...
2026-05-16 05:51:46,165 - INFO - [MVP_Pipeline] - [Malankara Avenue] Pipeline completed successfully. Opportunity Score: 90.0
2026-05-16 05:51:46,165 - INFO - [MVP_Pipeline] - --- Processing 97/100: Aasco Grand mart discount bazar ---
2026-05-16 05:51:46,247 - INFO - [MVP_Pipeline] - [Aasco Grand mart discount bazar] Stored. DB ID: 729. Commencing analysis...
2026-05-16 05:51:46,411 - INFO - [MVP_Pipeline] - [Aasco Grand mart discount bazar] Pipeline completed successfully. Opportunity Score: 90.0
2026-05-16 05:51:46,412 - INFO - [MVP_Pipeline] - --- Processing 98/100: LOYALCITY Supermarket ---
2026-05-16 05:51:46,451 - INFO - [MVP_Pipeline] - [LOYALCITY Supermarket] Stored. DB ID: 730. Commencing analysis...
2026-05-16 05:51:46,655 - INFO - [MVP_Pipeline] - [LOYALCITY Supermarket] Pipeline completed successfully. Opportunity Score: 75.5
2026-05-16 05:51:46,655 - INFO - [MVP_Pipeline] - --- Processing 99/100: Prestige Xclusive - Pattom, Thiruvananthapuram ---
2026-05-16 05:51:46,696 - INFO - [MVP_Pipeline] - [Prestige Xclusive - Pattom, Thiruvananthapuram] Stored. DB ID: 731. Commencing analysis...
2026-05-16 05:51:46,901 - INFO - [MVP_Pipeline] - [Prestige Xclusive - Pattom, Thiruvananthapuram] Pipeline completed successfully. Opportunity Score: 75.5
2026-05-16 05:51:46,901 - INFO - [MVP_Pipeline] - --- Processing 100/100: KUNNIL SUPERMARKET THIRUMALA ---
2026-05-16 05:51:46,941 - INFO - [MVP_Pipeline] - [KUNNIL SUPERMARKET THIRUMALA] Stored. DB ID: 732. Commencing analysis...
2026-05-16 05:51:47,178 - INFO - [MVP_Pipeline] - [KUNNIL SUPERMARKET THIRUMALA] Pipeline completed successfully. Opportunity Score: 90.0
2026-05-16 05:51:47,178 - INFO - [MVP_Pipeline] - ========== PIPELINE FINISHED ==========
2026-05-16 05:51:47,178 - INFO - [MVP_Pipeline] - Successfully processed 100/100 businesses end-to-end.
2026-05-16 05:51:47,181 - INFO - [MVP_Pipeline] - Identified 3 high-priority leads:
2026-05-16 05:51:47,182 - INFO - [MVP_Pipeline] - - Dr.Nathanis Diagnostic Clinic (90.00/100 opportunity)
2026-05-16 05:51:47,182 - INFO - [MVP_Pipeline] - - Dr.Nathanis Diagnostic Clinic (90.00/100 opportunity)
2026-05-16 05:51:47,182 - INFO - [MVP_Pipeline] - - Aryaas Park Veg Restaurant (90.00/100 opportunity)
2026-05-16 05:51:47,182 - INFO - [MVP_Pipeline] - Executing search for: 'agencies in Thiruvananthapuram, kerala, India'
2026-05-16 05:51:47,182 - INFO - [MVP_Pipeline] - ========== PIPELINE STARTED: 'agencies in Thiruvananthapuram, kerala, India' ==========
2026-05-16 05:51:47,182 - INFO - [MVP_Pipeline] - Phase 1: Scraping Google Maps...
2026-05-16 12:21:41,396 - INFO - [MVP_Pipeline] - Starting pipeline. Location: ''. Categories: 9. Limit per category: 3
2026-05-16 12:21:41,472 - INFO - [MVP_Pipeline] - Initializing Pipeline Modules...
2026-05-16 12:21:42,357 - INFO - [MVP_Pipeline] - Verifying database schema...
2026-05-16 12:21:42,894 - INFO - [MVP_Pipeline] - Executing search for: 'companies'
2026-05-16 12:21:42,894 - INFO - [MVP_Pipeline] - ========== PIPELINE STARTED: 'companies' ==========
2026-05-16 12:21:42,894 - INFO - [MVP_Pipeline] - Phase 1: Scraping Google Maps...
2026-05-16 12:23:11,107 - INFO - [MVP_Pipeline] - Starting pipeline. Location: ''. Categories: 9. Limit per category: 3
2026-05-16 12:23:11,107 - INFO - [MVP_Pipeline] - Initializing Pipeline Modules...
2026-05-16 12:23:11,117 - INFO - [MVP_Pipeline] - Verifying database schema...
2026-05-16 12:23:11,120 - INFO - [MVP_Pipeline] - Executing search for: 'companies'
2026-05-16 12:23:11,120 - INFO - [MVP_Pipeline] - ========== PIPELINE STARTED: 'companies' ==========
2026-05-16 12:23:11,120 - INFO - [MVP_Pipeline] - Phase 1: Scraping Google Maps...
2026-05-16 12:24:16,306 - INFO - [MVP_Pipeline] - Scraped 3 businesses. Moving to processing phase.
2026-05-16 12:24:16,306 - INFO - [MVP_Pipeline] - --- Processing 1/3: Shopalyst Technologies Pvt Ltd ---
2026-05-16 12:24:16,692 - INFO - [MVP_Pipeline] - [Shopalyst Technologies Pvt Ltd] Stored. DB ID: 587. Commencing analysis...
2026-05-16 12:24:17,258 - INFO - [MVP_Pipeline] - [Shopalyst Technologies Pvt Ltd] Pipeline completed successfully. Opportunity Score: 75.5
2026-05-16 12:24:17,258 - INFO - [MVP_Pipeline] - --- Processing 2/3: Septagon Builders and Developers Pvt Ltd ---
2026-05-16 12:24:17,331 - INFO - [MVP_Pipeline] - [Septagon Builders and Developers Pvt Ltd] Stored. DB ID: 734. Commencing analysis...
2026-05-16 12:24:17,492 - INFO - [MVP_Pipeline] - [Septagon Builders and Developers Pvt Ltd] Pipeline completed successfully. Opportunity Score: 90.0
2026-05-16 12:24:17,492 - INFO - [MVP_Pipeline] - --- Processing 3/3: Preigo Fover Technologies ---
2026-05-16 12:24:17,525 - INFO - [MVP_Pipeline] - [Preigo Fover Technologies] Stored. DB ID: 735. Commencing analysis...
2026-05-16 12:24:17,654 - INFO - [MVP_Pipeline] - [Preigo Fover Technologies] Pipeline completed successfully. Opportunity Score: 75.5
2026-05-16 12:24:17,654 - INFO - [MVP_Pipeline] - ========== PIPELINE FINISHED ==========
2026-05-16 12:24:17,655 - INFO - [MVP_Pipeline] - Successfully processed 3/3 businesses end-to-end.
2026-05-16 12:24:17,795 - INFO - [MVP_Pipeline] - Identified 3 high-priority leads:
2026-05-16 12:24:17,795 - INFO - [MVP_Pipeline] - - Dr.Nathanis Diagnostic Clinic (90.00/100 opportunity)
2026-05-16 12:24:17,795 - INFO - [MVP_Pipeline] - - Dr.Nathanis Diagnostic Clinic (90.00/100 opportunity)
2026-05-16 12:24:17,796 - INFO - [MVP_Pipeline] - - Aryaas Park Veg Restaurant (90.00/100 opportunity)
2026-05-16 12:24:17,796 - INFO - [MVP_Pipeline] - Executing search for: 'shops'
2026-05-16 12:24:17,796 - INFO - [MVP_Pipeline] - ========== PIPELINE STARTED: 'shops' ==========
2026-05-16 12:24:17,796 - INFO - [MVP_Pipeline] - Phase 1: Scraping Google Maps...
2026-05-16 12:24:25,607 - WARNING - [MVP_Pipeline] - No businesses scraped. Pipeline halting.
2026-05-16 12:24:25,607 - INFO - [MVP_Pipeline] - Executing search for: 'hospitals'
2026-05-16 12:24:25,607 - INFO - [MVP_Pipeline] - ========== PIPELINE STARTED: 'hospitals' ==========
2026-05-16 12:24:25,607 - INFO - [MVP_Pipeline] - Phase 1: Scraping Google Maps...
2026-05-16 12:24:33,243 - WARNING - [MVP_Pipeline] - No businesses scraped. Pipeline halting.
2026-05-16 12:24:33,243 - INFO - [MVP_Pipeline] - Executing search for: 'clinics'
2026-05-16 12:24:33,244 - INFO - [MVP_Pipeline] - ========== PIPELINE STARTED: 'clinics' ==========
2026-05-16 12:24:33,244 - INFO - [MVP_Pipeline] - Phase 1: Scraping Google Maps...
2026-05-17 12:13:23,797 - INFO - [MVP_Pipeline] - Starting pipeline. Location: ''. Categories: 9. Limit per category: 3
2026-05-17 12:13:23,807 - INFO - [MVP_Pipeline] - Initializing Pipeline Modules...
2026-05-17 12:13:24,002 - INFO - [MVP_Pipeline] - Verifying database schema...
2026-05-17 12:13:24,224 - INFO - [MVP_Pipeline] - Executing search for: 'companies'
2026-05-17 12:13:24,224 - INFO - [MVP_Pipeline] - ========== PIPELINE STARTED: 'companies' ==========
2026-05-17 12:13:24,224 - INFO - [MVP_Pipeline] - Phase 1: Scraping Google Maps...
2026-05-17 12:14:55,444 - INFO - [MVP_Pipeline] - Scraped 3 businesses. Moving to processing phase.
2026-05-17 12:14:55,444 - INFO - [MVP_Pipeline] - --- Processing 1/3: i-Cons Technologies ---
2026-05-17 12:14:55,628 - INFO - [MVP_Pipeline] - [i-Cons Technologies] Stored. DB ID: 736. Commencing analysis...
2026-05-17 12:14:56,320 - INFO - [MVP_Pipeline] - [i-Cons Technologies] Pipeline completed successfully. Opportunity Score: 75.5
2026-05-17 12:14:56,321 - INFO - [MVP_Pipeline] - --- Processing 2/3: Global Solutions ---
2026-05-17 12:14:56,387 - INFO - [MVP_Pipeline] - [Global Solutions] Stored. DB ID: 737. Commencing analysis...
2026-05-17 12:14:56,587 - INFO - [MVP_Pipeline] - [Global Solutions] Pipeline completed successfully. Opportunity Score: 90.0
2026-05-17 12:14:56,587 - INFO - [MVP_Pipeline] - --- Processing 3/3: BPO Integra India Private Limited ---
2026-05-17 12:14:56,639 - INFO - [MVP_Pipeline] - [BPO Integra India Private Limited] Stored. DB ID: 738. Commencing analysis...
2026-05-17 12:14:56,812 - INFO - [MVP_Pipeline] - [BPO Integra India Private Limited] Pipeline completed successfully. Opportunity Score: 75.5
2026-05-17 12:14:56,812 - INFO - [MVP_Pipeline] - ========== PIPELINE FINISHED ==========
2026-05-17 12:14:56,812 - INFO - [MVP_Pipeline] - Successfully processed 3/3 businesses end-to-end.
2026-05-17 12:14:56,881 - INFO - [MVP_Pipeline] - Identified 3 high-priority leads:
2026-05-17 12:14:56,881 - INFO - [MVP_Pipeline] - - Dr.Nathanis Diagnostic Clinic (90.00/100 opportunity)
2026-05-17 12:14:56,881 - INFO - [MVP_Pipeline] - - Dr.Nathanis Diagnostic Clinic (90.00/100 opportunity)
2026-05-17 12:14:56,881 - INFO - [MVP_Pipeline] - - Aryaas Park Veg Restaurant (90.00/100 opportunity)
2026-05-17 12:14:56,881 - INFO - [MVP_Pipeline] - Executing search for: 'shops'
2026-05-17 12:14:56,881 - INFO - [MVP_Pipeline] - ========== PIPELINE STARTED: 'shops' ==========
2026-05-17 12:14:56,881 - INFO - [MVP_Pipeline] - Phase 1: Scraping Google Maps...
2026-05-17 13:36:13,316 - INFO - [MVP_Pipeline] - Starting pipeline. Location: ''. Categories: 1. Limit per category: 1
2026-05-17 13:36:13,316 - INFO - [MVP_Pipeline] - Initializing Pipeline Modules...
2026-05-17 13:36:13,335 - INFO - [MVP_Pipeline] - Verifying database schema...
2026-05-17 13:36:13,541 - INFO - [MVP_Pipeline] - Executing search for: 'Dentist in Trivandrum'
2026-05-17 13:36:13,541 - INFO - [MVP_Pipeline] - ========== PIPELINE STARTED: 'Dentist in Trivandrum' ==========
2026-05-17 13:36:13,541 - INFO - [MVP_Pipeline] - Phase 1: Scraping Google Maps...
2026-05-17 13:37:16,528 - INFO - [MVP_Pipeline] - Scraped 1 businesses. Moving to processing phase.
2026-05-17 13:37:16,528 - INFO - [MVP_Pipeline] - --- Processing 1/1: DR AKHIL'S SMILE CONCEPTS DENTAL CARE & IMPLANT CENTRE ---
2026-05-17 13:37:16,766 - INFO - [MVP_Pipeline] - [DR AKHIL'S SMILE CONCEPTS DENTAL CARE & IMPLANT CENTRE] Stored. DB ID: 739. Commencing analysis...
2026-05-17 13:37:17,513 - INFO - [MVP_Pipeline] - [DR AKHIL'S SMILE CONCEPTS DENTAL CARE & IMPLANT CENTRE] Pipeline completed successfully. Opportunity Score: 75.5
2026-05-17 13:37:17,513 - INFO - [MVP_Pipeline] - ========== PIPELINE FINISHED ==========
2026-05-17 13:37:17,513 - INFO - [MVP_Pipeline] - Successfully processed 1/1 businesses end-to-end.
2026-05-17 13:37:17,683 - INFO - [MVP_Pipeline] - Identified 3 high-priority leads:
2026-05-17 13:37:17,683 - INFO - [MVP_Pipeline] - - Dr.Nathanis Diagnostic Clinic (90.00/100 opportunity)
2026-05-17 13:37:17,683 - INFO - [MVP_Pipeline] - - Dr.Nathanis Diagnostic Clinic (90.00/100 opportunity)
2026-05-17 13:37:17,683 - INFO - [MVP_Pipeline] - - Aryaas Park Veg Restaurant (90.00/100 opportunity)
2026-05-17 14:00:51,514 - INFO - [MVP_Pipeline] - Starting pipeline. Location: ''. Categories: 1. Limit per category: 1
2026-05-17 14:00:51,515 - INFO - [MVP_Pipeline] - Initializing Pipeline Modules...
2026-05-17 14:00:51,532 - INFO - [MVP_Pipeline] - Verifying database schema...
2026-05-17 14:00:52,749 - INFO - [MVP_Pipeline] - Executing search for: 'Dentist in Trivandrum'
2026-05-17 14:00:52,749 - INFO - [MVP_Pipeline] - ========== PIPELINE STARTED: 'Dentist in Trivandrum' ==========
2026-05-17 14:00:52,749 - INFO - [MVP_Pipeline] - Phase 1: Scraping Google Maps...
2026-05-17 14:02:02,741 - INFO - [MVP_Pipeline] - Scraped 1 businesses. Moving to processing phase.
2026-05-17 14:02:02,741 - INFO - [MVP_Pipeline] - --- Processing 1/1: DR AKHIL'S SMILE CONCEPTS DENTAL CARE & IMPLANT CENTRE ---
2026-05-17 14:02:02,815 - INFO - [MVP_Pipeline] - [DR AKHIL'S SMILE CONCEPTS DENTAL CARE & IMPLANT CENTRE] Stored. DB ID: 739. Commencing analysis...
2026-05-17 14:02:03,007 - INFO - [MVP_Pipeline] - [DR AKHIL'S SMILE CONCEPTS DENTAL CARE & IMPLANT CENTRE] Scanning website tech stack...
2026-05-17 14:02:03,056 - INFO - [MVP_Pipeline] - [DR AKHIL'S SMILE CONCEPTS DENTAL CARE & IMPLANT CENTRE] Crawling website for email addresses...
2026-05-17 14:02:03,107 - INFO - [MVP_Pipeline] - [DR AKHIL'S SMILE CONCEPTS DENTAL CARE & IMPLANT CENTRE] Pipeline completed successfully. Opportunity Score: 75.5
2026-05-17 14:02:03,107 - INFO - [MVP_Pipeline] - ========== PIPELINE FINISHED ==========
2026-05-17 14:02:03,107 - INFO - [MVP_Pipeline] - Successfully processed 1/1 businesses end-to-end.
2026-05-17 14:02:03,113 - INFO - [MVP_Pipeline] - Identified 3 high-priority leads:
2026-05-17 14:02:03,113 - INFO - [MVP_Pipeline] - - Dr.Nathanis Diagnostic Clinic (90.00/100 opportunity)
2026-05-17 14:02:03,113 - INFO - [MVP_Pipeline] - - Dr.Nathanis Diagnostic Clinic (90.00/100 opportunity)
2026-05-17 14:02:03,113 - INFO - [MVP_Pipeline] - - Aryaas Park Veg Restaurant (90.00/100 opportunity)
2026-05-17 14:02:21,507 - INFO - [MVP_Pipeline] - Starting pipeline. Location: ''. Categories: 1. Limit per category: 1
2026-05-17 14:02:21,507 - INFO - [MVP_Pipeline] - Initializing Pipeline Modules...
2026-05-17 14:02:21,518 - INFO - [MVP_Pipeline] - Verifying database schema...
2026-05-17 14:02:21,522 - INFO - [MVP_Pipeline] - Executing search for: 'Dentist in Trivandrum'
2026-05-17 14:02:21,533 - INFO - [MVP_Pipeline] - ========== PIPELINE STARTED: 'Dentist in Trivandrum' ==========
2026-05-17 14:02:21,533 - INFO - [MVP_Pipeline] - Phase 1: Scraping Google Maps...
2026-05-17 14:02:58,401 - INFO - [MVP_Pipeline] - Scraped 1 businesses. Moving to processing phase.
2026-05-17 14:02:58,401 - INFO - [MVP_Pipeline] - --- Processing 1/1: DR AKHIL'S SMILE CONCEPTS DENTAL CARE & IMPLANT CENTRE ---
2026-05-17 14:02:58,478 - INFO - [MVP_Pipeline] - [DR AKHIL'S SMILE CONCEPTS DENTAL CARE & IMPLANT CENTRE] Stored. DB ID: 739. Commencing analysis...
2026-05-17 14:02:59,211 - INFO - [MVP_Pipeline] - [DR AKHIL'S SMILE CONCEPTS DENTAL CARE & IMPLANT CENTRE] Scanning website tech stack...
2026-05-17 14:02:59,253 - INFO - [MVP_Pipeline] - [DR AKHIL'S SMILE CONCEPTS DENTAL CARE & IMPLANT CENTRE] Crawling website for email addresses...
2026-05-17 14:02:59,302 - INFO - [MVP_Pipeline] - [DR AKHIL'S SMILE CONCEPTS DENTAL CARE & IMPLANT CENTRE] Pipeline completed successfully. Opportunity Score: 30.5
2026-05-17 14:02:59,303 - INFO - [MVP_Pipeline] - ========== PIPELINE FINISHED ==========
2026-05-17 14:02:59,303 - INFO - [MVP_Pipeline] - Successfully processed 1/1 businesses end-to-end.
2026-05-17 14:02:59,306 - INFO - [MVP_Pipeline] - Identified 3 high-priority leads:
2026-05-17 14:02:59,306 - INFO - [MVP_Pipeline] - - Dr.Nathanis Diagnostic Clinic (90.00/100 opportunity)
2026-05-17 14:02:59,306 - INFO - [MVP_Pipeline] - - Dr.Nathanis Diagnostic Clinic (90.00/100 opportunity)
2026-05-17 14:02:59,306 - INFO - [MVP_Pipeline] - - Aryaas Park Veg Restaurant (90.00/100 opportunity)
2026-05-17 14:03:09,541 - INFO - [MVP_Pipeline] - Starting pipeline. Location: ''. Categories: 1. Limit per category: 1
2026-05-17 14:03:09,541 - INFO - [MVP_Pipeline] - Initializing Pipeline Modules...
2026-05-17 14:03:09,553 - INFO - [MVP_Pipeline] - Verifying database schema...
2026-05-17 14:03:09,557 - INFO - [MVP_Pipeline] - Executing search for: 'Dentist in Trivandrum'
2026-05-17 14:03:09,557 - INFO - [MVP_Pipeline] - ========== PIPELINE STARTED: 'Dentist in Trivandrum' ==========
2026-05-17 14:03:09,557 - INFO - [MVP_Pipeline] - Phase 1: Scraping Google Maps...
2026-05-17 14:03:48,715 - INFO - [MVP_Pipeline] - Scraped 1 businesses. Moving to processing phase.
2026-05-17 14:03:48,715 - INFO - [MVP_Pipeline] - --- Processing 1/1: DR AKHIL'S SMILE CONCEPTS DENTAL CARE & IMPLANT CENTRE ---
2026-05-17 14:03:48,800 - INFO - [MVP_Pipeline] - [DR AKHIL'S SMILE CONCEPTS DENTAL CARE & IMPLANT CENTRE] Stored. DB ID: 739. Commencing analysis...
2026-05-17 14:03:49,283 - INFO - [MVP_Pipeline] - [DR AKHIL'S SMILE CONCEPTS DENTAL CARE & IMPLANT CENTRE] Scanning website tech stack for https://smileconceptsdentalcare.com/...
2026-05-17 14:03:49,625 - INFO - [MVP_Pipeline] - [DR AKHIL'S SMILE CONCEPTS DENTAL CARE & IMPLANT CENTRE] Crawling website for email addresses on https://smileconceptsdentalcare.com/...
2026-05-17 14:03:50,757 - INFO - [MVP_Pipeline] - [DR AKHIL'S SMILE CONCEPTS DENTAL CARE & IMPLANT CENTRE] Pipeline completed successfully. Opportunity Score: 30.5
2026-05-17 14:03:50,758 - INFO - [MVP_Pipeline] - ========== PIPELINE FINISHED ==========
2026-05-17 14:03:50,758 - INFO - [MVP_Pipeline] - Successfully processed 1/1 businesses end-to-end.
2026-05-17 14:03:50,761 - INFO - [MVP_Pipeline] - Identified 3 high-priority leads:
2026-05-17 14:03:50,761 - INFO - [MVP_Pipeline] - - Dr.Nathanis Diagnostic Clinic (90.00/100 opportunity)
2026-05-17 14:03:50,761 - INFO - [MVP_Pipeline] - - Dr.Nathanis Diagnostic Clinic (90.00/100 opportunity)
2026-05-17 14:03:50,761 - INFO - [MVP_Pipeline] - - Aryaas Park Veg Restaurant (90.00/100 opportunity)
